-- MySQL dump 10.13  Distrib 8.0.34, for Win64 (x86_64)
--
-- Host: k10e103.p.ssafy.io    Database: sinabro
-- ------------------------------------------------------
-- Server version	8.3.0

/*!40101 SET @OLD_CHARACTER_SET_CLIENT=@@CHARACTER_SET_CLIENT */;
/*!40101 SET @OLD_CHARACTER_SET_RESULTS=@@CHARACTER_SET_RESULTS */;
/*!40101 SET @OLD_COLLATION_CONNECTION=@@COLLATION_CONNECTION */;
/*!50503 SET NAMES utf8 */;
/*!40103 SET @OLD_TIME_ZONE=@@TIME_ZONE */;
/*!40103 SET TIME_ZONE='+00:00' */;
/*!40014 SET @OLD_UNIQUE_CHECKS=@@UNIQUE_CHECKS, UNIQUE_CHECKS=0 */;
/*!40014 SET @OLD_FOREIGN_KEY_CHECKS=@@FOREIGN_KEY_CHECKS, FOREIGN_KEY_CHECKS=0 */;
/*!40101 SET @OLD_SQL_MODE=@@SQL_MODE, SQL_MODE='NO_AUTO_VALUE_ON_ZERO' */;
/*!40111 SET @OLD_SQL_NOTES=@@SQL_NOTES, SQL_NOTES=0 */;

--
-- Table structure for table `board`
--

DROP TABLE IF EXISTS `board`;
/*!40101 SET @saved_cs_client     = @@character_set_client */;
/*!50503 SET character_set_client = utf8mb4 */;
CREATE TABLE `board` (
  `board_id` int NOT NULL AUTO_INCREMENT,
  `created_dttm` datetime(6) DEFAULT NULL,
  `updated_dttm` datetime(6) DEFAULT NULL,
  `board_content` varchar(15000) DEFAULT NULL,
  `board_img` varchar(255) DEFAULT NULL,
  `board_tag` json DEFAULT NULL,
  `board_title` varchar(200) DEFAULT NULL,
  `community_progress` tinyint DEFAULT NULL,
  `project_link` varchar(500) DEFAULT NULL,
  `required_people_back_end` int DEFAULT '0',
  `required_people_front_end` int DEFAULT '0',
  `member_id` int DEFAULT NULL,
  `project_id` int DEFAULT NULL,
  `subcategory_id` int DEFAULT NULL,
  `recruited_people_back_end` int DEFAULT '0',
  `recruited_people_front_end` int DEFAULT '0',
  `required_people_full_stack` int DEFAULT NULL,
  PRIMARY KEY (`board_id`),
  KEY `FKsds8ox89wwf6aihinar49rmfy` (`member_id`),
  KEY `FKglbcvvdfyhb68effa48t894ib` (`project_id`),
  KEY `FKt56hyuppfpo7qxfaylev77pub` (`subcategory_id`),
  CONSTRAINT `FKglbcvvdfyhb68effa48t894ib` FOREIGN KEY (`project_id`) REFERENCES `project` (`project_id`),
  CONSTRAINT `FKsds8ox89wwf6aihinar49rmfy` FOREIGN KEY (`member_id`) REFERENCES `member` (`member_id`),
  CONSTRAINT `FKt56hyuppfpo7qxfaylev77pub` FOREIGN KEY (`subcategory_id`) REFERENCES `sub_category` (`sub_category_id`)
) ENGINE=InnoDB AUTO_INCREMENT=60 DEFAULT CHARSET=utf8mb4 COLLATE=utf8mb4_0900_ai_ci;
/*!40101 SET character_set_client = @saved_cs_client */;

--
-- Dumping data for table `board`
--

LOCK TABLES `board` WRITE;
/*!40000 ALTER TABLE `board` DISABLE KEYS */;
INSERT INTO `board` VALUES (42,'2024-05-14 16:27:07.805387','2024-05-14 16:27:40.569665','<p>안녕하세요! 저는 XASDW팀 기획자입니다 ☺</p><p>현재 기획과 디자인 단계 마무리하고, 개발 단계입니다. 저희 XASDW팀과 함께하실 <strong>Flutter </strong>개발자님을 찾고 있습니다 ✨</p><p>​</p><p>? XASDW앱소개</p><p>XASDW는 다양한 필요에 맞춰 맞춤형으로 제공되는 서비스를 통해 더 나은 삶을 돕고자 합니다.&nbsp;</p><p>​</p><p>? 모집 포지션</p><p>앱 개발 - 프론트엔드(1명)</p><p>​</p><p>? 기술 스택</p><p>Flutter</p><p>​</p><p>? 현재 팀원 구성</p><p>기획자 2명, 디자이너 2명, 백엔드 1명, 프론트엔드 1명</p><p>&nbsp;</p><p>☎️ 연락</p><p>Lorem Ipsum&nbsp;is simply dummy</p><p>* 프로젝트에 대해 궁금한 것이 있다면 편하게 연락주세요!</p>','https://firebase.com/v4/jbbbejqhuabsaskdb.jpg','[{\"subCategoryName\": \"Flutter\"}, {\"subCategoryName\": \"\"}, {\"subCategoryName\": \"\"}]','[사이드 프로젝트 - 프론트엔드] 같이 팀 프로젝트 진행하실 flutter 개발자님 찾습니다! ?',1,NULL,1,1,69569809,17,401,1,0,NULL),(49,'2024-05-18 00:05:47.233263','2024-05-18 00:21:23.298864','<p>안녕하세요! OpenAI에서 SSAFY 부울경 3팀에게 협업을 요청합니다.?</p><p>저희 팀은 현재 기획과 디자인 단계를 마치고, 개발 단계로 넘어가고 있습니다. 함께할 React 프론트엔드 개발자님을 모시고자 합니다! ?</p><p>? <strong>XASDW 앱 소개</strong></p><p>XASDW는 다양한 요구에 맞춘 맞춤형 서비스를 제공하여 더 나은 삶을 지원하는 앱입니다.</p><p>?‍? <strong>모집 포지션</strong></p><p>프론트엔드 개발자 - 2명<br>백엔드 개발자 - 1명</p><p>?️ <strong>기술 스택</strong></p><p>React</p><p>Redux</p><p>Firebase</p><p>Code-Server</p><p>SonarQube</p><p>PortOne</p><p>Neo4j</p><p>Redis</p><p>&nbsp;</p><p>? <strong>현재 팀 구성</strong></p><ul><li>기획자 2명</li><li>디자이너 2명</li><li>백엔드 개발자 1명</li></ul><p>? <strong>연락처</strong></p><p>문의는 디엠 부탁드릴게요 ?</p><p>? 프로젝트에 대해 궁금한 점이 있으시면 언제든지 편하게 연락주세요!</p>','https://firebase.com/v4/jbbbejqhuabsaskdb.jpg','[{\"subCategoryName\": \"NLP\"}, {\"subCategoryName\": \"AI\"}, {\"subCategoryName\": \"BACKEND\"}, {\"subCategoryName\": \"FRONTEND\"}, {\"subCategoryName\": \"SINABRO\"}, {\"subCategoryName\": \"AWESOME\"}, {\"subCategoryName\": \"\"}, {\"subCategoryName\": \"\"}, {\"subCategoryName\": \"\"}]','OpenAI에서 ChatGPT 개발 하실 개발자 구합니다.',1,NULL,1,2,94429120,39,401,0,0,NULL),(50,'2024-05-18 00:12:04.438864','2024-05-18 00:12:04.438864','<p>특정 부분에서 쿼리가 너무 많이 나가고 있어서 성능 개선이 필요할거 같은데 어느 부분을 고쳐야할지 모르겠습니다</p><p>&nbsp;</p><p>Example.java 파일에서 example 메소드의 코드 리뷰 부탁드립니다&nbsp;</p><p>&nbsp;</p><p>코드 리뷰 해주시면 기프티콘 드릴게요</p>','https://firebase.com/v4/jbbbejqhuabsaskdb.jpg','[{\"subCategoryName\": \"GGA:ME\"}, {\"subCategoryName\": \"성능개선\"}, {\"subCategoryName\": \"\"}]','역대 최고의 게임 추천 사이트 GGA:ME 에서 코드 리뷰 부탁드립니다.',1,NULL,1,1,94429120,40,403,0,0,NULL),(51,'2024-05-18 00:14:29.918241','2024-05-18 00:19:20.510935','<p>초보 개발자를 위한 팀 프로젝트를 하고싶습니다.&nbsp;<br>적합한 팀 프로젝트를 준비중이신 개발자분들 연락주세요</p><p>&nbsp;</p><p>보유 기술 스택</p><ul><li>스프링 부트</li><li>레디스</li><li>Neo4j</li><li>OAuth</li><li>Spring Security</li><li>JWT</li></ul><p>&nbsp;</p><p>편하게 채팅 및 댓글 부탁드립니다.</p>','https://firebase.com/v4/jbbbejqhuabsaskdb.jpg','[{\"subCategoryName\": \"스프링부트\"}, {\"subCategoryName\": \"Neo4j\"}, {\"subCategoryName\": \"\"}, {\"subCategoryName\": \"OAuth\"}, {\"subCategoryName\": \"\"}]','ChatGPT 와 GGA:ME에서 백엔드를 맡은 신입 개발자입니다. ',1,NULL,0,0,94429120,1,402,0,0,NULL),(52,'2024-05-18 00:26:21.666048','2024-05-18 00:26:21.666048','<p><br>안녕하세요! 게임 추천 사이트 개발사 짜르륵입니다.</p><p>저희 팀은 GGA:ME 라는 게임 추천 사이트의 기획과 디자인 단계를 마치고, 개발 단계로 넘어가고 있습니다. 함께할 데이터 분석가님을 모시고자 합니다! ?</p><p>? <strong>GGA:ME 플랫폼 소개</strong></p><p>GGA:ME는 다양한 요구에 맞춘 맞춤형 게임 추천 서비스를 제공하여 더 나은 게이밍 경험을 지원하는 플랫폼입니다.</p><p>? <strong>모집 포지션</strong></p><p>데이터 분석가 - 2명</p><p>?️ <strong>기술 스택</strong></p><ul><li>Python</li><li>R</li><li>SQL</li><li>TensorFlow</li><li>Apache Spark</li><li>Tableau</li><li>Elasticsearch</li></ul><p>? <strong>현재 팀 구성</strong></p><ul><li>기획자 2명</li><li>디자이너 2명</li><li>백엔드 개발자 1명</li><li>프론트엔드 개발자 2명</li></ul><p>? <strong>연락처</strong></p><p>문의는 디엠 부탁드릴게요 ?</p><p>? 프로젝트에 대해 궁금한 점이 있으시면 언제든지 편하게 연락주세요!</p>','https://firebase.com/v4/jbbbejqhuabsaskdb.jpg','[{\"subCategoryName\": \"\"}]','짜르륵과 함께할 데이터 분석가 모십니다.',1,NULL,1,0,94429120,40,401,0,0,NULL),(53,'2024-05-18 00:27:53.687115','2024-05-18 00:27:53.687115','<p>프론트엔드와 협업하는 간단한 CRUD 토이 프로젝트 팀 구합니다.</p>','https://firebase.com/v4/jbbbejqhuabsaskdb.jpg','[{\"subCategoryName\": \"\"}]','스프링 개발 경력 3개월 토이 프로젝트 구합니다',1,NULL,0,0,94429120,1,402,0,0,NULL),(54,'2024-05-18 00:29:15.757994','2024-05-18 00:38:59.161557','<p>저희 AI 사용해보시고 개선점과 다양한 피드백 부탁드립니다.</p><p>&nbsp;</p><p><a href=\"  https://chatgpt.com/\">https://chatgpt.com/</a></p>','https://firebase.com/v4/jbbbejqhuabsaskdb.jpg','[{\"subCategoryName\": \"\"}, {\"subCategoryName\": \"\"}]','ChatGPT-4o 모델을 새롭게 개발했습니다.',1,NULL,0,0,94429120,39,403,0,0,NULL),(55,'2024-05-18 14:55:26.157168','2024-05-18 14:55:26.157168','<p>저희 팀은 현재 기획과 디자인 단계를 마치고, 개발 단계로 넘어가고 있습니다. 함께할 모바일 개발자님을 모시고자 합니다! ?</p><p>? <strong>카카오톡 개발 소개</strong></p><p>카카오톡은 다양한 요구에 맞춘 맞춤형 메신저 서비스를 제공하여 더 나은 소통 경험을 지원하는 앱입니다.</p><p>?‍? <strong>모집 포지션</strong></p><p>모바일 개발자 - 2명</p><p>?️ <strong>기술 스택</strong></p><ul><li>Flutter</li><li>Dart</li><li>Swift</li><li>Kotlin</li><li>Firebase</li><li>RESTful API</li></ul><p>? <strong>현재 팀 구성</strong></p><ul><li>기획자 2명</li><li>디자이너 2명</li><li>백엔드 개발자 1명</li><li>프론트엔드 개발자 1명</li></ul><p>? <strong>연락처</strong></p><p>문의는 디엠 부탁드릴게요 ?</p><p>? 프로젝트에 대해 궁금한 점이 있으시면 언제든지 편하게 연락주세요!</p>','https://firebase.com/v4/jbbbejqhuabsaskdb.jpg','[{\"subCategoryName\": \"카카오톡\"}, {\"subCategoryName\": \"채팅\"}, {\"subCategoryName\": \"swift\"}, {\"subCategoryName\": \"flutter\"}, {\"subCategoryName\": \"\"}]','카카오톡에서 함께할 모바일 개발자 모십니다.',1,NULL,0,2,94429120,45,401,0,0,NULL),(56,'2024-05-18 22:40:55.734329','2024-05-19 23:17:04.609923','<p>안녕하세요 신입 개발자의 꿈을 꾸고 있는 코린이입니다.</p><p>기능 구현은 어째저째 하고 있는데 성능적인 부분이 아쉬운거 같은데 어떻게 하면 좋을지 통 모르겠네요..!</p><p>혹시 제 코드 보시고 개선할만한 부분 있으면 피드백 주시면 감사하겠습니다!!</p>','https://firebase.com/v4/jbbbejqhuabsaskdb.jpg','[{\"subCategoryName\": \"백엔드\"}, {\"subCategoryName\": \"성능이슈\"}, {\"subCategoryName\": \"\"}, {\"subCategoryName\": \"\"}, {\"subCategoryName\": \"\"}, {\"subCategoryName\": \"\"}, {\"subCategoryName\": \"\"}, {\"subCategoryName\": \"\"}, {\"subCategoryName\": \"\"}, {\"subCategoryName\": \"\"}]','선배님들 코린이 한 번만 도와주십쇼!',1,NULL,0,0,80227755,52,403,0,0,NULL),(58,'2024-05-19 15:39:13.817725','2024-05-19 15:40:03.857223','<p>저희 프로젝트 Never에서 함께 꿈을 펼쳐갈 멋진 프론트 개발자님 모십니다! ?</p><p><strong>?</strong> <strong>Never란?</strong></p><p>저희 프로젝트 Never는 ‘절대’ 혼자서는 모든 것을 할 수 없다는 의미로 다양한 사람들과 함께 하는 서비스를 제공해주는 웹 프로젝트입니다.</p><p>? <strong>모집 포지션</strong></p><p>프론트 개발자(React) - 1명</p><p>?️ <strong>기술 스택</strong></p><ul><li>React</li><li>Firebase</li><li>Spring</li><li>RESTful API</li><li>Docker</li><li>Jenkins</li></ul><p>? <strong>현재 팀 구성</strong></p><ul><li>프론트엔드 개발자 1명</li><li>풀스택 개발자 1명</li></ul><p>? <strong>연락처</strong></p><p>문의는 디엠 부탁드릴게요 ?</p><p>? 프로젝트에 대해 궁금한 점이 있으시면 언제든지 편하게 연락주세요!</p>','https://firebase.com/v4/jbbbejqhuabsaskdb.jpg','[{\"subCategoryName\": \"Legend\"}, {\"subCategoryName\": \"Never\"}, {\"subCategoryName\": \"Die\"}, {\"subCategoryName\": \"\"}, {\"subCategoryName\": \"\"}]','[마감 임박!] 프로젝트 Never에서 당신 같은 인재를 모십니다!',1,NULL,0,1,80227755,53,401,0,0,NULL),(59,'2024-05-19 23:38:19.859890','2024-05-19 23:38:19.859890','<p>안녕하세요 프론트엔드 개발자 지망생입니다. 저희 코드 한번 보고 품평 부탁드립니다</p>','https://firebase.com/v4/jbbbejqhuabsaskdb.jpg','[{\"subCategoryName\": \"개발\"}, {\"subCategoryName\": \"프론트엔드\"}, {\"subCategoryName\": \"리액트\"}, {\"subCategoryName\": \"\"}]','개발 공부하고 있는 학생입니다. 저희 코드의 개선점이 있을까요?',1,NULL,1,1,94429120,44,403,0,0,NULL);
/*!40000 ALTER TABLE `board` ENABLE KEYS */;
UNLOCK TABLES;

--
-- Table structure for table `calender`
--

DROP TABLE IF EXISTS `calender`;
/*!40101 SET @saved_cs_client     = @@character_set_client */;
/*!50503 SET character_set_client = utf8mb4 */;
CREATE TABLE `calender` (
  `calender_id` int NOT NULL AUTO_INCREMENT,
  `created_dttm` datetime(6) DEFAULT NULL,
  `updated_dttm` datetime(6) DEFAULT NULL,
  `calender_end_dt` date DEFAULT NULL,
  `calender_name` varchar(255) DEFAULT NULL,
  `calender_start_dt` date DEFAULT NULL,
  `member_id` int DEFAULT NULL,
  `project_id` int DEFAULT NULL,
  `subcategory_id` int DEFAULT NULL,
  `milestone_id` int DEFAULT NULL,
  PRIMARY KEY (`calender_id`),
  KEY `FKrlgg1wp4nmp8nb6mn1scth9iq` (`member_id`),
  KEY `FKaw034mujr85sro79gcqndc4e7` (`subcategory_id`),
  KEY `FK7ud28osmwn660asiuvqoblntw` (`milestone_id`),
  KEY `FK1vpcfusfgo19xoqp8d7yfbuii` (`project_id`),
  CONSTRAINT `FK1vpcfusfgo19xoqp8d7yfbuii` FOREIGN KEY (`project_id`) REFERENCES `project` (`project_id`) ON DELETE CASCADE,
  CONSTRAINT `FK7ud28osmwn660asiuvqoblntw` FOREIGN KEY (`milestone_id`) REFERENCES `milestone` (`milestone_id`),
  CONSTRAINT `FKaw034mujr85sro79gcqndc4e7` FOREIGN KEY (`subcategory_id`) REFERENCES `sub_category` (`sub_category_id`),
  CONSTRAINT `FKrlgg1wp4nmp8nb6mn1scth9iq` FOREIGN KEY (`member_id`) REFERENCES `member` (`member_id`)
) ENGINE=InnoDB AUTO_INCREMENT=61 DEFAULT CHARSET=utf8mb4 COLLATE=utf8mb4_0900_ai_ci;
/*!40101 SET character_set_client = @saved_cs_client */;

--
-- Dumping data for table `calender`
--

LOCK TABLES `calender` WRITE;
/*!40000 ALTER TABLE `calender` DISABLE KEYS */;
INSERT INTO `calender` VALUES (7,'2024-05-14 14:10:37.782432','2024-05-14 14:11:46.399325','2024-05-17','테스트','2024-05-14',80227755,5,501,NULL),(8,'2024-05-14 14:56:32.432904','2024-05-14 14:56:32.432904','2024-04-22','테스트 일정22222222','2024-04-21',94429120,5,501,1),(9,'2024-05-16 14:35:20.225494','2024-05-16 14:35:20.225494','2024-05-20','111','2024-05-16',69569809,17,501,NULL),(10,'2024-05-16 14:35:37.467238','2024-05-16 14:35:37.467238','2024-05-19','1','2024-05-16',69569809,17,501,NULL),(11,'2024-05-16 14:35:50.209837','2024-05-16 14:35:50.209837','2024-05-19','222','2024-05-16',69569809,17,501,NULL),(20,'2024-05-17 11:08:18.336063','2024-05-17 11:08:18.336063','2024-04-22','테스트 일정22222222','2024-04-21',94429120,5,501,NULL),(21,'2024-05-17 11:14:03.707192','2024-05-17 11:14:03.707192','2024-04-22','테스트 일정22222222','2024-04-21',94429120,5,501,NULL),(25,'2024-05-17 22:52:39.714246','2024-05-17 22:52:39.714246','2024-05-25','ㅇㅁㄴㄻㄴㅇㄹ','2024-05-17',139435073,7,501,NULL),(27,'2024-05-17 23:04:12.304572','2024-05-17 23:04:12.304572','2024-05-16','할 일','2024-05-08',94429120,7,501,NULL),(28,'2024-05-17 23:14:29.876330','2024-05-17 23:14:29.876330','2024-05-19','test','2024-05-18',139435006,7,501,NULL),(29,'2024-05-17 23:15:57.735091','2024-05-17 23:15:57.735091','2024-05-20','test2','2024-05-18',139435006,7,501,NULL),(31,'2024-05-17 23:25:33.252729','2024-05-17 23:25:33.252729','2024-05-17','tt','2024-05-17',139435006,2,501,NULL),(33,'2024-05-18 15:08:54.546876','2024-05-18 15:08:54.546876','2024-05-21','안녕하세요','2024-05-16',139435073,7,501,NULL),(34,'2024-05-18 15:10:57.592100','2024-05-18 15:10:57.592100','2024-05-24','감사합니다111','2024-05-18',139435073,7,501,NULL),(35,'2024-05-18 15:11:28.796647','2024-05-18 15:11:28.796647','2024-05-20','할 일입니다','2024-05-18',139435073,7,501,NULL),(36,'2024-05-18 17:19:29.152221','2024-05-18 17:19:29.152221','2024-06-28','프로젝트 마감','2024-05-18',169755747,49,501,NULL),(37,'2024-05-18 17:23:34.586656','2024-05-18 17:23:34.586656','2024-05-20','프론트 컴포넌트 추가','2024-05-18',169755747,49,501,NULL),(38,'2024-05-19 15:14:40.349570','2024-05-19 15:14:40.349570','2024-05-25','테스트입니다','2024-05-06',139435073,7,501,NULL),(39,'2024-05-19 15:15:43.608202','2024-05-19 15:15:43.608202','2024-05-22','테스트1','2024-05-21',139435073,7,501,NULL),(40,'2024-05-19 15:16:29.310387','2024-05-19 15:16:29.310387','2024-05-25','테스트2','2024-05-23',139435073,7,501,NULL),(41,'2024-05-19 15:22:01.021814','2024-05-19 15:22:01.021814','2024-05-22','해보자구','2024-05-21',139435073,7,501,NULL),(42,'2024-05-19 15:22:15.457666','2024-05-19 15:22:15.457666','2024-05-25','리얼뉴마일스톤','2024-05-24',139435073,7,501,NULL),(46,'2024-05-19 23:14:26.176804','2024-05-19 23:14:26.176804','2024-05-17','통신 테스트','2024-05-14',80227755,44,501,NULL),(47,'2024-05-19 23:14:28.585607','2024-05-19 23:14:28.585607','2024-05-10','게시판 생성','2024-05-06',94429120,44,501,NULL),(48,'2024-05-19 23:17:07.224264','2024-05-19 23:17:07.224264','2024-05-26','게시글 생성 테스트코드','2024-05-18',94429120,44,501,NULL),(49,'2024-05-19 23:18:37.600200','2024-05-19 23:18:37.600200','2024-05-25','게시글 댓글 작성','2024-05-24',80227755,44,501,NULL),(50,'2024-05-19 23:18:44.104255','2024-05-19 23:18:44.104255','2024-05-24','회원 생성','2024-05-14',102347857,44,501,NULL),(51,'2024-05-19 23:19:14.997595','2024-05-19 23:19:14.997595','2024-05-27','EC2 세팅','2024-05-22',102347857,44,501,NULL),(53,'2024-05-19 23:37:25.336989','2024-05-19 23:37:25.336989','2024-05-22','회원 가입','2024-05-20',102347857,53,501,NULL),(54,'2024-05-19 23:37:49.357023','2024-05-19 23:37:49.357023','2024-05-25','EC2 환경세팅','2024-05-22',102347857,53,501,NULL),(55,'2024-05-19 23:38:12.236893','2024-05-19 23:38:12.236893','2024-05-26','게시판 생성','2024-05-25',102347857,53,501,NULL),(56,'2024-05-19 23:38:38.909286','2024-05-19 23:38:38.909286','2024-05-24','게시글 생성','2024-05-23',80227755,53,501,NULL),(57,'2024-05-19 23:39:08.271997','2024-05-19 23:39:08.271997','2024-05-26','게시글 조회','2024-05-25',80227755,53,501,NULL),(58,'2024-05-19 23:39:29.752644','2024-05-19 23:39:29.752644','2024-05-27','게시글 수정 및 삭제','2024-05-26',80227755,53,501,NULL),(59,'2024-05-19 23:40:09.095880','2024-05-19 23:40:09.095880','2024-05-23','채팅 기능 개발','2024-05-21',102347857,53,501,NULL),(60,'2024-05-19 23:40:31.168723','2024-05-19 23:40:31.168723','2024-05-21','게시글 수정','2024-05-16',94429120,44,501,NULL);
/*!40000 ALTER TABLE `calender` ENABLE KEYS */;
UNLOCK TABLES;

--
-- Table structure for table `category`
--

DROP TABLE IF EXISTS `category`;
/*!40101 SET @saved_cs_client     = @@character_set_client */;
/*!50503 SET character_set_client = utf8mb4 */;
CREATE TABLE `category` (
  `category_id` int NOT NULL AUTO_INCREMENT,
  `category_name` varchar(50) DEFAULT NULL,
  PRIMARY KEY (`category_id`)
) ENGINE=InnoDB AUTO_INCREMENT=501 DEFAULT CHARSET=utf8mb4 COLLATE=utf8mb4_0900_ai_ci;
/*!40101 SET character_set_client = @saved_cs_client */;

--
-- Dumping data for table `category`
--

LOCK TABLES `category` WRITE;
/*!40000 ALTER TABLE `category` DISABLE KEYS */;
INSERT INTO `category` VALUES (100,'프론트엔드'),(200,'백엔드'),(300,'풀스택'),(400,'게시판종류'),(500,'일정');
/*!40000 ALTER TABLE `category` ENABLE KEYS */;
UNLOCK TABLES;

--
-- Table structure for table `comment`
--

DROP TABLE IF EXISTS `comment`;
/*!40101 SET @saved_cs_client     = @@character_set_client */;
/*!50503 SET character_set_client = utf8mb4 */;
CREATE TABLE `comment` (
  `comment_id` int NOT NULL AUTO_INCREMENT,
  `created_dttm` datetime(6) DEFAULT NULL,
  `updated_dttm` datetime(6) DEFAULT NULL,
  `comment_content` varchar(255) DEFAULT NULL,
  `board_id` int DEFAULT NULL,
  `member_id` int DEFAULT NULL,
  PRIMARY KEY (`comment_id`),
  KEY `FKmrrrpi513ssu63i2783jyiv9m` (`member_id`),
  KEY `FKlij9oor1nav89jeat35s6kbp1` (`board_id`),
  CONSTRAINT `FKlij9oor1nav89jeat35s6kbp1` FOREIGN KEY (`board_id`) REFERENCES `board` (`board_id`) ON DELETE CASCADE,
  CONSTRAINT `FKmrrrpi513ssu63i2783jyiv9m` FOREIGN KEY (`member_id`) REFERENCES `member` (`member_id`)
) ENGINE=InnoDB AUTO_INCREMENT=58 DEFAULT CHARSET=utf8mb4 COLLATE=utf8mb4_0900_ai_ci;
/*!40101 SET character_set_client = @saved_cs_client */;

--
-- Dumping data for table `comment`
--

LOCK TABLES `comment` WRITE;
/*!40000 ALTER TABLE `comment` DISABLE KEYS */;
INSERT INTO `comment` VALUES (47,'2024-05-18 00:14:50.501433','2024-05-18 00:14:50.501433','많은 관심 부탁드립니다!',51,94429120),(51,'2024-05-18 23:10:26.696214','2024-05-18 23:10:26.696214','3시에 피드백하러 가겠습니다!',56,169755747),(54,'2024-05-19 10:32:49.638091','2024-05-19 10:32:49.638091','저 함께하고 싶어요!',55,169755747),(55,'2024-05-19 10:32:49.638091','2024-05-19 10:32:49.638091','오 재밌겠는걸요! 저도 참여하고 싶습니다!!!',58,169755747),(57,'2024-05-19 22:26:43.923221','2024-05-19 22:26:43.923221','asdfasdf',52,102347857);
/*!40000 ALTER TABLE `comment` ENABLE KEYS */;
UNLOCK TABLES;

--
-- Table structure for table `member`
--

DROP TABLE IF EXISTS `member`;
/*!40101 SET @saved_cs_client     = @@character_set_client */;
/*!50503 SET character_set_client = utf8mb4 */;
CREATE TABLE `member` (
  `member_id` int NOT NULL,
  `member_name` varchar(255) NOT NULL,
  `member_email` varchar(255) DEFAULT NULL,
  `created_dttm` datetime(6) DEFAULT NULL,
  `updated_dttm` datetime(6) DEFAULT NULL,
  `code_server_name` varchar(255) DEFAULT NULL,
  `member_git` varchar(255) NOT NULL,
  `member_img` varchar(255) DEFAULT NULL,
  `category_id` int DEFAULT NULL,
  PRIMARY KEY (`member_id`),
  KEY `FKqg0c7gl6ojp2rqduboy3ce3ct` (`category_id`),
  CONSTRAINT `FKqg0c7gl6ojp2rqduboy3ce3ct` FOREIGN KEY (`category_id`) REFERENCES `category` (`category_id`)
) ENGINE=InnoDB DEFAULT CHARSET=utf8mb4 COLLATE=utf8mb4_0900_ai_ci;
/*!40101 SET character_set_client = @saved_cs_client */;

--
-- Dumping data for table `member`
--

LOCK TABLES `member` WRITE;
/*!40000 ALTER TABLE `member` DISABLE KEYS */;
INSERT INTO `member` VALUES (64572911,'JeonEunHui',NULL,'2024-05-09 12:33:18.280922','2024-05-10 15:34:29.197226','code-server-b639283c-fdb7-4a87-9654-393368737041','https://github.com/JeonEunHui','https://avatars.githubusercontent.com/u/64572911?v=4',100),(69569809,'YoungEun-Choi930','duddms0190@naver.com','2024-05-14 15:34:03.624124','2024-05-16 10:24:05.309293','code-server-e47525a7-3027-42c3-b796-58730e3ada20','https://github.com/YoungEun-Choi930','https://avatars.githubusercontent.com/u/69569809?v=4',300),(80227755,'Seungjun-Song',NULL,'2024-05-10 09:36:19.124902','2024-05-10 09:37:22.351678','code-server-04ad78a4-55ce-441c-9a37-f8b250706be7','https://github.com/Seungjun-Song','https://avatars.githubusercontent.com/u/80227755?v=4',300),(88571960,'GeonH0','h2jo369@naver.com','2024-05-16 23:21:42.777638','2024-05-16 23:21:42.786256',NULL,'https://github.com/GeonH0','https://avatars.githubusercontent.com/u/88571960?v=4',200),(94429120,'JongKookE','whdrnrdl789@naver.com','2024-05-09 12:09:00.567688','2024-05-13 08:58:58.905454','code-server-df5ebc37-43ea-4f22-b244-1d2bb975d34c','https://github.com/JongKookE','https://image.xportsnews.com/contents/images/upload/article/2017/0722/1500679092856064.jpg',100),(102347857,'ymkim0216','qkslzl101216@naver.com','2024-05-09 12:32:44.635454','2024-05-14 22:19:09.127839','code-server-3625d2cb-553e-4684-98fd-a22095226c09','https://github.com/ymkim0216','https://avatars.githubusercontent.com/u/102347857?v=4',300),(122499632,'sojeong025','thwjd025@gmail.com','2024-05-16 10:14:03.761847','2024-05-16 10:14:03.779131',NULL,'https://github.com/sojeong025','https://avatars.githubusercontent.com/u/122499632?v=4',100),(139435006,'JH201421228','741u741@gmail.com','2024-05-09 11:37:44.434366','2024-05-10 09:34:12.385402','code-server-cf1fe140-6689-4e38-b59f-3250e2459c89','https://github.com/JH201421228','https://firebasestorage.googleapis.com/v0/b/last-pjt.appspot.com/o/user2.png?alt=media',300),(139435073,'cho1jaeseong',NULL,'2024-05-09 12:32:43.878416','2024-05-13 15:29:17.954266','code-server-3625d2cb-553e-4684-98fd-a22095226c09','https://github.com/cho1jaeseong','https://avatars.githubusercontent.com/u/139435073?v=4',100),(169755747,'silverhappy98','silverhappy@pusan.ac.kr','2024-05-14 16:20:35.301439','2024-05-16 13:42:39.565607','code-server-dffe1ec1-af7b-4ea4-9d39-0057f9435e2f','https://github.com/silverhappy98','https://avatars.githubusercontent.com/u/169755747?v=4',100),(169921648,'Seungjun-Song-test','ssj0187@gmail.com','2024-05-16 00:07:38.975744','2024-05-16 00:14:13.402210','code-server-02bf6410-8172-45d8-8565-42302050df9e','https://github.com/Seungjun-Song-test','https://avatars.githubusercontent.com/u/169921648?v=4',300);
/*!40000 ALTER TABLE `member` ENABLE KEYS */;
UNLOCK TABLES;

--
-- Table structure for table `milestone`
--

DROP TABLE IF EXISTS `milestone`;
/*!40101 SET @saved_cs_client     = @@character_set_client */;
/*!50503 SET character_set_client = utf8mb4 */;
CREATE TABLE `milestone` (
  `milestone_id` int NOT NULL AUTO_INCREMENT,
  `created_dttm` datetime(6) DEFAULT NULL,
  `updated_dttm` datetime(6) DEFAULT NULL,
  `milestone_content` varchar(500) NOT NULL,
  `milestone_end_dttm` date NOT NULL,
  `milestone_start_dttm` date NOT NULL,
  `milestone_title` varchar(100) NOT NULL,
  `project_id` int DEFAULT NULL,
  `sub_category_id` int DEFAULT NULL,
  PRIMARY KEY (`milestone_id`),
  KEY `FKod9rndetqfgerctkeis12xkxv` (`sub_category_id`),
  KEY `FKc3o4jxeki21gqbpy8ejyxtnus` (`project_id`),
  CONSTRAINT `FKc3o4jxeki21gqbpy8ejyxtnus` FOREIGN KEY (`project_id`) REFERENCES `project` (`project_id`) ON DELETE CASCADE,
  CONSTRAINT `FKod9rndetqfgerctkeis12xkxv` FOREIGN KEY (`sub_category_id`) REFERENCES `sub_category` (`sub_category_id`)
) ENGINE=InnoDB AUTO_INCREMENT=26 DEFAULT CHARSET=utf8mb4 COLLATE=utf8mb4_0900_ai_ci;
/*!40101 SET character_set_client = @saved_cs_client */;

--
-- Dumping data for table `milestone`
--

LOCK TABLES `milestone` WRITE;
/*!40000 ALTER TABLE `milestone` DISABLE KEYS */;
INSERT INTO `milestone` VALUES (1,'2024-05-16 11:07:07.519865','2024-05-16 11:07:50.752268','테스트 수행 중 3으로 수정','2024-05-21','2024-05-11','마일스톤 생성 테스트 3으로 수정',5,503),(3,'2024-05-17 22:46:48.756471','2024-05-19 15:22:01.064274','해보자구','2024-05-22','2024-05-21','test',7,502),(4,'2024-05-17 23:04:12.342428','2024-05-17 23:04:12.342428','할 일','2024-05-16','2024-05-08','마일스톤',7,502),(5,'2024-05-17 23:14:29.911127','2024-05-17 23:14:29.911127','test','2024-05-19','2024-05-18','test',7,502),(6,'2024-05-17 23:15:57.775992','2024-05-17 23:15:57.775992','test2','2024-05-20','2024-05-18','test2',7,502),(7,'2024-05-18 15:08:54.592184','2024-05-18 15:08:54.592184','안녕하세요','2024-05-21','2024-05-16','감사합니다',7,502),(8,'2024-05-18 15:10:57.634280','2024-05-18 15:10:57.634280','감사합니다111','2024-05-24','2024-05-18','안녕하세요',7,502),(9,'2024-05-18 15:11:28.833773','2024-05-19 15:14:40.400090','테스트입니다','2024-05-25','2024-05-06','마일스톤입니다',7,502),(10,'2024-05-18 17:23:34.635397','2024-05-18 17:23:34.635397','프론트 컴포넌트 추가','2024-05-20','2024-05-18','프론트',49,502),(11,'2024-05-19 15:15:43.648402','2024-05-19 15:16:29.351589','테스트2','2024-05-25','2024-05-23','새로운마일스톤',7,502),(12,'2024-05-19 15:22:15.493348','2024-05-19 15:22:15.493348','리얼뉴마일스톤','2024-05-25','2024-05-24','리얼뉴마일스톤',7,502),(13,'2024-05-19 23:14:26.209992','2024-05-19 23:40:31.224976','게시글 수정','2024-05-21','2024-05-16','API 연결',44,502),(14,'2024-05-19 23:14:28.621054','2024-05-19 23:18:37.638284','게시글 댓글 작성','2024-05-25','2024-05-24','게시판 개발',44,502),(15,'2024-05-19 23:17:07.258915','2024-05-19 23:17:07.258915','게시글 생성 테스트코드','2024-05-26','2024-05-18','테스트코드 ',44,502),(16,'2024-05-19 23:18:44.136917','2024-05-19 23:18:44.136917','회원 생성','2024-05-24','2024-05-14','회원 개발',44,502),(17,'2024-05-19 23:19:15.030441','2024-05-19 23:19:15.030441','EC2 세팅','2024-05-27','2024-05-22','CI/CD',44,502),(19,'2024-05-19 23:37:25.375885','2024-05-19 23:37:25.375885','회원 가입','2024-05-22','2024-05-20','회원 개발',53,502),(20,'2024-05-19 23:37:49.397129','2024-05-19 23:37:49.397129','EC2 환경세팅','2024-05-25','2024-05-22','CI/CD',53,502),(21,'2024-05-19 23:38:12.279229','2024-05-19 23:38:12.279229','게시판 생성','2024-05-26','2024-05-25','게시판 개발',53,502),(22,'2024-05-19 23:38:38.950191','2024-05-19 23:38:38.950191','게시글 생성','2024-05-24','2024-05-23','게시판',53,502),(23,'2024-05-19 23:39:08.310064','2024-05-19 23:39:08.310064','게시글 조회','2024-05-26','2024-05-25','게시판',53,502),(24,'2024-05-19 23:39:29.792896','2024-05-19 23:39:29.792896','게시글 수정 및 삭제','2024-05-27','2024-05-26','게시판',53,502),(25,'2024-05-19 23:40:09.137069','2024-05-19 23:40:09.137069','채팅 기능 개발','2024-05-23','2024-05-21','채팅 개발',53,502);
/*!40000 ALTER TABLE `milestone` ENABLE KEYS */;
UNLOCK TABLES;

--
-- Table structure for table `payment`
--

DROP TABLE IF EXISTS `payment`;
/*!40101 SET @saved_cs_client     = @@character_set_client */;
/*!50503 SET character_set_client = utf8mb4 */;
CREATE TABLE `payment` (
  `payment_id` int NOT NULL AUTO_INCREMENT,
  `created_dttm` datetime(6) DEFAULT NULL,
  `updated_dttm` datetime(6) DEFAULT NULL,
  `payment_amount` int DEFAULT NULL,
  `payment_card` varchar(255) DEFAULT NULL,
  `payment_imp_uid` varchar(255) DEFAULT NULL,
  `payment_method` varchar(255) DEFAULT NULL,
  `payment_status` tinyint DEFAULT NULL,
  `project_id` int DEFAULT NULL,
  `payment_field` varchar(255) DEFAULT NULL,
  PRIMARY KEY (`payment_id`),
  UNIQUE KEY `UK_9wwdqofvbfm9to3et80fvqlr` (`project_id`),
  CONSTRAINT `FKpr4verq7hue9q4xpa1pr8wt66` FOREIGN KEY (`project_id`) REFERENCES `project` (`project_id`) ON DELETE CASCADE,
  CONSTRAINT `payment_chk_1` CHECK ((`payment_status` between 0 and 1))
) ENGINE=InnoDB AUTO_INCREMENT=17 DEFAULT CHARSET=utf8mb4 COLLATE=utf8mb4_0900_ai_ci;
/*!40101 SET character_set_client = @saved_cs_client */;

--
-- Dumping data for table `payment`
--

LOCK TABLES `payment` WRITE;
/*!40000 ALTER TABLE `payment` DISABLE KEYS */;
INSERT INTO `payment` VALUES (6,'2024-05-14 14:19:03.546956','2024-05-14 14:22:14.742836',100,'NH카드','imp_897067849189','card',0,7,NULL),(7,'2024-05-14 14:56:32.110612','2024-05-14 14:57:15.787421',100,'NH카드','imp_156194553153','card',0,5,NULL),(8,'2024-05-17 11:46:28.377756','2024-05-17 11:46:28.377756',100,NULL,NULL,NULL,1,16,NULL),(9,'2024-05-17 13:30:38.744891','2024-05-17 13:30:38.744891',100,NULL,NULL,NULL,1,1,NULL),(10,'2024-05-18 14:53:25.046765','2024-05-18 14:54:12.006820',100,'NH카드','imp_784605378871','card',0,44,NULL),(11,'2024-05-18 15:42:57.804742','2024-05-18 18:07:32.189333',100,'NH카드','imp_569214824536','card',0,23,NULL),(12,'2024-05-18 20:26:26.482464','2024-05-18 20:26:26.482464',100,NULL,NULL,NULL,1,49,NULL),(13,'2024-05-19 15:39:45.198312','2024-05-19 15:39:45.198312',100,NULL,NULL,NULL,1,53,NULL),(16,'2024-05-19 23:31:23.745767','2024-05-19 23:31:23.745767',100,NULL,NULL,NULL,1,48,NULL);
/*!40000 ALTER TABLE `payment` ENABLE KEYS */;
UNLOCK TABLES;

--
-- Table structure for table `pjt_tech_stack`
--

DROP TABLE IF EXISTS `pjt_tech_stack`;
/*!40101 SET @saved_cs_client     = @@character_set_client */;
/*!50503 SET character_set_client = utf8mb4 */;
CREATE TABLE `pjt_tech_stack` (
  `pjt_tech_stack_id` int NOT NULL AUTO_INCREMENT,
  `subcategory_name` varchar(255) DEFAULT NULL,
  `subcategory_id` int DEFAULT NULL,
  `teammate_id` int DEFAULT NULL,
  PRIMARY KEY (`pjt_tech_stack_id`),
  KEY `FKhitsbj851y81curlgivq4lo5t` (`subcategory_id`),
  KEY `FKf1np58iqdctrdfm7oguduhi45` (`teammate_id`),
  CONSTRAINT `FKf1np58iqdctrdfm7oguduhi45` FOREIGN KEY (`teammate_id`) REFERENCES `teammate` (`teammate_id`) ON DELETE CASCADE,
  CONSTRAINT `FKhitsbj851y81curlgivq4lo5t` FOREIGN KEY (`subcategory_id`) REFERENCES `sub_category` (`sub_category_id`)
) ENGINE=InnoDB AUTO_INCREMENT=214 DEFAULT CHARSET=utf8mb4 COLLATE=utf8mb4_0900_ai_ci;
/*!40101 SET character_set_client = @saved_cs_client */;

--
-- Dumping data for table `pjt_tech_stack`
--

LOCK TABLES `pjt_tech_stack` WRITE;
/*!40000 ALTER TABLE `pjt_tech_stack` DISABLE KEYS */;
INSERT INTO `pjt_tech_stack` VALUES (1,'React',101,1),(2,'React',101,2),(4,'React',101,4),(12,'React',101,7),(14,'React',101,9),(15,'React',101,10),(19,'React',101,12),(36,'Spring',201,24),(37,'React',101,29),(38,'Vue',102,29),(39,'React',101,30),(40,'Vue',102,30),(43,'React',101,32),(44,'Vue',102,32),(45,'Java',106,33),(51,'Java',106,40),(52,'JavaScript',105,40),(53,'React',101,40),(54,'React',101,41),(55,'Vue',102,41),(62,'Spring',201,45),(93,'Java',106,74),(94,'Java',106,75),(100,'React',101,77),(101,'React',101,78),(111,'React',101,83),(112,'Vue',102,83),(113,'JavaScript',105,84),(114,'React',101,84),(120,'React',101,88),(121,'Spring',201,88),(145,'Java',106,100),(146,'React',101,100),(147,'Java',106,101),(148,'React',101,101),(158,'React',101,109),(161,'React',101,111),(162,'Vue',102,111),(163,'HTML',103,111),(164,'JavaScript',105,111),(165,'CSS',104,111),(166,'React',101,112),(167,'Vue',102,112),(168,'Java',106,113),(169,'React',101,113),(170,'JavaScript',105,114),(171,'React',101,114),(172,'React',101,115),(173,'Vue',102,115),(174,'Spring',201,116),(181,'React',101,120),(182,'Vue',102,120),(185,'Java',106,123),(186,'React',101,123),(193,'Spring',201,126),(194,'React',101,127),(195,'Vue',102,127),(196,'React',101,128),(197,'Vue',102,128),(198,'HTML',103,128),(199,'JavaScript',105,128),(200,'React',101,129),(201,'Spring',201,129),(202,'Java',106,130),(203,'JavaScript',105,130),(204,'React',101,130);
/*!40000 ALTER TABLE `pjt_tech_stack` ENABLE KEYS */;
UNLOCK TABLES;

--
-- Table structure for table `port`
--

DROP TABLE IF EXISTS `port`;
/*!40101 SET @saved_cs_client     = @@character_set_client */;
/*!50503 SET character_set_client = utf8mb4 */;
CREATE TABLE `port` (
  `port_id` int NOT NULL AUTO_INCREMENT,
  `port_use` bit(1) DEFAULT NULL,
  `member_id` int DEFAULT NULL,
  PRIMARY KEY (`port_id`),
  KEY `FK26y6vvv2oqaqgkupojqdw00fi` (`member_id`),
  CONSTRAINT `FK26y6vvv2oqaqgkupojqdw00fi` FOREIGN KEY (`member_id`) REFERENCES `member` (`member_id`) ON DELETE CASCADE
) ENGINE=InnoDB AUTO_INCREMENT=30001 DEFAULT CHARSET=utf8mb4 COLLATE=utf8mb4_0900_ai_ci;
/*!40101 SET character_set_client = @saved_cs_client */;

--
-- Dumping data for table `port`
--

LOCK TABLES `port` WRITE;
/*!40000 ALTER TABLE `port` DISABLE KEYS */;
INSERT INTO `port` VALUES (20000,_binary '',94429120),(20001,_binary '',139435006),(20002,_binary '',80227755),(20003,_binary '',64572911),(20004,_binary '',139435073),(20005,_binary '',102347857),(20006,_binary '',169921648),(20007,_binary '',69569809),(20008,_binary '',169755747),(20011,_binary '\0',NULL),(20012,_binary '\0',NULL),(20013,_binary '\0',NULL),(20014,_binary '\0',NULL),(20015,_binary '\0',NULL),(20016,_binary '\0',NULL),(20017,_binary '\0',NULL),(20018,_binary '\0',NULL),(20019,_binary '\0',NULL),(20020,_binary '\0',NULL),(20021,_binary '\0',NULL),(20022,_binary '\0',NULL),(20023,_binary '\0',NULL),(20024,_binary '\0',NULL),(20025,_binary '\0',NULL),(20026,_binary '\0',NULL),(20027,_binary '\0',NULL),(20028,_binary '\0',NULL),(20029,_binary '\0',NULL),(20030,_binary '\0',NULL),(20031,_binary '\0',NULL),(20032,_binary '\0',NULL),(20033,_binary '\0',NULL),(20034,_binary '\0',NULL),(20035,_binary '\0',NULL),(20036,_binary '\0',NULL),(20037,_binary '\0',NULL),(20038,_binary '\0',NULL),(20039,_binary '\0',NULL),(20040,_binary '\0',NULL),(20041,_binary '\0',NULL),(20042,_binary '\0',NULL),(20043,_binary '\0',NULL),(20044,_binary '\0',NULL),(20045,_binary '\0',NULL),(20046,_binary '\0',NULL),(20047,_binary '\0',NULL),(20048,_binary '\0',NULL),(20049,_binary '\0',NULL),(20050,_binary '\0',NULL),(20051,_binary '\0',NULL),(20052,_binary '\0',NULL),(20053,_binary '\0',NULL),(20054,_binary '\0',NULL),(20055,_binary '\0',NULL),(20056,_binary '\0',NULL),(20057,_binary '\0',NULL),(20058,_binary '\0',NULL),(20059,_binary '\0',NULL),(20060,_binary '\0',NULL),(20061,_binary '\0',NULL),(20062,_binary '\0',NULL),(20063,_binary '\0',NULL),(20064,_binary '\0',NULL),(20065,_binary '\0',NULL),(20066,_binary '\0',NULL),(20067,_binary '\0',NULL),(20068,_binary '\0',NULL),(20069,_binary '\0',NULL),(20070,_binary '\0',NULL),(20071,_binary '\0',NULL),(20072,_binary '\0',NULL),(20073,_binary '\0',NULL),(20074,_binary '\0',NULL),(20075,_binary '\0',NULL),(20076,_binary '\0',NULL),(20077,_binary '\0',NULL),(20078,_binary '\0',NULL),(20079,_binary '\0',NULL),(20080,_binary '\0',NULL),(20081,_binary '\0',NULL),(20082,_binary '\0',NULL),(20083,_binary '\0',NULL),(20084,_binary '\0',NULL),(20085,_binary '\0',NULL),(20086,_binary '\0',NULL),(20087,_binary '\0',NULL),(20088,_binary '\0',NULL),(20089,_binary '\0',NULL),(20090,_binary '\0',NULL),(20091,_binary '\0',NULL),(20092,_binary '\0',NULL),(20093,_binary '\0',NULL),(20094,_binary '\0',NULL),(20095,_binary '\0',NULL),(20096,_binary '\0',NULL),(20097,_binary '\0',NULL),(20098,_binary '\0',NULL),(20099,_binary '\0',NULL),(20100,_binary '\0',NULL),(20101,_binary '\0',NULL),(20102,_binary '\0',NULL),(20103,_binary '\0',NULL),(20104,_binary '\0',NULL),(20105,_binary '\0',NULL),(20106,_binary '\0',NULL),(20107,_binary '\0',NULL),(20108,_binary '\0',NULL),(20109,_binary '\0',NULL),(20110,_binary '\0',NULL),(20111,_binary '\0',NULL),(20112,_binary '\0',NULL),(20113,_binary '\0',NULL),(20114,_binary '\0',NULL),(20115,_binary '\0',NULL),(20116,_binary '\0',NULL),(20117,_binary '\0',NULL),(20118,_binary '\0',NULL),(20119,_binary '\0',NULL),(20120,_binary '\0',NULL),(20121,_binary '\0',NULL),(20122,_binary '\0',NULL),(20123,_binary '\0',NULL),(20124,_binary '\0',NULL),(20125,_binary '\0',NULL),(20126,_binary '\0',NULL),(20127,_binary '\0',NULL),(20128,_binary '\0',NULL),(20129,_binary '\0',NULL),(20130,_binary '\0',NULL),(20131,_binary '\0',NULL),(20132,_binary '\0',NULL),(20133,_binary '\0',NULL),(20134,_binary '\0',NULL),(20135,_binary '\0',NULL),(20136,_binary '\0',NULL),(20137,_binary '\0',NULL),(20138,_binary '\0',NULL),(20139,_binary '\0',NULL),(20140,_binary '\0',NULL),(20141,_binary '\0',NULL),(20142,_binary '\0',NULL),(20143,_binary '\0',NULL),(20144,_binary '\0',NULL),(20145,_binary '\0',NULL),(20146,_binary '\0',NULL),(20147,_binary '\0',NULL),(20148,_binary '\0',NULL),(20149,_binary '\0',NULL),(20150,_binary '\0',NULL),(20151,_binary '\0',NULL),(20152,_binary '\0',NULL),(20153,_binary '\0',NULL),(20154,_binary '\0',NULL),(20155,_binary '\0',NULL),(20156,_binary '\0',NULL),(20157,_binary '\0',NULL),(20158,_binary '\0',NULL),(20159,_binary '\0',NULL),(20160,_binary '\0',NULL),(20161,_binary '\0',NULL),(20162,_binary '\0',NULL),(20163,_binary '\0',NULL),(20164,_binary '\0',NULL),(20165,_binary '\0',NULL),(20166,_binary '\0',NULL),(20167,_binary '\0',NULL),(20168,_binary '\0',NULL),(20169,_binary '\0',NULL),(20170,_binary '\0',NULL),(20171,_binary '\0',NULL),(20172,_binary '\0',NULL),(20173,_binary '\0',NULL),(20174,_binary '\0',NULL),(20175,_binary '\0',NULL),(20176,_binary '\0',NULL),(20177,_binary '\0',NULL),(20178,_binary '\0',NULL),(20179,_binary '\0',NULL),(20180,_binary '\0',NULL),(20181,_binary '\0',NULL),(20182,_binary '\0',NULL),(20183,_binary '\0',NULL),(20184,_binary '\0',NULL),(20185,_binary '\0',NULL),(20186,_binary '\0',NULL),(20187,_binary '\0',NULL),(20188,_binary '\0',NULL),(20189,_binary '\0',NULL),(20190,_binary '\0',NULL),(20191,_binary '\0',NULL),(20192,_binary '\0',NULL),(20193,_binary '\0',NULL),(20194,_binary '\0',NULL),(20195,_binary '\0',NULL),(20196,_binary '\0',NULL),(20197,_binary '\0',NULL),(20198,_binary '\0',NULL),(20199,_binary '\0',NULL),(20200,_binary '\0',NULL),(20201,_binary '\0',NULL),(20202,_binary '\0',NULL),(20203,_binary '\0',NULL),(20204,_binary '\0',NULL),(20205,_binary '\0',NULL),(20206,_binary '\0',NULL),(20207,_binary '\0',NULL),(20208,_binary '\0',NULL),(20209,_binary '\0',NULL),(20210,_binary '\0',NULL),(20211,_binary '\0',NULL),(20212,_binary '\0',NULL),(20213,_binary '\0',NULL),(20214,_binary '\0',NULL),(20215,_binary '\0',NULL),(20216,_binary '\0',NULL),(20217,_binary '\0',NULL),(20218,_binary '\0',NULL),(20219,_binary '\0',NULL),(20220,_binary '\0',NULL),(20221,_binary '\0',NULL),(20222,_binary '\0',NULL),(20223,_binary '\0',NULL),(20224,_binary '\0',NULL),(20225,_binary '\0',NULL),(20226,_binary '\0',NULL),(20227,_binary '\0',NULL),(20228,_binary '\0',NULL),(20229,_binary '\0',NULL),(20230,_binary '\0',NULL),(20231,_binary '\0',NULL),(20232,_binary '\0',NULL),(20233,_binary '\0',NULL),(20234,_binary '\0',NULL),(20235,_binary '\0',NULL),(20236,_binary '\0',NULL),(20237,_binary '\0',NULL),(20238,_binary '\0',NULL),(20239,_binary '\0',NULL),(20240,_binary '\0',NULL),(20241,_binary '\0',NULL),(20242,_binary '\0',NULL),(20243,_binary '\0',NULL),(20244,_binary '\0',NULL),(20245,_binary '\0',NULL),(20246,_binary '\0',NULL),(20247,_binary '\0',NULL),(20248,_binary '\0',NULL),(20249,_binary '\0',NULL),(20250,_binary '\0',NULL),(20251,_binary '\0',NULL),(20252,_binary '\0',NULL),(20253,_binary '\0',NULL),(20254,_binary '\0',NULL),(20255,_binary '\0',NULL),(20256,_binary '\0',NULL),(20257,_binary '\0',NULL),(20258,_binary '\0',NULL),(20259,_binary '\0',NULL),(20260,_binary '\0',NULL),(20261,_binary '\0',NULL),(20262,_binary '\0',NULL),(20263,_binary '\0',NULL),(20264,_binary '\0',NULL),(20265,_binary '\0',NULL),(20266,_binary '\0',NULL),(20267,_binary '\0',NULL),(20268,_binary '\0',NULL),(20269,_binary '\0',NULL),(20270,_binary '\0',NULL),(20271,_binary '\0',NULL),(20272,_binary '\0',NULL),(20273,_binary '\0',NULL),(20274,_binary '\0',NULL),(20275,_binary '\0',NULL),(20276,_binary '\0',NULL),(20277,_binary '\0',NULL),(20278,_binary '\0',NULL),(20279,_binary '\0',NULL),(20280,_binary '\0',NULL),(20281,_binary '\0',NULL),(20282,_binary '\0',NULL),(20283,_binary '\0',NULL),(20284,_binary '\0',NULL),(20285,_binary '\0',NULL),(20286,_binary '\0',NULL),(20287,_binary '\0',NULL),(20288,_binary '\0',NULL),(20289,_binary '\0',NULL),(20290,_binary '\0',NULL),(20291,_binary '\0',NULL),(20292,_binary '\0',NULL),(20293,_binary '\0',NULL),(20294,_binary '\0',NULL),(20295,_binary '\0',NULL),(20296,_binary '\0',NULL),(20297,_binary '\0',NULL),(20298,_binary '\0',NULL),(20299,_binary '\0',NULL),(20300,_binary '\0',NULL),(20301,_binary '\0',NULL),(20302,_binary '\0',NULL),(20303,_binary '\0',NULL),(20304,_binary '\0',NULL),(20305,_binary '\0',NULL),(20306,_binary '\0',NULL),(20307,_binary '\0',NULL),(20308,_binary '\0',NULL),(20309,_binary '\0',NULL),(20310,_binary '\0',NULL),(20311,_binary '\0',NULL),(20312,_binary '\0',NULL),(20313,_binary '\0',NULL),(20314,_binary '\0',NULL),(20315,_binary '\0',NULL),(20316,_binary '\0',NULL),(20317,_binary '\0',NULL),(20318,_binary '\0',NULL),(20319,_binary '\0',NULL),(20320,_binary '\0',NULL),(20321,_binary '\0',NULL),(20322,_binary '\0',NULL),(20323,_binary '\0',NULL),(20324,_binary '\0',NULL),(20325,_binary '\0',NULL),(20326,_binary '\0',NULL),(20327,_binary '\0',NULL),(20328,_binary '\0',NULL),(20329,_binary '\0',NULL),(20330,_binary '\0',NULL),(20331,_binary '\0',NULL),(20332,_binary '\0',NULL),(20333,_binary '\0',NULL),(20334,_binary '\0',NULL),(20335,_binary '\0',NULL),(20336,_binary '\0',NULL),(20337,_binary '\0',NULL),(20338,_binary '\0',NULL),(20339,_binary '\0',NULL),(20340,_binary '\0',NULL),(20341,_binary '\0',NULL),(20342,_binary '\0',NULL),(20343,_binary '\0',NULL),(20344,_binary '\0',NULL),(20345,_binary '\0',NULL),(20346,_binary '\0',NULL),(20347,_binary '\0',NULL),(20348,_binary '\0',NULL),(20349,_binary '\0',NULL),(20350,_binary '\0',NULL),(20351,_binary '\0',NULL),(20352,_binary '\0',NULL),(20353,_binary '\0',NULL),(20354,_binary '\0',NULL),(20355,_binary '\0',NULL),(20356,_binary '\0',NULL),(20357,_binary '\0',NULL),(20358,_binary '\0',NULL),(20359,_binary '\0',NULL),(20360,_binary '\0',NULL),(20361,_binary '\0',NULL),(20362,_binary '\0',NULL),(20363,_binary '\0',NULL),(20364,_binary '\0',NULL),(20365,_binary '\0',NULL),(20366,_binary '\0',NULL),(20367,_binary '\0',NULL),(20368,_binary '\0',NULL),(20369,_binary '\0',NULL),(20370,_binary '\0',NULL),(20371,_binary '\0',NULL),(20372,_binary '\0',NULL),(20373,_binary '\0',NULL),(20374,_binary '\0',NULL),(20375,_binary '\0',NULL),(20376,_binary '\0',NULL),(20377,_binary '\0',NULL),(20378,_binary '\0',NULL),(20379,_binary '\0',NULL),(20380,_binary '\0',NULL),(20381,_binary '\0',NULL),(20382,_binary '\0',NULL),(20383,_binary '\0',NULL),(20384,_binary '\0',NULL),(20385,_binary '\0',NULL),(20386,_binary '\0',NULL),(20387,_binary '\0',NULL),(20388,_binary '\0',NULL),(20389,_binary '\0',NULL),(20390,_binary '\0',NULL),(20391,_binary '\0',NULL),(20392,_binary '\0',NULL),(20393,_binary '\0',NULL),(20394,_binary '\0',NULL),(20395,_binary '\0',NULL),(20396,_binary '\0',NULL),(20397,_binary '\0',NULL),(20398,_binary '\0',NULL),(20399,_binary '\0',NULL),(20400,_binary '\0',NULL),(20401,_binary '\0',NULL),(20402,_binary '\0',NULL),(20403,_binary '\0',NULL),(20404,_binary '\0',NULL),(20405,_binary '\0',NULL),(20406,_binary '\0',NULL),(20407,_binary '\0',NULL),(20408,_binary '\0',NULL),(20409,_binary '\0',NULL),(20410,_binary '\0',NULL),(20411,_binary '\0',NULL),(20412,_binary '\0',NULL),(20413,_binary '\0',NULL),(20414,_binary '\0',NULL),(20415,_binary '\0',NULL),(20416,_binary '\0',NULL),(20417,_binary '\0',NULL),(20418,_binary '\0',NULL),(20419,_binary '\0',NULL),(20420,_binary '\0',NULL),(20421,_binary '\0',NULL),(20422,_binary '\0',NULL),(20423,_binary '\0',NULL),(20424,_binary '\0',NULL),(20425,_binary '\0',NULL),(20426,_binary '\0',NULL),(20427,_binary '\0',NULL),(20428,_binary '\0',NULL),(20429,_binary '\0',NULL),(20430,_binary '\0',NULL),(20431,_binary '\0',NULL),(20432,_binary '\0',NULL),(20433,_binary '\0',NULL),(20434,_binary '\0',NULL),(20435,_binary '\0',NULL),(20436,_binary '\0',NULL),(20437,_binary '\0',NULL),(20438,_binary '\0',NULL),(20439,_binary '\0',NULL),(20440,_binary '\0',NULL),(20441,_binary '\0',NULL),(20442,_binary '\0',NULL),(20443,_binary '\0',NULL),(20444,_binary '\0',NULL),(20445,_binary '\0',NULL),(20446,_binary '\0',NULL),(20447,_binary '\0',NULL),(20448,_binary '\0',NULL),(20449,_binary '\0',NULL),(20450,_binary '\0',NULL),(20451,_binary '\0',NULL),(20452,_binary '\0',NULL),(20453,_binary '\0',NULL),(20454,_binary '\0',NULL),(20455,_binary '\0',NULL),(20456,_binary '\0',NULL),(20457,_binary '\0',NULL),(20458,_binary '\0',NULL),(20459,_binary '\0',NULL),(20460,_binary '\0',NULL),(20461,_binary '\0',NULL),(20462,_binary '\0',NULL),(20463,_binary '\0',NULL),(20464,_binary '\0',NULL),(20465,_binary '\0',NULL),(20466,_binary '\0',NULL),(20467,_binary '\0',NULL),(20468,_binary '\0',NULL),(20469,_binary '\0',NULL),(20470,_binary '\0',NULL),(20471,_binary '\0',NULL),(20472,_binary '\0',NULL),(20473,_binary '\0',NULL),(20474,_binary '\0',NULL),(20475,_binary '\0',NULL),(20476,_binary '\0',NULL),(20477,_binary '\0',NULL),(20478,_binary '\0',NULL),(20479,_binary '\0',NULL),(20480,_binary '\0',NULL),(20481,_binary '\0',NULL),(20482,_binary '\0',NULL),(20483,_binary '\0',NULL),(20484,_binary '\0',NULL),(20485,_binary '\0',NULL),(20486,_binary '\0',NULL),(20487,_binary '\0',NULL),(20488,_binary '\0',NULL),(20489,_binary '\0',NULL),(20490,_binary '\0',NULL),(20491,_binary '\0',NULL),(20492,_binary '\0',NULL),(20493,_binary '\0',NULL),(20494,_binary '\0',NULL),(20495,_binary '\0',NULL),(20496,_binary '\0',NULL),(20497,_binary '\0',NULL),(20498,_binary '\0',NULL),(20499,_binary '\0',NULL),(20500,_binary '\0',NULL),(20501,_binary '\0',NULL),(20502,_binary '\0',NULL),(20503,_binary '\0',NULL),(20504,_binary '\0',NULL),(20505,_binary '\0',NULL),(20506,_binary '\0',NULL),(20507,_binary '\0',NULL),(20508,_binary '\0',NULL),(20509,_binary '\0',NULL),(20510,_binary '\0',NULL),(20511,_binary '\0',NULL),(20512,_binary '\0',NULL),(20513,_binary '\0',NULL),(20514,_binary '\0',NULL),(20515,_binary '\0',NULL),(20516,_binary '\0',NULL),(20517,_binary '\0',NULL),(20518,_binary '\0',NULL),(20519,_binary '\0',NULL),(20520,_binary '\0',NULL),(20521,_binary '\0',NULL),(20522,_binary '\0',NULL),(20523,_binary '\0',NULL),(20524,_binary '\0',NULL),(20525,_binary '\0',NULL),(20526,_binary '\0',NULL),(20527,_binary '\0',NULL),(20528,_binary '\0',NULL),(20529,_binary '\0',NULL),(20530,_binary '\0',NULL),(20531,_binary '\0',NULL),(20532,_binary '\0',NULL),(20533,_binary '\0',NULL),(20534,_binary '\0',NULL),(20535,_binary '\0',NULL),(20536,_binary '\0',NULL),(20537,_binary '\0',NULL),(20538,_binary '\0',NULL),(20539,_binary '\0',NULL),(20540,_binary '\0',NULL),(20541,_binary '\0',NULL),(20542,_binary '\0',NULL),(20543,_binary '\0',NULL),(20544,_binary '\0',NULL),(20545,_binary '\0',NULL),(20546,_binary '\0',NULL),(20547,_binary '\0',NULL),(20548,_binary '\0',NULL),(20549,_binary '\0',NULL),(20550,_binary '\0',NULL),(20551,_binary '\0',NULL),(20552,_binary '\0',NULL),(20553,_binary '\0',NULL),(20554,_binary '\0',NULL),(20555,_binary '\0',NULL),(20556,_binary '\0',NULL),(20557,_binary '\0',NULL),(20558,_binary '\0',NULL),(20559,_binary '\0',NULL),(20560,_binary '\0',NULL),(20561,_binary '\0',NULL),(20562,_binary '\0',NULL),(20563,_binary '\0',NULL),(20564,_binary '\0',NULL),(20565,_binary '\0',NULL),(20566,_binary '\0',NULL),(20567,_binary '\0',NULL),(20568,_binary '\0',NULL),(20569,_binary '\0',NULL),(20570,_binary '\0',NULL),(20571,_binary '\0',NULL),(20572,_binary '\0',NULL),(20573,_binary '\0',NULL),(20574,_binary '\0',NULL),(20575,_binary '\0',NULL),(20576,_binary '\0',NULL),(20577,_binary '\0',NULL),(20578,_binary '\0',NULL),(20579,_binary '\0',NULL),(20580,_binary '\0',NULL),(20581,_binary '\0',NULL),(20582,_binary '\0',NULL),(20583,_binary '\0',NULL),(20584,_binary '\0',NULL),(20585,_binary '\0',NULL),(20586,_binary '\0',NULL),(20587,_binary '\0',NULL),(20588,_binary '\0',NULL),(20589,_binary '\0',NULL),(20590,_binary '\0',NULL),(20591,_binary '\0',NULL),(20592,_binary '\0',NULL),(20593,_binary '\0',NULL),(20594,_binary '\0',NULL),(20595,_binary '\0',NULL),(20596,_binary '\0',NULL),(20597,_binary '\0',NULL),(20598,_binary '\0',NULL),(20599,_binary '\0',NULL),(20600,_binary '\0',NULL),(20601,_binary '\0',NULL),(20602,_binary '\0',NULL),(20603,_binary '\0',NULL),(20604,_binary '\0',NULL),(20605,_binary '\0',NULL),(20606,_binary '\0',NULL),(20607,_binary '\0',NULL),(20608,_binary '\0',NULL),(20609,_binary '\0',NULL),(20610,_binary '\0',NULL),(20611,_binary '\0',NULL),(20612,_binary '\0',NULL),(20613,_binary '\0',NULL),(20614,_binary '\0',NULL),(20615,_binary '\0',NULL),(20616,_binary '\0',NULL),(20617,_binary '\0',NULL),(20618,_binary '\0',NULL),(20619,_binary '\0',NULL),(20620,_binary '\0',NULL),(20621,_binary '\0',NULL),(20622,_binary '\0',NULL),(20623,_binary '\0',NULL),(20624,_binary '\0',NULL),(20625,_binary '\0',NULL),(20626,_binary '\0',NULL),(20627,_binary '\0',NULL),(20628,_binary '\0',NULL),(20629,_binary '\0',NULL),(20630,_binary '\0',NULL),(20631,_binary '\0',NULL),(20632,_binary '\0',NULL),(20633,_binary '\0',NULL),(20634,_binary '\0',NULL),(20635,_binary '\0',NULL),(20636,_binary '\0',NULL),(20637,_binary '\0',NULL),(20638,_binary '\0',NULL),(20639,_binary '\0',NULL),(20640,_binary '\0',NULL),(20641,_binary '\0',NULL),(20642,_binary '\0',NULL),(20643,_binary '\0',NULL),(20644,_binary '\0',NULL),(20645,_binary '\0',NULL),(20646,_binary '\0',NULL),(20647,_binary '\0',NULL),(20648,_binary '\0',NULL),(20649,_binary '\0',NULL),(20650,_binary '\0',NULL),(20651,_binary '\0',NULL),(20652,_binary '\0',NULL),(20653,_binary '\0',NULL),(20654,_binary '\0',NULL),(20655,_binary '\0',NULL),(20656,_binary '\0',NULL),(20657,_binary '\0',NULL),(20658,_binary '\0',NULL),(20659,_binary '\0',NULL),(20660,_binary '\0',NULL),(20661,_binary '\0',NULL),(20662,_binary '\0',NULL),(20663,_binary '\0',NULL),(20664,_binary '\0',NULL),(20665,_binary '\0',NULL),(20666,_binary '\0',NULL),(20667,_binary '\0',NULL),(20668,_binary '\0',NULL),(20669,_binary '\0',NULL),(20670,_binary '\0',NULL),(20671,_binary '\0',NULL),(20672,_binary '\0',NULL),(20673,_binary '\0',NULL),(20674,_binary '\0',NULL),(20675,_binary '\0',NULL),(20676,_binary '\0',NULL),(20677,_binary '\0',NULL),(20678,_binary '\0',NULL),(20679,_binary '\0',NULL),(20680,_binary '\0',NULL),(20681,_binary '\0',NULL),(20682,_binary '\0',NULL),(20683,_binary '\0',NULL),(20684,_binary '\0',NULL),(20685,_binary '\0',NULL),(20686,_binary '\0',NULL),(20687,_binary '\0',NULL),(20688,_binary '\0',NULL),(20689,_binary '\0',NULL),(20690,_binary '\0',NULL),(20691,_binary '\0',NULL),(20692,_binary '\0',NULL),(20693,_binary '\0',NULL),(20694,_binary '\0',NULL),(20695,_binary '\0',NULL),(20696,_binary '\0',NULL),(20697,_binary '\0',NULL),(20698,_binary '\0',NULL),(20699,_binary '\0',NULL),(20700,_binary '\0',NULL),(20701,_binary '\0',NULL),(20702,_binary '\0',NULL),(20703,_binary '\0',NULL),(20704,_binary '\0',NULL),(20705,_binary '\0',NULL),(20706,_binary '\0',NULL),(20707,_binary '\0',NULL),(20708,_binary '\0',NULL),(20709,_binary '\0',NULL),(20710,_binary '\0',NULL),(20711,_binary '\0',NULL),(20712,_binary '\0',NULL),(20713,_binary '\0',NULL),(20714,_binary '\0',NULL),(20715,_binary '\0',NULL),(20716,_binary '\0',NULL),(20717,_binary '\0',NULL),(20718,_binary '\0',NULL),(20719,_binary '\0',NULL),(20720,_binary '\0',NULL),(20721,_binary '\0',NULL),(20722,_binary '\0',NULL),(20723,_binary '\0',NULL),(20724,_binary '\0',NULL),(20725,_binary '\0',NULL),(20726,_binary '\0',NULL),(20727,_binary '\0',NULL),(20728,_binary '\0',NULL),(20729,_binary '\0',NULL),(20730,_binary '\0',NULL),(20731,_binary '\0',NULL),(20732,_binary '\0',NULL),(20733,_binary '\0',NULL),(20734,_binary '\0',NULL),(20735,_binary '\0',NULL),(20736,_binary '\0',NULL),(20737,_binary '\0',NULL),(20738,_binary '\0',NULL),(20739,_binary '\0',NULL),(20740,_binary '\0',NULL),(20741,_binary '\0',NULL),(20742,_binary '\0',NULL),(20743,_binary '\0',NULL),(20744,_binary '\0',NULL),(20745,_binary '\0',NULL),(20746,_binary '\0',NULL),(20747,_binary '\0',NULL),(20748,_binary '\0',NULL),(20749,_binary '\0',NULL),(20750,_binary '\0',NULL),(20751,_binary '\0',NULL),(20752,_binary '\0',NULL),(20753,_binary '\0',NULL),(20754,_binary '\0',NULL),(20755,_binary '\0',NULL),(20756,_binary '\0',NULL),(20757,_binary '\0',NULL),(20758,_binary '\0',NULL),(20759,_binary '\0',NULL),(20760,_binary '\0',NULL),(20761,_binary '\0',NULL),(20762,_binary '\0',NULL),(20763,_binary '\0',NULL),(20764,_binary '\0',NULL),(20765,_binary '\0',NULL),(20766,_binary '\0',NULL),(20767,_binary '\0',NULL),(20768,_binary '\0',NULL),(20769,_binary '\0',NULL),(20770,_binary '\0',NULL),(20771,_binary '\0',NULL),(20772,_binary '\0',NULL),(20773,_binary '\0',NULL),(20774,_binary '\0',NULL),(20775,_binary '\0',NULL),(20776,_binary '\0',NULL),(20777,_binary '\0',NULL),(20778,_binary '\0',NULL),(20779,_binary '\0',NULL),(20780,_binary '\0',NULL),(20781,_binary '\0',NULL),(20782,_binary '\0',NULL),(20783,_binary '\0',NULL),(20784,_binary '\0',NULL),(20785,_binary '\0',NULL),(20786,_binary '\0',NULL),(20787,_binary '\0',NULL),(20788,_binary '\0',NULL),(20789,_binary '\0',NULL),(20790,_binary '\0',NULL),(20791,_binary '\0',NULL),(20792,_binary '\0',NULL),(20793,_binary '\0',NULL),(20794,_binary '\0',NULL),(20795,_binary '\0',NULL),(20796,_binary '\0',NULL),(20797,_binary '\0',NULL),(20798,_binary '\0',NULL),(20799,_binary '\0',NULL),(20800,_binary '\0',NULL),(20801,_binary '\0',NULL),(20802,_binary '\0',NULL),(20803,_binary '\0',NULL),(20804,_binary '\0',NULL),(20805,_binary '\0',NULL),(20806,_binary '\0',NULL),(20807,_binary '\0',NULL),(20808,_binary '\0',NULL),(20809,_binary '\0',NULL),(20810,_binary '\0',NULL),(20811,_binary '\0',NULL),(20812,_binary '\0',NULL),(20813,_binary '\0',NULL),(20814,_binary '\0',NULL),(20815,_binary '\0',NULL),(20816,_binary '\0',NULL),(20817,_binary '\0',NULL),(20818,_binary '\0',NULL),(20819,_binary '\0',NULL),(20820,_binary '\0',NULL),(20821,_binary '\0',NULL),(20822,_binary '\0',NULL),(20823,_binary '\0',NULL),(20824,_binary '\0',NULL),(20825,_binary '\0',NULL),(20826,_binary '\0',NULL),(20827,_binary '\0',NULL),(20828,_binary '\0',NULL),(20829,_binary '\0',NULL),(20830,_binary '\0',NULL),(20831,_binary '\0',NULL),(20832,_binary '\0',NULL),(20833,_binary '\0',NULL),(20834,_binary '\0',NULL),(20835,_binary '\0',NULL),(20836,_binary '\0',NULL),(20837,_binary '\0',NULL),(20838,_binary '\0',NULL),(20839,_binary '\0',NULL),(20840,_binary '\0',NULL),(20841,_binary '\0',NULL),(20842,_binary '\0',NULL),(20843,_binary '\0',NULL),(20844,_binary '\0',NULL),(20845,_binary '\0',NULL),(20846,_binary '\0',NULL),(20847,_binary '\0',NULL),(20848,_binary '\0',NULL),(20849,_binary '\0',NULL),(20850,_binary '\0',NULL),(20851,_binary '\0',NULL),(20852,_binary '\0',NULL),(20853,_binary '\0',NULL),(20854,_binary '\0',NULL),(20855,_binary '\0',NULL),(20856,_binary '\0',NULL),(20857,_binary '\0',NULL),(20858,_binary '\0',NULL),(20859,_binary '\0',NULL),(20860,_binary '\0',NULL),(20861,_binary '\0',NULL),(20862,_binary '\0',NULL),(20863,_binary '\0',NULL),(20864,_binary '\0',NULL),(20865,_binary '\0',NULL),(20866,_binary '\0',NULL),(20867,_binary '\0',NULL),(20868,_binary '\0',NULL),(20869,_binary '\0',NULL),(20870,_binary '\0',NULL),(20871,_binary '\0',NULL),(20872,_binary '\0',NULL),(20873,_binary '\0',NULL),(20874,_binary '\0',NULL),(20875,_binary '\0',NULL),(20876,_binary '\0',NULL),(20877,_binary '\0',NULL),(20878,_binary '\0',NULL),(20879,_binary '\0',NULL),(20880,_binary '\0',NULL),(20881,_binary '\0',NULL),(20882,_binary '\0',NULL),(20883,_binary '\0',NULL),(20884,_binary '\0',NULL),(20885,_binary '\0',NULL),(20886,_binary '\0',NULL),(20887,_binary '\0',NULL),(20888,_binary '\0',NULL),(20889,_binary '\0',NULL),(20890,_binary '\0',NULL),(20891,_binary '\0',NULL),(20892,_binary '\0',NULL),(20893,_binary '\0',NULL),(20894,_binary '\0',NULL),(20895,_binary '\0',NULL),(20896,_binary '\0',NULL),(20897,_binary '\0',NULL),(20898,_binary '\0',NULL),(20899,_binary '\0',NULL),(20900,_binary '\0',NULL),(20901,_binary '\0',NULL),(20902,_binary '\0',NULL),(20903,_binary '\0',NULL),(20904,_binary '\0',NULL),(20905,_binary '\0',NULL),(20906,_binary '\0',NULL),(20907,_binary '\0',NULL),(20908,_binary '\0',NULL),(20909,_binary '\0',NULL),(20910,_binary '\0',NULL),(20911,_binary '\0',NULL),(20912,_binary '\0',NULL),(20913,_binary '\0',NULL),(20914,_binary '\0',NULL),(20915,_binary '\0',NULL),(20916,_binary '\0',NULL),(20917,_binary '\0',NULL),(20918,_binary '\0',NULL),(20919,_binary '\0',NULL),(20920,_binary '\0',NULL),(20921,_binary '\0',NULL),(20922,_binary '\0',NULL),(20923,_binary '\0',NULL),(20924,_binary '\0',NULL),(20925,_binary '\0',NULL),(20926,_binary '\0',NULL),(20927,_binary '\0',NULL),(20928,_binary '\0',NULL),(20929,_binary '\0',NULL),(20930,_binary '\0',NULL),(20931,_binary '\0',NULL),(20932,_binary '\0',NULL),(20933,_binary '\0',NULL),(20934,_binary '\0',NULL),(20935,_binary '\0',NULL),(20936,_binary '\0',NULL),(20937,_binary '\0',NULL),(20938,_binary '\0',NULL),(20939,_binary '\0',NULL),(20940,_binary '\0',NULL),(20941,_binary '\0',NULL),(20942,_binary '\0',NULL),(20943,_binary '\0',NULL),(20944,_binary '\0',NULL),(20945,_binary '\0',NULL),(20946,_binary '\0',NULL),(20947,_binary '\0',NULL),(20948,_binary '\0',NULL),(20949,_binary '\0',NULL),(20950,_binary '\0',NULL),(20951,_binary '\0',NULL),(20952,_binary '\0',NULL),(20953,_binary '\0',NULL),(20954,_binary '\0',NULL),(20955,_binary '\0',NULL),(20956,_binary '\0',NULL),(20957,_binary '\0',NULL),(20958,_binary '\0',NULL),(20959,_binary '\0',NULL),(20960,_binary '\0',NULL),(20961,_binary '\0',NULL),(20962,_binary '\0',NULL),(20963,_binary '\0',NULL),(20964,_binary '\0',NULL),(20965,_binary '\0',NULL),(20966,_binary '\0',NULL),(20967,_binary '\0',NULL),(20968,_binary '\0',NULL),(20969,_binary '\0',NULL),(20970,_binary '\0',NULL),(20971,_binary '\0',NULL),(20972,_binary '\0',NULL),(20973,_binary '\0',NULL),(20974,_binary '\0',NULL),(20975,_binary '\0',NULL),(20976,_binary '\0',NULL),(20977,_binary '\0',NULL),(20978,_binary '\0',NULL),(20979,_binary '\0',NULL),(20980,_binary '\0',NULL),(20981,_binary '\0',NULL),(20982,_binary '\0',NULL),(20983,_binary '\0',NULL),(20984,_binary '\0',NULL),(20985,_binary '\0',NULL),(20986,_binary '\0',NULL),(20987,_binary '\0',NULL),(20988,_binary '\0',NULL),(20989,_binary '\0',NULL),(20990,_binary '\0',NULL),(20991,_binary '\0',NULL),(20992,_binary '\0',NULL),(20993,_binary '\0',NULL),(20994,_binary '\0',NULL),(20995,_binary '\0',NULL),(20996,_binary '\0',NULL),(20997,_binary '\0',NULL),(20998,_binary '\0',NULL),(20999,_binary '\0',NULL),(21000,_binary '\0',NULL),(21001,_binary '\0',NULL),(21002,_binary '\0',NULL),(21003,_binary '\0',NULL),(21004,_binary '\0',NULL),(21005,_binary '\0',NULL),(21006,_binary '\0',NULL),(21007,_binary '\0',NULL),(21008,_binary '\0',NULL),(21009,_binary '\0',NULL),(21010,_binary '\0',NULL),(21011,_binary '\0',NULL),(21012,_binary '\0',NULL),(21013,_binary '\0',NULL),(21014,_binary '\0',NULL),(21015,_binary '\0',NULL),(21016,_binary '\0',NULL),(21017,_binary '\0',NULL),(21018,_binary '\0',NULL),(21019,_binary '\0',NULL),(21020,_binary '\0',NULL),(21021,_binary '\0',NULL),(21022,_binary '\0',NULL),(21023,_binary '\0',NULL),(21024,_binary '\0',NULL),(21025,_binary '\0',NULL),(21026,_binary '\0',NULL),(21027,_binary '\0',NULL),(21028,_binary '\0',NULL),(21029,_binary '\0',NULL),(21030,_binary '\0',NULL),(21031,_binary '\0',NULL),(21032,_binary '\0',NULL),(21033,_binary '\0',NULL),(21034,_binary '\0',NULL),(21035,_binary '\0',NULL),(21036,_binary '\0',NULL),(21037,_binary '\0',NULL),(21038,_binary '\0',NULL),(21039,_binary '\0',NULL),(21040,_binary '\0',NULL),(21041,_binary '\0',NULL),(21042,_binary '\0',NULL),(21043,_binary '\0',NULL),(21044,_binary '\0',NULL),(21045,_binary '\0',NULL),(21046,_binary '\0',NULL),(21047,_binary '\0',NULL),(21048,_binary '\0',NULL),(21049,_binary '\0',NULL),(21050,_binary '\0',NULL),(21051,_binary '\0',NULL),(21052,_binary '\0',NULL),(21053,_binary '\0',NULL),(21054,_binary '\0',NULL),(21055,_binary '\0',NULL),(21056,_binary '\0',NULL),(21057,_binary '\0',NULL),(21058,_binary '\0',NULL),(21059,_binary '\0',NULL),(21060,_binary '\0',NULL),(21061,_binary '\0',NULL),(21062,_binary '\0',NULL),(21063,_binary '\0',NULL),(21064,_binary '\0',NULL),(21065,_binary '\0',NULL),(21066,_binary '\0',NULL),(21067,_binary '\0',NULL),(21068,_binary '\0',NULL),(21069,_binary '\0',NULL),(21070,_binary '\0',NULL),(21071,_binary '\0',NULL),(21072,_binary '\0',NULL),(21073,_binary '\0',NULL),(21074,_binary '\0',NULL),(21075,_binary '\0',NULL),(21076,_binary '\0',NULL),(21077,_binary '\0',NULL),(21078,_binary '\0',NULL),(21079,_binary '\0',NULL),(21080,_binary '\0',NULL),(21081,_binary '\0',NULL),(21082,_binary '\0',NULL),(21083,_binary '\0',NULL),(21084,_binary '\0',NULL),(21085,_binary '\0',NULL),(21086,_binary '\0',NULL),(21087,_binary '\0',NULL),(21088,_binary '\0',NULL),(21089,_binary '\0',NULL),(21090,_binary '\0',NULL),(21091,_binary '\0',NULL),(21092,_binary '\0',NULL),(21093,_binary '\0',NULL),(21094,_binary '\0',NULL),(21095,_binary '\0',NULL),(21096,_binary '\0',NULL),(21097,_binary '\0',NULL),(21098,_binary '\0',NULL),(21099,_binary '\0',NULL),(21100,_binary '\0',NULL),(21101,_binary '\0',NULL),(21102,_binary '\0',NULL),(21103,_binary '\0',NULL),(21104,_binary '\0',NULL),(21105,_binary '\0',NULL),(21106,_binary '\0',NULL),(21107,_binary '\0',NULL),(21108,_binary '\0',NULL),(21109,_binary '\0',NULL),(21110,_binary '\0',NULL),(21111,_binary '\0',NULL),(21112,_binary '\0',NULL),(21113,_binary '\0',NULL),(21114,_binary '\0',NULL),(21115,_binary '\0',NULL),(21116,_binary '\0',NULL),(21117,_binary '\0',NULL),(21118,_binary '\0',NULL),(21119,_binary '\0',NULL),(21120,_binary '\0',NULL),(21121,_binary '\0',NULL),(21122,_binary '\0',NULL),(21123,_binary '\0',NULL),(21124,_binary '\0',NULL),(21125,_binary '\0',NULL),(21126,_binary '\0',NULL),(21127,_binary '\0',NULL),(21128,_binary '\0',NULL),(21129,_binary '\0',NULL),(21130,_binary '\0',NULL),(21131,_binary '\0',NULL),(21132,_binary '\0',NULL),(21133,_binary '\0',NULL),(21134,_binary '\0',NULL),(21135,_binary '\0',NULL),(21136,_binary '\0',NULL),(21137,_binary '\0',NULL),(21138,_binary '\0',NULL),(21139,_binary '\0',NULL),(21140,_binary '\0',NULL),(21141,_binary '\0',NULL),(21142,_binary '\0',NULL),(21143,_binary '\0',NULL),(21144,_binary '\0',NULL),(21145,_binary '\0',NULL),(21146,_binary '\0',NULL),(21147,_binary '\0',NULL),(21148,_binary '\0',NULL),(21149,_binary '\0',NULL),(21150,_binary '\0',NULL),(21151,_binary '\0',NULL),(21152,_binary '\0',NULL),(21153,_binary '\0',NULL),(21154,_binary '\0',NULL),(21155,_binary '\0',NULL),(21156,_binary '\0',NULL),(21157,_binary '\0',NULL),(21158,_binary '\0',NULL),(21159,_binary '\0',NULL),(21160,_binary '\0',NULL),(21161,_binary '\0',NULL),(21162,_binary '\0',NULL),(21163,_binary '\0',NULL),(21164,_binary '\0',NULL),(21165,_binary '\0',NULL),(21166,_binary '\0',NULL),(21167,_binary '\0',NULL),(21168,_binary '\0',NULL),(21169,_binary '\0',NULL),(21170,_binary '\0',NULL),(21171,_binary '\0',NULL),(21172,_binary '\0',NULL),(21173,_binary '\0',NULL),(21174,_binary '\0',NULL),(21175,_binary '\0',NULL),(21176,_binary '\0',NULL),(21177,_binary '\0',NULL),(21178,_binary '\0',NULL),(21179,_binary '\0',NULL),(21180,_binary '\0',NULL),(21181,_binary '\0',NULL),(21182,_binary '\0',NULL),(21183,_binary '\0',NULL),(21184,_binary '\0',NULL),(21185,_binary '\0',NULL),(21186,_binary '\0',NULL),(21187,_binary '\0',NULL),(21188,_binary '\0',NULL),(21189,_binary '\0',NULL),(21190,_binary '\0',NULL),(21191,_binary '\0',NULL),(21192,_binary '\0',NULL),(21193,_binary '\0',NULL),(21194,_binary '\0',NULL),(21195,_binary '\0',NULL),(21196,_binary '\0',NULL),(21197,_binary '\0',NULL),(21198,_binary '\0',NULL),(21199,_binary '\0',NULL),(21200,_binary '\0',NULL),(21201,_binary '\0',NULL),(21202,_binary '\0',NULL),(21203,_binary '\0',NULL),(21204,_binary '\0',NULL),(21205,_binary '\0',NULL),(21206,_binary '\0',NULL),(21207,_binary '\0',NULL),(21208,_binary '\0',NULL),(21209,_binary '\0',NULL),(21210,_binary '\0',NULL),(21211,_binary '\0',NULL),(21212,_binary '\0',NULL),(21213,_binary '\0',NULL),(21214,_binary '\0',NULL),(21215,_binary '\0',NULL),(21216,_binary '\0',NULL),(21217,_binary '\0',NULL),(21218,_binary '\0',NULL),(21219,_binary '\0',NULL),(21220,_binary '\0',NULL),(21221,_binary '\0',NULL),(21222,_binary '\0',NULL),(21223,_binary '\0',NULL),(21224,_binary '\0',NULL),(21225,_binary '\0',NULL),(21226,_binary '\0',NULL),(21227,_binary '\0',NULL),(21228,_binary '\0',NULL),(21229,_binary '\0',NULL),(21230,_binary '\0',NULL),(21231,_binary '\0',NULL),(21232,_binary '\0',NULL),(21233,_binary '\0',NULL),(21234,_binary '\0',NULL),(21235,_binary '\0',NULL),(21236,_binary '\0',NULL),(21237,_binary '\0',NULL),(21238,_binary '\0',NULL),(21239,_binary '\0',NULL),(21240,_binary '\0',NULL),(21241,_binary '\0',NULL),(21242,_binary '\0',NULL),(21243,_binary '\0',NULL),(21244,_binary '\0',NULL),(21245,_binary '\0',NULL),(21246,_binary '\0',NULL),(21247,_binary '\0',NULL),(21248,_binary '\0',NULL),(21249,_binary '\0',NULL),(21250,_binary '\0',NULL),(21251,_binary '\0',NULL),(21252,_binary '\0',NULL),(21253,_binary '\0',NULL),(21254,_binary '\0',NULL),(21255,_binary '\0',NULL),(21256,_binary '\0',NULL),(21257,_binary '\0',NULL),(21258,_binary '\0',NULL),(21259,_binary '\0',NULL),(21260,_binary '\0',NULL),(21261,_binary '\0',NULL),(21262,_binary '\0',NULL),(21263,_binary '\0',NULL),(21264,_binary '\0',NULL),(21265,_binary '\0',NULL),(21266,_binary '\0',NULL),(21267,_binary '\0',NULL),(21268,_binary '\0',NULL),(21269,_binary '\0',NULL),(21270,_binary '\0',NULL),(21271,_binary '\0',NULL),(21272,_binary '\0',NULL),(21273,_binary '\0',NULL),(21274,_binary '\0',NULL),(21275,_binary '\0',NULL),(21276,_binary '\0',NULL),(21277,_binary '\0',NULL),(21278,_binary '\0',NULL),(21279,_binary '\0',NULL),(21280,_binary '\0',NULL),(21281,_binary '\0',NULL),(21282,_binary '\0',NULL),(21283,_binary '\0',NULL),(21284,_binary '\0',NULL),(21285,_binary '\0',NULL),(21286,_binary '\0',NULL),(21287,_binary '\0',NULL),(21288,_binary '\0',NULL),(21289,_binary '\0',NULL),(21290,_binary '\0',NULL),(21291,_binary '\0',NULL),(21292,_binary '\0',NULL),(21293,_binary '\0',NULL),(21294,_binary '\0',NULL),(21295,_binary '\0',NULL),(21296,_binary '\0',NULL),(21297,_binary '\0',NULL),(21298,_binary '\0',NULL),(21299,_binary '\0',NULL),(21300,_binary '\0',NULL),(21301,_binary '\0',NULL),(21302,_binary '\0',NULL),(21303,_binary '\0',NULL),(21304,_binary '\0',NULL),(21305,_binary '\0',NULL),(21306,_binary '\0',NULL),(21307,_binary '\0',NULL),(21308,_binary '\0',NULL),(21309,_binary '\0',NULL),(21310,_binary '\0',NULL),(21311,_binary '\0',NULL),(21312,_binary '\0',NULL),(21313,_binary '\0',NULL),(21314,_binary '\0',NULL),(21315,_binary '\0',NULL),(21316,_binary '\0',NULL),(21317,_binary '\0',NULL),(21318,_binary '\0',NULL),(21319,_binary '\0',NULL),(21320,_binary '\0',NULL),(21321,_binary '\0',NULL),(21322,_binary '\0',NULL),(21323,_binary '\0',NULL),(21324,_binary '\0',NULL),(21325,_binary '\0',NULL),(21326,_binary '\0',NULL),(21327,_binary '\0',NULL),(21328,_binary '\0',NULL),(21329,_binary '\0',NULL),(21330,_binary '\0',NULL),(21331,_binary '\0',NULL),(21332,_binary '\0',NULL),(21333,_binary '\0',NULL),(21334,_binary '\0',NULL),(21335,_binary '\0',NULL),(21336,_binary '\0',NULL),(21337,_binary '\0',NULL),(21338,_binary '\0',NULL),(21339,_binary '\0',NULL),(21340,_binary '\0',NULL),(21341,_binary '\0',NULL),(21342,_binary '\0',NULL),(21343,_binary '\0',NULL),(21344,_binary '\0',NULL),(21345,_binary '\0',NULL),(21346,_binary '\0',NULL),(21347,_binary '\0',NULL),(21348,_binary '\0',NULL),(21349,_binary '\0',NULL),(21350,_binary '\0',NULL),(21351,_binary '\0',NULL),(21352,_binary '\0',NULL),(21353,_binary '\0',NULL),(21354,_binary '\0',NULL),(21355,_binary '\0',NULL),(21356,_binary '\0',NULL),(21357,_binary '\0',NULL),(21358,_binary '\0',NULL),(21359,_binary '\0',NULL),(21360,_binary '\0',NULL),(21361,_binary '\0',NULL),(21362,_binary '\0',NULL),(21363,_binary '\0',NULL),(21364,_binary '\0',NULL),(21365,_binary '\0',NULL),(21366,_binary '\0',NULL),(21367,_binary '\0',NULL),(21368,_binary '\0',NULL),(21369,_binary '\0',NULL),(21370,_binary '\0',NULL),(21371,_binary '\0',NULL),(21372,_binary '\0',NULL),(21373,_binary '\0',NULL),(21374,_binary '\0',NULL),(21375,_binary '\0',NULL),(21376,_binary '\0',NULL),(21377,_binary '\0',NULL),(21378,_binary '\0',NULL),(21379,_binary '\0',NULL),(21380,_binary '\0',NULL),(21381,_binary '\0',NULL),(21382,_binary '\0',NULL),(21383,_binary '\0',NULL),(21384,_binary '\0',NULL),(21385,_binary '\0',NULL),(21386,_binary '\0',NULL),(21387,_binary '\0',NULL),(21388,_binary '\0',NULL),(21389,_binary '\0',NULL),(21390,_binary '\0',NULL),(21391,_binary '\0',NULL),(21392,_binary '\0',NULL),(21393,_binary '\0',NULL),(21394,_binary '\0',NULL),(21395,_binary '\0',NULL),(21396,_binary '\0',NULL),(21397,_binary '\0',NULL),(21398,_binary '\0',NULL),(21399,_binary '\0',NULL),(21400,_binary '\0',NULL),(21401,_binary '\0',NULL),(21402,_binary '\0',NULL),(21403,_binary '\0',NULL),(21404,_binary '\0',NULL),(21405,_binary '\0',NULL),(21406,_binary '\0',NULL),(21407,_binary '\0',NULL),(21408,_binary '\0',NULL),(21409,_binary '\0',NULL),(21410,_binary '\0',NULL),(21411,_binary '\0',NULL),(21412,_binary '\0',NULL),(21413,_binary '\0',NULL),(21414,_binary '\0',NULL),(21415,_binary '\0',NULL),(21416,_binary '\0',NULL),(21417,_binary '\0',NULL),(21418,_binary '\0',NULL),(21419,_binary '\0',NULL),(21420,_binary '\0',NULL),(21421,_binary '\0',NULL),(21422,_binary '\0',NULL),(21423,_binary '\0',NULL),(21424,_binary '\0',NULL),(21425,_binary '\0',NULL),(21426,_binary '\0',NULL),(21427,_binary '\0',NULL),(21428,_binary '\0',NULL),(21429,_binary '\0',NULL),(21430,_binary '\0',NULL),(21431,_binary '\0',NULL),(21432,_binary '\0',NULL),(21433,_binary '\0',NULL),(21434,_binary '\0',NULL),(21435,_binary '\0',NULL),(21436,_binary '\0',NULL),(21437,_binary '\0',NULL),(21438,_binary '\0',NULL),(21439,_binary '\0',NULL),(21440,_binary '\0',NULL),(21441,_binary '\0',NULL),(21442,_binary '\0',NULL),(21443,_binary '\0',NULL),(21444,_binary '\0',NULL),(21445,_binary '\0',NULL),(21446,_binary '\0',NULL),(21447,_binary '\0',NULL),(21448,_binary '\0',NULL),(21449,_binary '\0',NULL),(21450,_binary '\0',NULL),(21451,_binary '\0',NULL),(21452,_binary '\0',NULL),(21453,_binary '\0',NULL),(21454,_binary '\0',NULL),(21455,_binary '\0',NULL),(21456,_binary '\0',NULL),(21457,_binary '\0',NULL),(21458,_binary '\0',NULL),(21459,_binary '\0',NULL),(21460,_binary '\0',NULL),(21461,_binary '\0',NULL),(21462,_binary '\0',NULL),(21463,_binary '\0',NULL),(21464,_binary '\0',NULL),(21465,_binary '\0',NULL),(21466,_binary '\0',NULL),(21467,_binary '\0',NULL),(21468,_binary '\0',NULL),(21469,_binary '\0',NULL),(21470,_binary '\0',NULL),(21471,_binary '\0',NULL),(21472,_binary '\0',NULL),(21473,_binary '\0',NULL),(21474,_binary '\0',NULL),(21475,_binary '\0',NULL),(21476,_binary '\0',NULL),(21477,_binary '\0',NULL),(21478,_binary '\0',NULL),(21479,_binary '\0',NULL),(21480,_binary '\0',NULL),(21481,_binary '\0',NULL),(21482,_binary '\0',NULL),(21483,_binary '\0',NULL),(21484,_binary '\0',NULL),(21485,_binary '\0',NULL),(21486,_binary '\0',NULL),(21487,_binary '\0',NULL),(21488,_binary '\0',NULL),(21489,_binary '\0',NULL),(21490,_binary '\0',NULL),(21491,_binary '\0',NULL),(21492,_binary '\0',NULL),(21493,_binary '\0',NULL),(21494,_binary '\0',NULL),(21495,_binary '\0',NULL),(21496,_binary '\0',NULL),(21497,_binary '\0',NULL),(21498,_binary '\0',NULL),(21499,_binary '\0',NULL),(21500,_binary '\0',NULL),(21501,_binary '\0',NULL),(21502,_binary '\0',NULL),(21503,_binary '\0',NULL),(21504,_binary '\0',NULL),(21505,_binary '\0',NULL),(21506,_binary '\0',NULL),(21507,_binary '\0',NULL),(21508,_binary '\0',NULL),(21509,_binary '\0',NULL),(21510,_binary '\0',NULL),(21511,_binary '\0',NULL),(21512,_binary '\0',NULL),(21513,_binary '\0',NULL),(21514,_binary '\0',NULL),(21515,_binary '\0',NULL),(21516,_binary '\0',NULL),(21517,_binary '\0',NULL),(21518,_binary '\0',NULL),(21519,_binary '\0',NULL),(21520,_binary '\0',NULL),(21521,_binary '\0',NULL),(21522,_binary '\0',NULL),(21523,_binary '\0',NULL),(21524,_binary '\0',NULL),(21525,_binary '\0',NULL),(21526,_binary '\0',NULL),(21527,_binary '\0',NULL),(21528,_binary '\0',NULL),(21529,_binary '\0',NULL),(21530,_binary '\0',NULL),(21531,_binary '\0',NULL),(21532,_binary '\0',NULL),(21533,_binary '\0',NULL),(21534,_binary '\0',NULL),(21535,_binary '\0',NULL),(21536,_binary '\0',NULL),(21537,_binary '\0',NULL),(21538,_binary '\0',NULL),(21539,_binary '\0',NULL),(21540,_binary '\0',NULL),(21541,_binary '\0',NULL),(21542,_binary '\0',NULL),(21543,_binary '\0',NULL),(21544,_binary '\0',NULL),(21545,_binary '\0',NULL),(21546,_binary '\0',NULL),(21547,_binary '\0',NULL),(21548,_binary '\0',NULL),(21549,_binary '\0',NULL),(21550,_binary '\0',NULL),(21551,_binary '\0',NULL),(21552,_binary '\0',NULL),(21553,_binary '\0',NULL),(21554,_binary '\0',NULL),(21555,_binary '\0',NULL),(21556,_binary '\0',NULL),(21557,_binary '\0',NULL),(21558,_binary '\0',NULL),(21559,_binary '\0',NULL),(21560,_binary '\0',NULL),(21561,_binary '\0',NULL),(21562,_binary '\0',NULL),(21563,_binary '\0',NULL),(21564,_binary '\0',NULL),(21565,_binary '\0',NULL),(21566,_binary '\0',NULL),(21567,_binary '\0',NULL),(21568,_binary '\0',NULL),(21569,_binary '\0',NULL),(21570,_binary '\0',NULL),(21571,_binary '\0',NULL),(21572,_binary '\0',NULL),(21573,_binary '\0',NULL),(21574,_binary '\0',NULL),(21575,_binary '\0',NULL),(21576,_binary '\0',NULL),(21577,_binary '\0',NULL),(21578,_binary '\0',NULL),(21579,_binary '\0',NULL),(21580,_binary '\0',NULL),(21581,_binary '\0',NULL),(21582,_binary '\0',NULL),(21583,_binary '\0',NULL),(21584,_binary '\0',NULL),(21585,_binary '\0',NULL),(21586,_binary '\0',NULL),(21587,_binary '\0',NULL),(21588,_binary '\0',NULL),(21589,_binary '\0',NULL),(21590,_binary '\0',NULL),(21591,_binary '\0',NULL),(21592,_binary '\0',NULL),(21593,_binary '\0',NULL),(21594,_binary '\0',NULL),(21595,_binary '\0',NULL),(21596,_binary '\0',NULL),(21597,_binary '\0',NULL),(21598,_binary '\0',NULL),(21599,_binary '\0',NULL),(21600,_binary '\0',NULL),(21601,_binary '\0',NULL),(21602,_binary '\0',NULL),(21603,_binary '\0',NULL),(21604,_binary '\0',NULL),(21605,_binary '\0',NULL),(21606,_binary '\0',NULL),(21607,_binary '\0',NULL),(21608,_binary '\0',NULL),(21609,_binary '\0',NULL),(21610,_binary '\0',NULL),(21611,_binary '\0',NULL),(21612,_binary '\0',NULL),(21613,_binary '\0',NULL),(21614,_binary '\0',NULL),(21615,_binary '\0',NULL),(21616,_binary '\0',NULL),(21617,_binary '\0',NULL),(21618,_binary '\0',NULL),(21619,_binary '\0',NULL),(21620,_binary '\0',NULL),(21621,_binary '\0',NULL),(21622,_binary '\0',NULL),(21623,_binary '\0',NULL),(21624,_binary '\0',NULL),(21625,_binary '\0',NULL),(21626,_binary '\0',NULL),(21627,_binary '\0',NULL),(21628,_binary '\0',NULL),(21629,_binary '\0',NULL),(21630,_binary '\0',NULL),(21631,_binary '\0',NULL),(21632,_binary '\0',NULL),(21633,_binary '\0',NULL),(21634,_binary '\0',NULL),(21635,_binary '\0',NULL),(21636,_binary '\0',NULL),(21637,_binary '\0',NULL),(21638,_binary '\0',NULL),(21639,_binary '\0',NULL),(21640,_binary '\0',NULL),(21641,_binary '\0',NULL),(21642,_binary '\0',NULL),(21643,_binary '\0',NULL),(21644,_binary '\0',NULL),(21645,_binary '\0',NULL),(21646,_binary '\0',NULL),(21647,_binary '\0',NULL),(21648,_binary '\0',NULL),(21649,_binary '\0',NULL),(21650,_binary '\0',NULL),(21651,_binary '\0',NULL),(21652,_binary '\0',NULL),(21653,_binary '\0',NULL),(21654,_binary '\0',NULL),(21655,_binary '\0',NULL),(21656,_binary '\0',NULL),(21657,_binary '\0',NULL),(21658,_binary '\0',NULL),(21659,_binary '\0',NULL),(21660,_binary '\0',NULL),(21661,_binary '\0',NULL),(21662,_binary '\0',NULL),(21663,_binary '\0',NULL),(21664,_binary '\0',NULL),(21665,_binary '\0',NULL),(21666,_binary '\0',NULL),(21667,_binary '\0',NULL),(21668,_binary '\0',NULL),(21669,_binary '\0',NULL),(21670,_binary '\0',NULL),(21671,_binary '\0',NULL),(21672,_binary '\0',NULL),(21673,_binary '\0',NULL),(21674,_binary '\0',NULL),(21675,_binary '\0',NULL),(21676,_binary '\0',NULL),(21677,_binary '\0',NULL),(21678,_binary '\0',NULL),(21679,_binary '\0',NULL),(21680,_binary '\0',NULL),(21681,_binary '\0',NULL),(21682,_binary '\0',NULL),(21683,_binary '\0',NULL),(21684,_binary '\0',NULL),(21685,_binary '\0',NULL),(21686,_binary '\0',NULL),(21687,_binary '\0',NULL),(21688,_binary '\0',NULL),(21689,_binary '\0',NULL),(21690,_binary '\0',NULL),(21691,_binary '\0',NULL),(21692,_binary '\0',NULL),(21693,_binary '\0',NULL),(21694,_binary '\0',NULL),(21695,_binary '\0',NULL),(21696,_binary '\0',NULL),(21697,_binary '\0',NULL),(21698,_binary '\0',NULL),(21699,_binary '\0',NULL),(21700,_binary '\0',NULL),(21701,_binary '\0',NULL),(21702,_binary '\0',NULL),(21703,_binary '\0',NULL),(21704,_binary '\0',NULL),(21705,_binary '\0',NULL),(21706,_binary '\0',NULL),(21707,_binary '\0',NULL),(21708,_binary '\0',NULL),(21709,_binary '\0',NULL),(21710,_binary '\0',NULL),(21711,_binary '\0',NULL),(21712,_binary '\0',NULL),(21713,_binary '\0',NULL),(21714,_binary '\0',NULL),(21715,_binary '\0',NULL),(21716,_binary '\0',NULL),(21717,_binary '\0',NULL),(21718,_binary '\0',NULL),(21719,_binary '\0',NULL),(21720,_binary '\0',NULL),(21721,_binary '\0',NULL),(21722,_binary '\0',NULL),(21723,_binary '\0',NULL),(21724,_binary '\0',NULL),(21725,_binary '\0',NULL),(21726,_binary '\0',NULL),(21727,_binary '\0',NULL),(21728,_binary '\0',NULL),(21729,_binary '\0',NULL),(21730,_binary '\0',NULL),(21731,_binary '\0',NULL),(21732,_binary '\0',NULL),(21733,_binary '\0',NULL),(21734,_binary '\0',NULL),(21735,_binary '\0',NULL),(21736,_binary '\0',NULL),(21737,_binary '\0',NULL),(21738,_binary '\0',NULL),(21739,_binary '\0',NULL),(21740,_binary '\0',NULL),(21741,_binary '\0',NULL),(21742,_binary '\0',NULL),(21743,_binary '\0',NULL),(21744,_binary '\0',NULL),(21745,_binary '\0',NULL),(21746,_binary '\0',NULL),(21747,_binary '\0',NULL),(21748,_binary '\0',NULL),(21749,_binary '\0',NULL),(21750,_binary '\0',NULL),(21751,_binary '\0',NULL),(21752,_binary '\0',NULL),(21753,_binary '\0',NULL),(21754,_binary '\0',NULL),(21755,_binary '\0',NULL),(21756,_binary '\0',NULL),(21757,_binary '\0',NULL),(21758,_binary '\0',NULL),(21759,_binary '\0',NULL),(21760,_binary '\0',NULL),(21761,_binary '\0',NULL),(21762,_binary '\0',NULL),(21763,_binary '\0',NULL),(21764,_binary '\0',NULL),(21765,_binary '\0',NULL),(21766,_binary '\0',NULL),(21767,_binary '\0',NULL),(21768,_binary '\0',NULL),(21769,_binary '\0',NULL),(21770,_binary '\0',NULL),(21771,_binary '\0',NULL),(21772,_binary '\0',NULL),(21773,_binary '\0',NULL),(21774,_binary '\0',NULL),(21775,_binary '\0',NULL),(21776,_binary '\0',NULL),(21777,_binary '\0',NULL),(21778,_binary '\0',NULL),(21779,_binary '\0',NULL),(21780,_binary '\0',NULL),(21781,_binary '\0',NULL),(21782,_binary '\0',NULL),(21783,_binary '\0',NULL),(21784,_binary '\0',NULL),(21785,_binary '\0',NULL),(21786,_binary '\0',NULL),(21787,_binary '\0',NULL),(21788,_binary '\0',NULL),(21789,_binary '\0',NULL),(21790,_binary '\0',NULL),(21791,_binary '\0',NULL),(21792,_binary '\0',NULL),(21793,_binary '\0',NULL),(21794,_binary '\0',NULL),(21795,_binary '\0',NULL),(21796,_binary '\0',NULL),(21797,_binary '\0',NULL),(21798,_binary '\0',NULL),(21799,_binary '\0',NULL),(21800,_binary '\0',NULL),(21801,_binary '\0',NULL),(21802,_binary '\0',NULL),(21803,_binary '\0',NULL),(21804,_binary '\0',NULL),(21805,_binary '\0',NULL),(21806,_binary '\0',NULL),(21807,_binary '\0',NULL),(21808,_binary '\0',NULL),(21809,_binary '\0',NULL),(21810,_binary '\0',NULL),(21811,_binary '\0',NULL),(21812,_binary '\0',NULL),(21813,_binary '\0',NULL),(21814,_binary '\0',NULL),(21815,_binary '\0',NULL),(21816,_binary '\0',NULL),(21817,_binary '\0',NULL),(21818,_binary '\0',NULL),(21819,_binary '\0',NULL),(21820,_binary '\0',NULL),(21821,_binary '\0',NULL),(21822,_binary '\0',NULL),(21823,_binary '\0',NULL),(21824,_binary '\0',NULL),(21825,_binary '\0',NULL),(21826,_binary '\0',NULL),(21827,_binary '\0',NULL),(21828,_binary '\0',NULL),(21829,_binary '\0',NULL),(21830,_binary '\0',NULL),(21831,_binary '\0',NULL),(21832,_binary '\0',NULL),(21833,_binary '\0',NULL),(21834,_binary '\0',NULL),(21835,_binary '\0',NULL),(21836,_binary '\0',NULL),(21837,_binary '\0',NULL),(21838,_binary '\0',NULL),(21839,_binary '\0',NULL),(21840,_binary '\0',NULL),(21841,_binary '\0',NULL),(21842,_binary '\0',NULL),(21843,_binary '\0',NULL),(21844,_binary '\0',NULL),(21845,_binary '\0',NULL),(21846,_binary '\0',NULL),(21847,_binary '\0',NULL),(21848,_binary '\0',NULL),(21849,_binary '\0',NULL),(21850,_binary '\0',NULL),(21851,_binary '\0',NULL),(21852,_binary '\0',NULL),(21853,_binary '\0',NULL),(21854,_binary '\0',NULL),(21855,_binary '\0',NULL),(21856,_binary '\0',NULL),(21857,_binary '\0',NULL),(21858,_binary '\0',NULL),(21859,_binary '\0',NULL),(21860,_binary '\0',NULL),(21861,_binary '\0',NULL),(21862,_binary '\0',NULL),(21863,_binary '\0',NULL),(21864,_binary '\0',NULL),(21865,_binary '\0',NULL),(21866,_binary '\0',NULL),(21867,_binary '\0',NULL),(21868,_binary '\0',NULL),(21869,_binary '\0',NULL),(21870,_binary '\0',NULL),(21871,_binary '\0',NULL),(21872,_binary '\0',NULL),(21873,_binary '\0',NULL),(21874,_binary '\0',NULL),(21875,_binary '\0',NULL),(21876,_binary '\0',NULL),(21877,_binary '\0',NULL),(21878,_binary '\0',NULL),(21879,_binary '\0',NULL),(21880,_binary '\0',NULL),(21881,_binary '\0',NULL),(21882,_binary '\0',NULL),(21883,_binary '\0',NULL),(21884,_binary '\0',NULL),(21885,_binary '\0',NULL),(21886,_binary '\0',NULL),(21887,_binary '\0',NULL),(21888,_binary '\0',NULL),(21889,_binary '\0',NULL),(21890,_binary '\0',NULL),(21891,_binary '\0',NULL),(21892,_binary '\0',NULL),(21893,_binary '\0',NULL),(21894,_binary '\0',NULL),(21895,_binary '\0',NULL),(21896,_binary '\0',NULL),(21897,_binary '\0',NULL),(21898,_binary '\0',NULL),(21899,_binary '\0',NULL),(21900,_binary '\0',NULL),(21901,_binary '\0',NULL),(21902,_binary '\0',NULL),(21903,_binary '\0',NULL),(21904,_binary '\0',NULL),(21905,_binary '\0',NULL),(21906,_binary '\0',NULL),(21907,_binary '\0',NULL),(21908,_binary '\0',NULL),(21909,_binary '\0',NULL),(21910,_binary '\0',NULL),(21911,_binary '\0',NULL),(21912,_binary '\0',NULL),(21913,_binary '\0',NULL),(21914,_binary '\0',NULL),(21915,_binary '\0',NULL),(21916,_binary '\0',NULL),(21917,_binary '\0',NULL),(21918,_binary '\0',NULL),(21919,_binary '\0',NULL),(21920,_binary '\0',NULL),(21921,_binary '\0',NULL),(21922,_binary '\0',NULL),(21923,_binary '\0',NULL),(21924,_binary '\0',NULL),(21925,_binary '\0',NULL),(21926,_binary '\0',NULL),(21927,_binary '\0',NULL),(21928,_binary '\0',NULL),(21929,_binary '\0',NULL),(21930,_binary '\0',NULL),(21931,_binary '\0',NULL),(21932,_binary '\0',NULL),(21933,_binary '\0',NULL),(21934,_binary '\0',NULL),(21935,_binary '\0',NULL),(21936,_binary '\0',NULL),(21937,_binary '\0',NULL),(21938,_binary '\0',NULL),(21939,_binary '\0',NULL),(21940,_binary '\0',NULL),(21941,_binary '\0',NULL),(21942,_binary '\0',NULL),(21943,_binary '\0',NULL),(21944,_binary '\0',NULL),(21945,_binary '\0',NULL),(21946,_binary '\0',NULL),(21947,_binary '\0',NULL),(21948,_binary '\0',NULL),(21949,_binary '\0',NULL),(21950,_binary '\0',NULL),(21951,_binary '\0',NULL),(21952,_binary '\0',NULL),(21953,_binary '\0',NULL),(21954,_binary '\0',NULL),(21955,_binary '\0',NULL),(21956,_binary '\0',NULL),(21957,_binary '\0',NULL),(21958,_binary '\0',NULL),(21959,_binary '\0',NULL),(21960,_binary '\0',NULL),(21961,_binary '\0',NULL),(21962,_binary '\0',NULL),(21963,_binary '\0',NULL),(21964,_binary '\0',NULL),(21965,_binary '\0',NULL),(21966,_binary '\0',NULL),(21967,_binary '\0',NULL),(21968,_binary '\0',NULL),(21969,_binary '\0',NULL),(21970,_binary '\0',NULL),(21971,_binary '\0',NULL),(21972,_binary '\0',NULL),(21973,_binary '\0',NULL),(21974,_binary '\0',NULL),(21975,_binary '\0',NULL),(21976,_binary '\0',NULL),(21977,_binary '\0',NULL),(21978,_binary '\0',NULL),(21979,_binary '\0',NULL),(21980,_binary '\0',NULL),(21981,_binary '\0',NULL),(21982,_binary '\0',NULL),(21983,_binary '\0',NULL),(21984,_binary '\0',NULL),(21985,_binary '\0',NULL),(21986,_binary '\0',NULL),(21987,_binary '\0',NULL),(21988,_binary '\0',NULL),(21989,_binary '\0',NULL),(21990,_binary '\0',NULL),(21991,_binary '\0',NULL),(21992,_binary '\0',NULL),(21993,_binary '\0',NULL),(21994,_binary '\0',NULL),(21995,_binary '\0',NULL),(21996,_binary '\0',NULL),(21997,_binary '\0',NULL),(21998,_binary '\0',NULL),(21999,_binary '\0',NULL),(22000,_binary '\0',NULL),(22001,_binary '\0',NULL),(22002,_binary '\0',NULL),(22003,_binary '\0',NULL),(22004,_binary '\0',NULL),(22005,_binary '\0',NULL),(22006,_binary '\0',NULL),(22007,_binary '\0',NULL),(22008,_binary '\0',NULL),(22009,_binary '\0',NULL),(22010,_binary '\0',NULL),(22011,_binary '\0',NULL),(22012,_binary '\0',NULL),(22013,_binary '\0',NULL),(22014,_binary '\0',NULL),(22015,_binary '\0',NULL),(22016,_binary '\0',NULL),(22017,_binary '\0',NULL),(22018,_binary '\0',NULL),(22019,_binary '\0',NULL),(22020,_binary '\0',NULL),(22021,_binary '\0',NULL),(22022,_binary '\0',NULL),(22023,_binary '\0',NULL),(22024,_binary '\0',NULL),(22025,_binary '\0',NULL),(22026,_binary '\0',NULL),(22027,_binary '\0',NULL),(22028,_binary '\0',NULL),(22029,_binary '\0',NULL),(22030,_binary '\0',NULL),(22031,_binary '\0',NULL),(22032,_binary '\0',NULL),(22033,_binary '\0',NULL),(22034,_binary '\0',NULL),(22035,_binary '\0',NULL),(22036,_binary '\0',NULL),(22037,_binary '\0',NULL),(22038,_binary '\0',NULL),(22039,_binary '\0',NULL),(22040,_binary '\0',NULL),(22041,_binary '\0',NULL),(22042,_binary '\0',NULL),(22043,_binary '\0',NULL),(22044,_binary '\0',NULL),(22045,_binary '\0',NULL),(22046,_binary '\0',NULL),(22047,_binary '\0',NULL),(22048,_binary '\0',NULL),(22049,_binary '\0',NULL),(22050,_binary '\0',NULL),(22051,_binary '\0',NULL),(22052,_binary '\0',NULL),(22053,_binary '\0',NULL),(22054,_binary '\0',NULL),(22055,_binary '\0',NULL),(22056,_binary '\0',NULL),(22057,_binary '\0',NULL),(22058,_binary '\0',NULL),(22059,_binary '\0',NULL),(22060,_binary '\0',NULL),(22061,_binary '\0',NULL),(22062,_binary '\0',NULL),(22063,_binary '\0',NULL),(22064,_binary '\0',NULL),(22065,_binary '\0',NULL),(22066,_binary '\0',NULL),(22067,_binary '\0',NULL),(22068,_binary '\0',NULL),(22069,_binary '\0',NULL),(22070,_binary '\0',NULL),(22071,_binary '\0',NULL),(22072,_binary '\0',NULL),(22073,_binary '\0',NULL),(22074,_binary '\0',NULL),(22075,_binary '\0',NULL),(22076,_binary '\0',NULL),(22077,_binary '\0',NULL),(22078,_binary '\0',NULL),(22079,_binary '\0',NULL),(22080,_binary '\0',NULL),(22081,_binary '\0',NULL),(22082,_binary '\0',NULL),(22083,_binary '\0',NULL),(22084,_binary '\0',NULL),(22085,_binary '\0',NULL),(22086,_binary '\0',NULL),(22087,_binary '\0',NULL),(22088,_binary '\0',NULL),(22089,_binary '\0',NULL),(22090,_binary '\0',NULL),(22091,_binary '\0',NULL),(22092,_binary '\0',NULL),(22093,_binary '\0',NULL),(22094,_binary '\0',NULL),(22095,_binary '\0',NULL),(22096,_binary '\0',NULL),(22097,_binary '\0',NULL),(22098,_binary '\0',NULL),(22099,_binary '\0',NULL),(22100,_binary '\0',NULL),(22101,_binary '\0',NULL),(22102,_binary '\0',NULL),(22103,_binary '\0',NULL),(22104,_binary '\0',NULL),(22105,_binary '\0',NULL),(22106,_binary '\0',NULL),(22107,_binary '\0',NULL),(22108,_binary '\0',NULL),(22109,_binary '\0',NULL),(22110,_binary '\0',NULL),(22111,_binary '\0',NULL),(22112,_binary '\0',NULL),(22113,_binary '\0',NULL),(22114,_binary '\0',NULL),(22115,_binary '\0',NULL),(22116,_binary '\0',NULL),(22117,_binary '\0',NULL),(22118,_binary '\0',NULL),(22119,_binary '\0',NULL),(22120,_binary '\0',NULL),(22121,_binary '\0',NULL),(22122,_binary '\0',NULL),(22123,_binary '\0',NULL),(22124,_binary '\0',NULL),(22125,_binary '\0',NULL),(22126,_binary '\0',NULL),(22127,_binary '\0',NULL),(22128,_binary '\0',NULL),(22129,_binary '\0',NULL),(22130,_binary '\0',NULL),(22131,_binary '\0',NULL),(22132,_binary '\0',NULL),(22133,_binary '\0',NULL),(22134,_binary '\0',NULL),(22135,_binary '\0',NULL),(22136,_binary '\0',NULL),(22137,_binary '\0',NULL),(22138,_binary '\0',NULL),(22139,_binary '\0',NULL),(22140,_binary '\0',NULL),(22141,_binary '\0',NULL),(22142,_binary '\0',NULL),(22143,_binary '\0',NULL),(22144,_binary '\0',NULL),(22145,_binary '\0',NULL),(22146,_binary '\0',NULL),(22147,_binary '\0',NULL),(22148,_binary '\0',NULL),(22149,_binary '\0',NULL),(22150,_binary '\0',NULL),(22151,_binary '\0',NULL),(22152,_binary '\0',NULL),(22153,_binary '\0',NULL),(22154,_binary '\0',NULL),(22155,_binary '\0',NULL),(22156,_binary '\0',NULL),(22157,_binary '\0',NULL),(22158,_binary '\0',NULL),(22159,_binary '\0',NULL),(22160,_binary '\0',NULL),(22161,_binary '\0',NULL),(22162,_binary '\0',NULL),(22163,_binary '\0',NULL),(22164,_binary '\0',NULL),(22165,_binary '\0',NULL),(22166,_binary '\0',NULL),(22167,_binary '\0',NULL),(22168,_binary '\0',NULL),(22169,_binary '\0',NULL),(22170,_binary '\0',NULL),(22171,_binary '\0',NULL),(22172,_binary '\0',NULL),(22173,_binary '\0',NULL),(22174,_binary '\0',NULL),(22175,_binary '\0',NULL),(22176,_binary '\0',NULL),(22177,_binary '\0',NULL),(22178,_binary '\0',NULL),(22179,_binary '\0',NULL),(22180,_binary '\0',NULL),(22181,_binary '\0',NULL),(22182,_binary '\0',NULL),(22183,_binary '\0',NULL),(22184,_binary '\0',NULL),(22185,_binary '\0',NULL),(22186,_binary '\0',NULL),(22187,_binary '\0',NULL),(22188,_binary '\0',NULL),(22189,_binary '\0',NULL),(22190,_binary '\0',NULL),(22191,_binary '\0',NULL),(22192,_binary '\0',NULL),(22193,_binary '\0',NULL),(22194,_binary '\0',NULL),(22195,_binary '\0',NULL),(22196,_binary '\0',NULL),(22197,_binary '\0',NULL),(22198,_binary '\0',NULL),(22199,_binary '\0',NULL),(22200,_binary '\0',NULL),(22201,_binary '\0',NULL),(22202,_binary '\0',NULL),(22203,_binary '\0',NULL),(22204,_binary '\0',NULL),(22205,_binary '\0',NULL),(22206,_binary '\0',NULL),(22207,_binary '\0',NULL),(22208,_binary '\0',NULL),(22209,_binary '\0',NULL),(22210,_binary '\0',NULL),(22211,_binary '\0',NULL),(22212,_binary '\0',NULL),(22213,_binary '\0',NULL),(22214,_binary '\0',NULL),(22215,_binary '\0',NULL),(22216,_binary '\0',NULL),(22217,_binary '\0',NULL),(22218,_binary '\0',NULL),(22219,_binary '\0',NULL),(22220,_binary '\0',NULL),(22221,_binary '\0',NULL),(22222,_binary '\0',NULL),(22223,_binary '\0',NULL),(22224,_binary '\0',NULL),(22225,_binary '\0',NULL),(22226,_binary '\0',NULL),(22227,_binary '\0',NULL),(22228,_binary '\0',NULL),(22229,_binary '\0',NULL),(22230,_binary '\0',NULL),(22231,_binary '\0',NULL),(22232,_binary '\0',NULL),(22233,_binary '\0',NULL),(22234,_binary '\0',NULL),(22235,_binary '\0',NULL),(22236,_binary '\0',NULL),(22237,_binary '\0',NULL),(22238,_binary '\0',NULL),(22239,_binary '\0',NULL),(22240,_binary '\0',NULL),(22241,_binary '\0',NULL),(22242,_binary '\0',NULL),(22243,_binary '\0',NULL),(22244,_binary '\0',NULL),(22245,_binary '\0',NULL),(22246,_binary '\0',NULL),(22247,_binary '\0',NULL),(22248,_binary '\0',NULL),(22249,_binary '\0',NULL),(22250,_binary '\0',NULL),(22251,_binary '\0',NULL),(22252,_binary '\0',NULL),(22253,_binary '\0',NULL),(22254,_binary '\0',NULL),(22255,_binary '\0',NULL),(22256,_binary '\0',NULL),(22257,_binary '\0',NULL),(22258,_binary '\0',NULL),(22259,_binary '\0',NULL),(22260,_binary '\0',NULL),(22261,_binary '\0',NULL),(22262,_binary '\0',NULL),(22263,_binary '\0',NULL),(22264,_binary '\0',NULL),(22265,_binary '\0',NULL),(22266,_binary '\0',NULL),(22267,_binary '\0',NULL),(22268,_binary '\0',NULL),(22269,_binary '\0',NULL),(22270,_binary '\0',NULL),(22271,_binary '\0',NULL),(22272,_binary '\0',NULL),(22273,_binary '\0',NULL),(22274,_binary '\0',NULL),(22275,_binary '\0',NULL),(22276,_binary '\0',NULL),(22277,_binary '\0',NULL),(22278,_binary '\0',NULL),(22279,_binary '\0',NULL),(22280,_binary '\0',NULL),(22281,_binary '\0',NULL),(22282,_binary '\0',NULL),(22283,_binary '\0',NULL),(22284,_binary '\0',NULL),(22285,_binary '\0',NULL),(22286,_binary '\0',NULL),(22287,_binary '\0',NULL),(22288,_binary '\0',NULL),(22289,_binary '\0',NULL),(22290,_binary '\0',NULL),(22291,_binary '\0',NULL),(22292,_binary '\0',NULL),(22293,_binary '\0',NULL),(22294,_binary '\0',NULL),(22295,_binary '\0',NULL),(22296,_binary '\0',NULL),(22297,_binary '\0',NULL),(22298,_binary '\0',NULL),(22299,_binary '\0',NULL),(22300,_binary '\0',NULL),(22301,_binary '\0',NULL),(22302,_binary '\0',NULL),(22303,_binary '\0',NULL),(22304,_binary '\0',NULL),(22305,_binary '\0',NULL),(22306,_binary '\0',NULL),(22307,_binary '\0',NULL),(22308,_binary '\0',NULL),(22309,_binary '\0',NULL),(22310,_binary '\0',NULL),(22311,_binary '\0',NULL),(22312,_binary '\0',NULL),(22313,_binary '\0',NULL),(22314,_binary '\0',NULL),(22315,_binary '\0',NULL),(22316,_binary '\0',NULL),(22317,_binary '\0',NULL),(22318,_binary '\0',NULL),(22319,_binary '\0',NULL),(22320,_binary '\0',NULL),(22321,_binary '\0',NULL),(22322,_binary '\0',NULL),(22323,_binary '\0',NULL),(22324,_binary '\0',NULL),(22325,_binary '\0',NULL),(22326,_binary '\0',NULL),(22327,_binary '\0',NULL),(22328,_binary '\0',NULL),(22329,_binary '\0',NULL),(22330,_binary '\0',NULL),(22331,_binary '\0',NULL),(22332,_binary '\0',NULL),(22333,_binary '\0',NULL),(22334,_binary '\0',NULL),(22335,_binary '\0',NULL),(22336,_binary '\0',NULL),(22337,_binary '\0',NULL),(22338,_binary '\0',NULL),(22339,_binary '\0',NULL),(22340,_binary '\0',NULL),(22341,_binary '\0',NULL),(22342,_binary '\0',NULL),(22343,_binary '\0',NULL),(22344,_binary '\0',NULL),(22345,_binary '\0',NULL),(22346,_binary '\0',NULL),(22347,_binary '\0',NULL),(22348,_binary '\0',NULL),(22349,_binary '\0',NULL),(22350,_binary '\0',NULL),(22351,_binary '\0',NULL),(22352,_binary '\0',NULL),(22353,_binary '\0',NULL),(22354,_binary '\0',NULL),(22355,_binary '\0',NULL),(22356,_binary '\0',NULL),(22357,_binary '\0',NULL),(22358,_binary '\0',NULL),(22359,_binary '\0',NULL),(22360,_binary '\0',NULL),(22361,_binary '\0',NULL),(22362,_binary '\0',NULL),(22363,_binary '\0',NULL),(22364,_binary '\0',NULL),(22365,_binary '\0',NULL),(22366,_binary '\0',NULL),(22367,_binary '\0',NULL),(22368,_binary '\0',NULL),(22369,_binary '\0',NULL),(22370,_binary '\0',NULL),(22371,_binary '\0',NULL),(22372,_binary '\0',NULL),(22373,_binary '\0',NULL),(22374,_binary '\0',NULL),(22375,_binary '\0',NULL),(22376,_binary '\0',NULL),(22377,_binary '\0',NULL),(22378,_binary '\0',NULL),(22379,_binary '\0',NULL),(22380,_binary '\0',NULL),(22381,_binary '\0',NULL),(22382,_binary '\0',NULL),(22383,_binary '\0',NULL),(22384,_binary '\0',NULL),(22385,_binary '\0',NULL),(22386,_binary '\0',NULL),(22387,_binary '\0',NULL),(22388,_binary '\0',NULL),(22389,_binary '\0',NULL),(22390,_binary '\0',NULL),(22391,_binary '\0',NULL),(22392,_binary '\0',NULL),(22393,_binary '\0',NULL),(22394,_binary '\0',NULL),(22395,_binary '\0',NULL),(22396,_binary '\0',NULL),(22397,_binary '\0',NULL),(22398,_binary '\0',NULL),(22399,_binary '\0',NULL),(22400,_binary '\0',NULL),(22401,_binary '\0',NULL),(22402,_binary '\0',NULL),(22403,_binary '\0',NULL),(22404,_binary '\0',NULL),(22405,_binary '\0',NULL),(22406,_binary '\0',NULL),(22407,_binary '\0',NULL),(22408,_binary '\0',NULL),(22409,_binary '\0',NULL),(22410,_binary '\0',NULL),(22411,_binary '\0',NULL),(22412,_binary '\0',NULL),(22413,_binary '\0',NULL),(22414,_binary '\0',NULL),(22415,_binary '\0',NULL),(22416,_binary '\0',NULL),(22417,_binary '\0',NULL),(22418,_binary '\0',NULL),(22419,_binary '\0',NULL),(22420,_binary '\0',NULL),(22421,_binary '\0',NULL),(22422,_binary '\0',NULL),(22423,_binary '\0',NULL),(22424,_binary '\0',NULL),(22425,_binary '\0',NULL),(22426,_binary '\0',NULL),(22427,_binary '\0',NULL),(22428,_binary '\0',NULL),(22429,_binary '\0',NULL),(22430,_binary '\0',NULL),(22431,_binary '\0',NULL),(22432,_binary '\0',NULL),(22433,_binary '\0',NULL),(22434,_binary '\0',NULL),(22435,_binary '\0',NULL),(22436,_binary '\0',NULL),(22437,_binary '\0',NULL),(22438,_binary '\0',NULL),(22439,_binary '\0',NULL),(22440,_binary '\0',NULL),(22441,_binary '\0',NULL),(22442,_binary '\0',NULL),(22443,_binary '\0',NULL),(22444,_binary '\0',NULL),(22445,_binary '\0',NULL),(22446,_binary '\0',NULL),(22447,_binary '\0',NULL),(22448,_binary '\0',NULL),(22449,_binary '\0',NULL),(22450,_binary '\0',NULL),(22451,_binary '\0',NULL),(22452,_binary '\0',NULL),(22453,_binary '\0',NULL),(22454,_binary '\0',NULL),(22455,_binary '\0',NULL),(22456,_binary '\0',NULL),(22457,_binary '\0',NULL),(22458,_binary '\0',NULL),(22459,_binary '\0',NULL),(22460,_binary '\0',NULL),(22461,_binary '\0',NULL),(22462,_binary '\0',NULL),(22463,_binary '\0',NULL),(22464,_binary '\0',NULL),(22465,_binary '\0',NULL),(22466,_binary '\0',NULL),(22467,_binary '\0',NULL),(22468,_binary '\0',NULL),(22469,_binary '\0',NULL),(22470,_binary '\0',NULL),(22471,_binary '\0',NULL),(22472,_binary '\0',NULL),(22473,_binary '\0',NULL),(22474,_binary '\0',NULL),(22475,_binary '\0',NULL),(22476,_binary '\0',NULL),(22477,_binary '\0',NULL),(22478,_binary '\0',NULL),(22479,_binary '\0',NULL),(22480,_binary '\0',NULL),(22481,_binary '\0',NULL),(22482,_binary '\0',NULL),(22483,_binary '\0',NULL),(22484,_binary '\0',NULL),(22485,_binary '\0',NULL),(22486,_binary '\0',NULL),(22487,_binary '\0',NULL),(22488,_binary '\0',NULL),(22489,_binary '\0',NULL),(22490,_binary '\0',NULL),(22491,_binary '\0',NULL),(22492,_binary '\0',NULL),(22493,_binary '\0',NULL),(22494,_binary '\0',NULL),(22495,_binary '\0',NULL),(22496,_binary '\0',NULL),(22497,_binary '\0',NULL),(22498,_binary '\0',NULL),(22499,_binary '\0',NULL),(22500,_binary '\0',NULL),(22501,_binary '\0',NULL),(22502,_binary '\0',NULL),(22503,_binary '\0',NULL),(22504,_binary '\0',NULL),(22505,_binary '\0',NULL),(22506,_binary '\0',NULL),(22507,_binary '\0',NULL),(22508,_binary '\0',NULL),(22509,_binary '\0',NULL),(22510,_binary '\0',NULL),(22511,_binary '\0',NULL),(22512,_binary '\0',NULL),(22513,_binary '\0',NULL),(22514,_binary '\0',NULL),(22515,_binary '\0',NULL),(22516,_binary '\0',NULL),(22517,_binary '\0',NULL),(22518,_binary '\0',NULL),(22519,_binary '\0',NULL),(22520,_binary '\0',NULL),(22521,_binary '\0',NULL),(22522,_binary '\0',NULL),(22523,_binary '\0',NULL),(22524,_binary '\0',NULL),(22525,_binary '\0',NULL),(22526,_binary '\0',NULL),(22527,_binary '\0',NULL),(22528,_binary '\0',NULL),(22529,_binary '\0',NULL),(22530,_binary '\0',NULL),(22531,_binary '\0',NULL),(22532,_binary '\0',NULL),(22533,_binary '\0',NULL),(22534,_binary '\0',NULL),(22535,_binary '\0',NULL),(22536,_binary '\0',NULL),(22537,_binary '\0',NULL),(22538,_binary '\0',NULL),(22539,_binary '\0',NULL),(22540,_binary '\0',NULL),(22541,_binary '\0',NULL),(22542,_binary '\0',NULL),(22543,_binary '\0',NULL),(22544,_binary '\0',NULL),(22545,_binary '\0',NULL),(22546,_binary '\0',NULL),(22547,_binary '\0',NULL),(22548,_binary '\0',NULL),(22549,_binary '\0',NULL),(22550,_binary '\0',NULL),(22551,_binary '\0',NULL),(22552,_binary '\0',NULL),(22553,_binary '\0',NULL),(22554,_binary '\0',NULL),(22555,_binary '\0',NULL),(22556,_binary '\0',NULL),(22557,_binary '\0',NULL),(22558,_binary '\0',NULL),(22559,_binary '\0',NULL),(22560,_binary '\0',NULL),(22561,_binary '\0',NULL),(22562,_binary '\0',NULL),(22563,_binary '\0',NULL),(22564,_binary '\0',NULL),(22565,_binary '\0',NULL),(22566,_binary '\0',NULL),(22567,_binary '\0',NULL),(22568,_binary '\0',NULL),(22569,_binary '\0',NULL),(22570,_binary '\0',NULL),(22571,_binary '\0',NULL),(22572,_binary '\0',NULL),(22573,_binary '\0',NULL),(22574,_binary '\0',NULL),(22575,_binary '\0',NULL),(22576,_binary '\0',NULL),(22577,_binary '\0',NULL),(22578,_binary '\0',NULL),(22579,_binary '\0',NULL),(22580,_binary '\0',NULL),(22581,_binary '\0',NULL),(22582,_binary '\0',NULL),(22583,_binary '\0',NULL),(22584,_binary '\0',NULL),(22585,_binary '\0',NULL),(22586,_binary '\0',NULL),(22587,_binary '\0',NULL),(22588,_binary '\0',NULL),(22589,_binary '\0',NULL),(22590,_binary '\0',NULL),(22591,_binary '\0',NULL),(22592,_binary '\0',NULL),(22593,_binary '\0',NULL),(22594,_binary '\0',NULL),(22595,_binary '\0',NULL),(22596,_binary '\0',NULL),(22597,_binary '\0',NULL),(22598,_binary '\0',NULL),(22599,_binary '\0',NULL),(22600,_binary '\0',NULL),(22601,_binary '\0',NULL),(22602,_binary '\0',NULL),(22603,_binary '\0',NULL),(22604,_binary '\0',NULL),(22605,_binary '\0',NULL),(22606,_binary '\0',NULL),(22607,_binary '\0',NULL),(22608,_binary '\0',NULL),(22609,_binary '\0',NULL),(22610,_binary '\0',NULL),(22611,_binary '\0',NULL),(22612,_binary '\0',NULL),(22613,_binary '\0',NULL),(22614,_binary '\0',NULL),(22615,_binary '\0',NULL),(22616,_binary '\0',NULL),(22617,_binary '\0',NULL),(22618,_binary '\0',NULL),(22619,_binary '\0',NULL),(22620,_binary '\0',NULL),(22621,_binary '\0',NULL),(22622,_binary '\0',NULL),(22623,_binary '\0',NULL),(22624,_binary '\0',NULL),(22625,_binary '\0',NULL),(22626,_binary '\0',NULL),(22627,_binary '\0',NULL),(22628,_binary '\0',NULL),(22629,_binary '\0',NULL),(22630,_binary '\0',NULL),(22631,_binary '\0',NULL),(22632,_binary '\0',NULL),(22633,_binary '\0',NULL),(22634,_binary '\0',NULL),(22635,_binary '\0',NULL),(22636,_binary '\0',NULL),(22637,_binary '\0',NULL),(22638,_binary '\0',NULL),(22639,_binary '\0',NULL),(22640,_binary '\0',NULL),(22641,_binary '\0',NULL),(22642,_binary '\0',NULL),(22643,_binary '\0',NULL),(22644,_binary '\0',NULL),(22645,_binary '\0',NULL),(22646,_binary '\0',NULL),(22647,_binary '\0',NULL),(22648,_binary '\0',NULL),(22649,_binary '\0',NULL),(22650,_binary '\0',NULL),(22651,_binary '\0',NULL),(22652,_binary '\0',NULL),(22653,_binary '\0',NULL),(22654,_binary '\0',NULL),(22655,_binary '\0',NULL),(22656,_binary '\0',NULL),(22657,_binary '\0',NULL),(22658,_binary '\0',NULL),(22659,_binary '\0',NULL),(22660,_binary '\0',NULL),(22661,_binary '\0',NULL),(22662,_binary '\0',NULL),(22663,_binary '\0',NULL),(22664,_binary '\0',NULL),(22665,_binary '\0',NULL),(22666,_binary '\0',NULL),(22667,_binary '\0',NULL),(22668,_binary '\0',NULL),(22669,_binary '\0',NULL),(22670,_binary '\0',NULL),(22671,_binary '\0',NULL),(22672,_binary '\0',NULL),(22673,_binary '\0',NULL),(22674,_binary '\0',NULL),(22675,_binary '\0',NULL),(22676,_binary '\0',NULL),(22677,_binary '\0',NULL),(22678,_binary '\0',NULL),(22679,_binary '\0',NULL),(22680,_binary '\0',NULL),(22681,_binary '\0',NULL),(22682,_binary '\0',NULL),(22683,_binary '\0',NULL),(22684,_binary '\0',NULL),(22685,_binary '\0',NULL),(22686,_binary '\0',NULL),(22687,_binary '\0',NULL),(22688,_binary '\0',NULL),(22689,_binary '\0',NULL),(22690,_binary '\0',NULL),(22691,_binary '\0',NULL),(22692,_binary '\0',NULL),(22693,_binary '\0',NULL),(22694,_binary '\0',NULL),(22695,_binary '\0',NULL),(22696,_binary '\0',NULL),(22697,_binary '\0',NULL),(22698,_binary '\0',NULL),(22699,_binary '\0',NULL),(22700,_binary '\0',NULL),(22701,_binary '\0',NULL),(22702,_binary '\0',NULL),(22703,_binary '\0',NULL),(22704,_binary '\0',NULL),(22705,_binary '\0',NULL),(22706,_binary '\0',NULL),(22707,_binary '\0',NULL),(22708,_binary '\0',NULL),(22709,_binary '\0',NULL),(22710,_binary '\0',NULL),(22711,_binary '\0',NULL),(22712,_binary '\0',NULL),(22713,_binary '\0',NULL),(22714,_binary '\0',NULL),(22715,_binary '\0',NULL),(22716,_binary '\0',NULL),(22717,_binary '\0',NULL),(22718,_binary '\0',NULL),(22719,_binary '\0',NULL),(22720,_binary '\0',NULL),(22721,_binary '\0',NULL),(22722,_binary '\0',NULL),(22723,_binary '\0',NULL),(22724,_binary '\0',NULL),(22725,_binary '\0',NULL),(22726,_binary '\0',NULL),(22727,_binary '\0',NULL),(22728,_binary '\0',NULL),(22729,_binary '\0',NULL),(22730,_binary '\0',NULL),(22731,_binary '\0',NULL),(22732,_binary '\0',NULL),(22733,_binary '\0',NULL),(22734,_binary '\0',NULL),(22735,_binary '\0',NULL),(22736,_binary '\0',NULL),(22737,_binary '\0',NULL),(22738,_binary '\0',NULL),(22739,_binary '\0',NULL),(22740,_binary '\0',NULL),(22741,_binary '\0',NULL),(22742,_binary '\0',NULL),(22743,_binary '\0',NULL),(22744,_binary '\0',NULL),(22745,_binary '\0',NULL),(22746,_binary '\0',NULL),(22747,_binary '\0',NULL),(22748,_binary '\0',NULL),(22749,_binary '\0',NULL),(22750,_binary '\0',NULL),(22751,_binary '\0',NULL),(22752,_binary '\0',NULL),(22753,_binary '\0',NULL),(22754,_binary '\0',NULL),(22755,_binary '\0',NULL),(22756,_binary '\0',NULL),(22757,_binary '\0',NULL),(22758,_binary '\0',NULL),(22759,_binary '\0',NULL),(22760,_binary '\0',NULL),(22761,_binary '\0',NULL),(22762,_binary '\0',NULL),(22763,_binary '\0',NULL),(22764,_binary '\0',NULL),(22765,_binary '\0',NULL),(22766,_binary '\0',NULL),(22767,_binary '\0',NULL),(22768,_binary '\0',NULL),(22769,_binary '\0',NULL),(22770,_binary '\0',NULL),(22771,_binary '\0',NULL),(22772,_binary '\0',NULL),(22773,_binary '\0',NULL),(22774,_binary '\0',NULL),(22775,_binary '\0',NULL),(22776,_binary '\0',NULL),(22777,_binary '\0',NULL),(22778,_binary '\0',NULL),(22779,_binary '\0',NULL),(22780,_binary '\0',NULL),(22781,_binary '\0',NULL),(22782,_binary '\0',NULL),(22783,_binary '\0',NULL),(22784,_binary '\0',NULL),(22785,_binary '\0',NULL),(22786,_binary '\0',NULL),(22787,_binary '\0',NULL),(22788,_binary '\0',NULL),(22789,_binary '\0',NULL),(22790,_binary '\0',NULL),(22791,_binary '\0',NULL),(22792,_binary '\0',NULL),(22793,_binary '\0',NULL),(22794,_binary '\0',NULL),(22795,_binary '\0',NULL),(22796,_binary '\0',NULL),(22797,_binary '\0',NULL),(22798,_binary '\0',NULL),(22799,_binary '\0',NULL),(22800,_binary '\0',NULL),(22801,_binary '\0',NULL),(22802,_binary '\0',NULL),(22803,_binary '\0',NULL),(22804,_binary '\0',NULL),(22805,_binary '\0',NULL),(22806,_binary '\0',NULL),(22807,_binary '\0',NULL),(22808,_binary '\0',NULL),(22809,_binary '\0',NULL),(22810,_binary '\0',NULL),(22811,_binary '\0',NULL),(22812,_binary '\0',NULL),(22813,_binary '\0',NULL),(22814,_binary '\0',NULL),(22815,_binary '\0',NULL),(22816,_binary '\0',NULL),(22817,_binary '\0',NULL),(22818,_binary '\0',NULL),(22819,_binary '\0',NULL),(22820,_binary '\0',NULL),(22821,_binary '\0',NULL),(22822,_binary '\0',NULL),(22823,_binary '\0',NULL),(22824,_binary '\0',NULL),(22825,_binary '\0',NULL),(22826,_binary '\0',NULL),(22827,_binary '\0',NULL),(22828,_binary '\0',NULL),(22829,_binary '\0',NULL),(22830,_binary '\0',NULL),(22831,_binary '\0',NULL),(22832,_binary '\0',NULL),(22833,_binary '\0',NULL),(22834,_binary '\0',NULL),(22835,_binary '\0',NULL),(22836,_binary '\0',NULL),(22837,_binary '\0',NULL),(22838,_binary '\0',NULL),(22839,_binary '\0',NULL),(22840,_binary '\0',NULL),(22841,_binary '\0',NULL),(22842,_binary '\0',NULL),(22843,_binary '\0',NULL),(22844,_binary '\0',NULL),(22845,_binary '\0',NULL),(22846,_binary '\0',NULL),(22847,_binary '\0',NULL),(22848,_binary '\0',NULL),(22849,_binary '\0',NULL),(22850,_binary '\0',NULL),(22851,_binary '\0',NULL),(22852,_binary '\0',NULL),(22853,_binary '\0',NULL),(22854,_binary '\0',NULL),(22855,_binary '\0',NULL),(22856,_binary '\0',NULL),(22857,_binary '\0',NULL),(22858,_binary '\0',NULL),(22859,_binary '\0',NULL),(22860,_binary '\0',NULL),(22861,_binary '\0',NULL),(22862,_binary '\0',NULL),(22863,_binary '\0',NULL),(22864,_binary '\0',NULL),(22865,_binary '\0',NULL),(22866,_binary '\0',NULL),(22867,_binary '\0',NULL),(22868,_binary '\0',NULL),(22869,_binary '\0',NULL),(22870,_binary '\0',NULL),(22871,_binary '\0',NULL),(22872,_binary '\0',NULL),(22873,_binary '\0',NULL),(22874,_binary '\0',NULL),(22875,_binary '\0',NULL),(22876,_binary '\0',NULL),(22877,_binary '\0',NULL),(22878,_binary '\0',NULL),(22879,_binary '\0',NULL),(22880,_binary '\0',NULL),(22881,_binary '\0',NULL),(22882,_binary '\0',NULL),(22883,_binary '\0',NULL),(22884,_binary '\0',NULL),(22885,_binary '\0',NULL),(22886,_binary '\0',NULL),(22887,_binary '\0',NULL),(22888,_binary '\0',NULL),(22889,_binary '\0',NULL),(22890,_binary '\0',NULL),(22891,_binary '\0',NULL),(22892,_binary '\0',NULL),(22893,_binary '\0',NULL),(22894,_binary '\0',NULL),(22895,_binary '\0',NULL),(22896,_binary '\0',NULL),(22897,_binary '\0',NULL),(22898,_binary '\0',NULL),(22899,_binary '\0',NULL),(22900,_binary '\0',NULL),(22901,_binary '\0',NULL),(22902,_binary '\0',NULL),(22903,_binary '\0',NULL),(22904,_binary '\0',NULL),(22905,_binary '\0',NULL),(22906,_binary '\0',NULL),(22907,_binary '\0',NULL),(22908,_binary '\0',NULL),(22909,_binary '\0',NULL),(22910,_binary '\0',NULL),(22911,_binary '\0',NULL),(22912,_binary '\0',NULL),(22913,_binary '\0',NULL),(22914,_binary '\0',NULL),(22915,_binary '\0',NULL),(22916,_binary '\0',NULL),(22917,_binary '\0',NULL),(22918,_binary '\0',NULL),(22919,_binary '\0',NULL),(22920,_binary '\0',NULL),(22921,_binary '\0',NULL),(22922,_binary '\0',NULL),(22923,_binary '\0',NULL),(22924,_binary '\0',NULL),(22925,_binary '\0',NULL),(22926,_binary '\0',NULL),(22927,_binary '\0',NULL),(22928,_binary '\0',NULL),(22929,_binary '\0',NULL),(22930,_binary '\0',NULL),(22931,_binary '\0',NULL),(22932,_binary '\0',NULL),(22933,_binary '\0',NULL),(22934,_binary '\0',NULL),(22935,_binary '\0',NULL),(22936,_binary '\0',NULL),(22937,_binary '\0',NULL),(22938,_binary '\0',NULL),(22939,_binary '\0',NULL),(22940,_binary '\0',NULL),(22941,_binary '\0',NULL),(22942,_binary '\0',NULL),(22943,_binary '\0',NULL),(22944,_binary '\0',NULL),(22945,_binary '\0',NULL),(22946,_binary '\0',NULL),(22947,_binary '\0',NULL),(22948,_binary '\0',NULL),(22949,_binary '\0',NULL),(22950,_binary '\0',NULL),(22951,_binary '\0',NULL),(22952,_binary '\0',NULL),(22953,_binary '\0',NULL),(22954,_binary '\0',NULL),(22955,_binary '\0',NULL),(22956,_binary '\0',NULL),(22957,_binary '\0',NULL),(22958,_binary '\0',NULL),(22959,_binary '\0',NULL),(22960,_binary '\0',NULL),(22961,_binary '\0',NULL),(22962,_binary '\0',NULL),(22963,_binary '\0',NULL),(22964,_binary '\0',NULL),(22965,_binary '\0',NULL),(22966,_binary '\0',NULL),(22967,_binary '\0',NULL),(22968,_binary '\0',NULL),(22969,_binary '\0',NULL),(22970,_binary '\0',NULL),(22971,_binary '\0',NULL),(22972,_binary '\0',NULL),(22973,_binary '\0',NULL),(22974,_binary '\0',NULL),(22975,_binary '\0',NULL),(22976,_binary '\0',NULL),(22977,_binary '\0',NULL),(22978,_binary '\0',NULL),(22979,_binary '\0',NULL),(22980,_binary '\0',NULL),(22981,_binary '\0',NULL),(22982,_binary '\0',NULL),(22983,_binary '\0',NULL),(22984,_binary '\0',NULL),(22985,_binary '\0',NULL),(22986,_binary '\0',NULL),(22987,_binary '\0',NULL),(22988,_binary '\0',NULL),(22989,_binary '\0',NULL),(22990,_binary '\0',NULL),(22991,_binary '\0',NULL),(22992,_binary '\0',NULL),(22993,_binary '\0',NULL),(22994,_binary '\0',NULL),(22995,_binary '\0',NULL),(22996,_binary '\0',NULL),(22997,_binary '\0',NULL),(22998,_binary '\0',NULL),(22999,_binary '\0',NULL),(23000,_binary '\0',NULL),(23001,_binary '\0',NULL),(23002,_binary '\0',NULL),(23003,_binary '\0',NULL),(23004,_binary '\0',NULL),(23005,_binary '\0',NULL),(23006,_binary '\0',NULL),(23007,_binary '\0',NULL),(23008,_binary '\0',NULL),(23009,_binary '\0',NULL),(23010,_binary '\0',NULL),(23011,_binary '\0',NULL),(23012,_binary '\0',NULL),(23013,_binary '\0',NULL),(23014,_binary '\0',NULL),(23015,_binary '\0',NULL),(23016,_binary '\0',NULL),(23017,_binary '\0',NULL),(23018,_binary '\0',NULL),(23019,_binary '\0',NULL),(23020,_binary '\0',NULL),(23021,_binary '\0',NULL),(23022,_binary '\0',NULL),(23023,_binary '\0',NULL),(23024,_binary '\0',NULL),(23025,_binary '\0',NULL),(23026,_binary '\0',NULL),(23027,_binary '\0',NULL),(23028,_binary '\0',NULL),(23029,_binary '\0',NULL),(23030,_binary '\0',NULL),(23031,_binary '\0',NULL),(23032,_binary '\0',NULL),(23033,_binary '\0',NULL),(23034,_binary '\0',NULL),(23035,_binary '\0',NULL),(23036,_binary '\0',NULL),(23037,_binary '\0',NULL),(23038,_binary '\0',NULL),(23039,_binary '\0',NULL),(23040,_binary '\0',NULL),(23041,_binary '\0',NULL),(23042,_binary '\0',NULL),(23043,_binary '\0',NULL),(23044,_binary '\0',NULL),(23045,_binary '\0',NULL),(23046,_binary '\0',NULL),(23047,_binary '\0',NULL),(23048,_binary '\0',NULL),(23049,_binary '\0',NULL),(23050,_binary '\0',NULL),(23051,_binary '\0',NULL),(23052,_binary '\0',NULL),(23053,_binary '\0',NULL),(23054,_binary '\0',NULL),(23055,_binary '\0',NULL),(23056,_binary '\0',NULL),(23057,_binary '\0',NULL),(23058,_binary '\0',NULL),(23059,_binary '\0',NULL),(23060,_binary '\0',NULL),(23061,_binary '\0',NULL),(23062,_binary '\0',NULL),(23063,_binary '\0',NULL),(23064,_binary '\0',NULL),(23065,_binary '\0',NULL),(23066,_binary '\0',NULL),(23067,_binary '\0',NULL),(23068,_binary '\0',NULL),(23069,_binary '\0',NULL),(23070,_binary '\0',NULL),(23071,_binary '\0',NULL),(23072,_binary '\0',NULL),(23073,_binary '\0',NULL),(23074,_binary '\0',NULL),(23075,_binary '\0',NULL),(23076,_binary '\0',NULL),(23077,_binary '\0',NULL),(23078,_binary '\0',NULL),(23079,_binary '\0',NULL),(23080,_binary '\0',NULL),(23081,_binary '\0',NULL),(23082,_binary '\0',NULL),(23083,_binary '\0',NULL),(23084,_binary '\0',NULL),(23085,_binary '\0',NULL),(23086,_binary '\0',NULL),(23087,_binary '\0',NULL),(23088,_binary '\0',NULL),(23089,_binary '\0',NULL),(23090,_binary '\0',NULL),(23091,_binary '\0',NULL),(23092,_binary '\0',NULL),(23093,_binary '\0',NULL),(23094,_binary '\0',NULL),(23095,_binary '\0',NULL),(23096,_binary '\0',NULL),(23097,_binary '\0',NULL),(23098,_binary '\0',NULL),(23099,_binary '\0',NULL),(23100,_binary '\0',NULL),(23101,_binary '\0',NULL),(23102,_binary '\0',NULL),(23103,_binary '\0',NULL),(23104,_binary '\0',NULL),(23105,_binary '\0',NULL),(23106,_binary '\0',NULL),(23107,_binary '\0',NULL),(23108,_binary '\0',NULL),(23109,_binary '\0',NULL),(23110,_binary '\0',NULL),(23111,_binary '\0',NULL),(23112,_binary '\0',NULL),(23113,_binary '\0',NULL),(23114,_binary '\0',NULL),(23115,_binary '\0',NULL),(23116,_binary '\0',NULL),(23117,_binary '\0',NULL),(23118,_binary '\0',NULL),(23119,_binary '\0',NULL),(23120,_binary '\0',NULL),(23121,_binary '\0',NULL),(23122,_binary '\0',NULL),(23123,_binary '\0',NULL),(23124,_binary '\0',NULL),(23125,_binary '\0',NULL),(23126,_binary '\0',NULL),(23127,_binary '\0',NULL),(23128,_binary '\0',NULL),(23129,_binary '\0',NULL),(23130,_binary '\0',NULL),(23131,_binary '\0',NULL),(23132,_binary '\0',NULL),(23133,_binary '\0',NULL),(23134,_binary '\0',NULL),(23135,_binary '\0',NULL),(23136,_binary '\0',NULL),(23137,_binary '\0',NULL),(23138,_binary '\0',NULL),(23139,_binary '\0',NULL),(23140,_binary '\0',NULL),(23141,_binary '\0',NULL),(23142,_binary '\0',NULL),(23143,_binary '\0',NULL),(23144,_binary '\0',NULL),(23145,_binary '\0',NULL),(23146,_binary '\0',NULL),(23147,_binary '\0',NULL),(23148,_binary '\0',NULL),(23149,_binary '\0',NULL),(23150,_binary '\0',NULL),(23151,_binary '\0',NULL),(23152,_binary '\0',NULL),(23153,_binary '\0',NULL),(23154,_binary '\0',NULL),(23155,_binary '\0',NULL),(23156,_binary '\0',NULL),(23157,_binary '\0',NULL),(23158,_binary '\0',NULL),(23159,_binary '\0',NULL),(23160,_binary '\0',NULL),(23161,_binary '\0',NULL),(23162,_binary '\0',NULL),(23163,_binary '\0',NULL),(23164,_binary '\0',NULL),(23165,_binary '\0',NULL),(23166,_binary '\0',NULL),(23167,_binary '\0',NULL),(23168,_binary '\0',NULL),(23169,_binary '\0',NULL),(23170,_binary '\0',NULL),(23171,_binary '\0',NULL),(23172,_binary '\0',NULL),(23173,_binary '\0',NULL),(23174,_binary '\0',NULL),(23175,_binary '\0',NULL),(23176,_binary '\0',NULL),(23177,_binary '\0',NULL),(23178,_binary '\0',NULL),(23179,_binary '\0',NULL),(23180,_binary '\0',NULL),(23181,_binary '\0',NULL),(23182,_binary '\0',NULL),(23183,_binary '\0',NULL),(23184,_binary '\0',NULL),(23185,_binary '\0',NULL),(23186,_binary '\0',NULL),(23187,_binary '\0',NULL),(23188,_binary '\0',NULL),(23189,_binary '\0',NULL),(23190,_binary '\0',NULL),(23191,_binary '\0',NULL),(23192,_binary '\0',NULL),(23193,_binary '\0',NULL),(23194,_binary '\0',NULL),(23195,_binary '\0',NULL),(23196,_binary '\0',NULL),(23197,_binary '\0',NULL),(23198,_binary '\0',NULL),(23199,_binary '\0',NULL),(23200,_binary '\0',NULL),(23201,_binary '\0',NULL),(23202,_binary '\0',NULL),(23203,_binary '\0',NULL),(23204,_binary '\0',NULL),(23205,_binary '\0',NULL),(23206,_binary '\0',NULL),(23207,_binary '\0',NULL),(23208,_binary '\0',NULL),(23209,_binary '\0',NULL),(23210,_binary '\0',NULL),(23211,_binary '\0',NULL),(23212,_binary '\0',NULL),(23213,_binary '\0',NULL),(23214,_binary '\0',NULL),(23215,_binary '\0',NULL),(23216,_binary '\0',NULL),(23217,_binary '\0',NULL),(23218,_binary '\0',NULL),(23219,_binary '\0',NULL),(23220,_binary '\0',NULL),(23221,_binary '\0',NULL),(23222,_binary '\0',NULL),(23223,_binary '\0',NULL),(23224,_binary '\0',NULL),(23225,_binary '\0',NULL),(23226,_binary '\0',NULL),(23227,_binary '\0',NULL),(23228,_binary '\0',NULL),(23229,_binary '\0',NULL),(23230,_binary '\0',NULL),(23231,_binary '\0',NULL),(23232,_binary '\0',NULL),(23233,_binary '\0',NULL),(23234,_binary '\0',NULL),(23235,_binary '\0',NULL),(23236,_binary '\0',NULL),(23237,_binary '\0',NULL),(23238,_binary '\0',NULL),(23239,_binary '\0',NULL),(23240,_binary '\0',NULL),(23241,_binary '\0',NULL),(23242,_binary '\0',NULL),(23243,_binary '\0',NULL),(23244,_binary '\0',NULL),(23245,_binary '\0',NULL),(23246,_binary '\0',NULL),(23247,_binary '\0',NULL),(23248,_binary '\0',NULL),(23249,_binary '\0',NULL),(23250,_binary '\0',NULL),(23251,_binary '\0',NULL),(23252,_binary '\0',NULL),(23253,_binary '\0',NULL),(23254,_binary '\0',NULL),(23255,_binary '\0',NULL),(23256,_binary '\0',NULL),(23257,_binary '\0',NULL),(23258,_binary '\0',NULL),(23259,_binary '\0',NULL),(23260,_binary '\0',NULL),(23261,_binary '\0',NULL),(23262,_binary '\0',NULL),(23263,_binary '\0',NULL),(23264,_binary '\0',NULL),(23265,_binary '\0',NULL),(23266,_binary '\0',NULL),(23267,_binary '\0',NULL),(23268,_binary '\0',NULL),(23269,_binary '\0',NULL),(23270,_binary '\0',NULL),(23271,_binary '\0',NULL),(23272,_binary '\0',NULL),(23273,_binary '\0',NULL),(23274,_binary '\0',NULL),(23275,_binary '\0',NULL),(23276,_binary '\0',NULL),(23277,_binary '\0',NULL),(23278,_binary '\0',NULL),(23279,_binary '\0',NULL),(23280,_binary '\0',NULL),(23281,_binary '\0',NULL),(23282,_binary '\0',NULL),(23283,_binary '\0',NULL),(23284,_binary '\0',NULL),(23285,_binary '\0',NULL),(23286,_binary '\0',NULL),(23287,_binary '\0',NULL),(23288,_binary '\0',NULL),(23289,_binary '\0',NULL),(23290,_binary '\0',NULL),(23291,_binary '\0',NULL),(23292,_binary '\0',NULL),(23293,_binary '\0',NULL),(23294,_binary '\0',NULL),(23295,_binary '\0',NULL),(23296,_binary '\0',NULL),(23297,_binary '\0',NULL),(23298,_binary '\0',NULL),(23299,_binary '\0',NULL),(23300,_binary '\0',NULL),(23301,_binary '\0',NULL),(23302,_binary '\0',NULL),(23303,_binary '\0',NULL),(23304,_binary '\0',NULL),(23305,_binary '\0',NULL),(23306,_binary '\0',NULL),(23307,_binary '\0',NULL),(23308,_binary '\0',NULL),(23309,_binary '\0',NULL),(23310,_binary '\0',NULL),(23311,_binary '\0',NULL),(23312,_binary '\0',NULL),(23313,_binary '\0',NULL),(23314,_binary '\0',NULL),(23315,_binary '\0',NULL),(23316,_binary '\0',NULL),(23317,_binary '\0',NULL),(23318,_binary '\0',NULL),(23319,_binary '\0',NULL),(23320,_binary '\0',NULL),(23321,_binary '\0',NULL),(23322,_binary '\0',NULL),(23323,_binary '\0',NULL),(23324,_binary '\0',NULL),(23325,_binary '\0',NULL),(23326,_binary '\0',NULL),(23327,_binary '\0',NULL),(23328,_binary '\0',NULL),(23329,_binary '\0',NULL),(23330,_binary '\0',NULL),(23331,_binary '\0',NULL),(23332,_binary '\0',NULL),(23333,_binary '\0',NULL),(23334,_binary '\0',NULL),(23335,_binary '\0',NULL),(23336,_binary '\0',NULL),(23337,_binary '\0',NULL),(23338,_binary '\0',NULL),(23339,_binary '\0',NULL),(23340,_binary '\0',NULL),(23341,_binary '\0',NULL),(23342,_binary '\0',NULL),(23343,_binary '\0',NULL),(23344,_binary '\0',NULL),(23345,_binary '\0',NULL),(23346,_binary '\0',NULL),(23347,_binary '\0',NULL),(23348,_binary '\0',NULL),(23349,_binary '\0',NULL),(23350,_binary '\0',NULL),(23351,_binary '\0',NULL),(23352,_binary '\0',NULL),(23353,_binary '\0',NULL),(23354,_binary '\0',NULL),(23355,_binary '\0',NULL),(23356,_binary '\0',NULL),(23357,_binary '\0',NULL),(23358,_binary '\0',NULL),(23359,_binary '\0',NULL),(23360,_binary '\0',NULL),(23361,_binary '\0',NULL),(23362,_binary '\0',NULL),(23363,_binary '\0',NULL),(23364,_binary '\0',NULL),(23365,_binary '\0',NULL),(23366,_binary '\0',NULL),(23367,_binary '\0',NULL),(23368,_binary '\0',NULL),(23369,_binary '\0',NULL),(23370,_binary '\0',NULL),(23371,_binary '\0',NULL),(23372,_binary '\0',NULL),(23373,_binary '\0',NULL),(23374,_binary '\0',NULL),(23375,_binary '\0',NULL),(23376,_binary '\0',NULL),(23377,_binary '\0',NULL),(23378,_binary '\0',NULL),(23379,_binary '\0',NULL),(23380,_binary '\0',NULL),(23381,_binary '\0',NULL),(23382,_binary '\0',NULL),(23383,_binary '\0',NULL),(23384,_binary '\0',NULL),(23385,_binary '\0',NULL),(23386,_binary '\0',NULL),(23387,_binary '\0',NULL),(23388,_binary '\0',NULL),(23389,_binary '\0',NULL),(23390,_binary '\0',NULL),(23391,_binary '\0',NULL),(23392,_binary '\0',NULL),(23393,_binary '\0',NULL),(23394,_binary '\0',NULL),(23395,_binary '\0',NULL),(23396,_binary '\0',NULL),(23397,_binary '\0',NULL),(23398,_binary '\0',NULL),(23399,_binary '\0',NULL),(23400,_binary '\0',NULL),(23401,_binary '\0',NULL),(23402,_binary '\0',NULL),(23403,_binary '\0',NULL),(23404,_binary '\0',NULL),(23405,_binary '\0',NULL),(23406,_binary '\0',NULL),(23407,_binary '\0',NULL),(23408,_binary '\0',NULL),(23409,_binary '\0',NULL),(23410,_binary '\0',NULL),(23411,_binary '\0',NULL),(23412,_binary '\0',NULL),(23413,_binary '\0',NULL),(23414,_binary '\0',NULL),(23415,_binary '\0',NULL),(23416,_binary '\0',NULL),(23417,_binary '\0',NULL),(23418,_binary '\0',NULL),(23419,_binary '\0',NULL),(23420,_binary '\0',NULL),(23421,_binary '\0',NULL),(23422,_binary '\0',NULL),(23423,_binary '\0',NULL),(23424,_binary '\0',NULL),(23425,_binary '\0',NULL),(23426,_binary '\0',NULL),(23427,_binary '\0',NULL),(23428,_binary '\0',NULL),(23429,_binary '\0',NULL),(23430,_binary '\0',NULL),(23431,_binary '\0',NULL),(23432,_binary '\0',NULL),(23433,_binary '\0',NULL),(23434,_binary '\0',NULL),(23435,_binary '\0',NULL),(23436,_binary '\0',NULL),(23437,_binary '\0',NULL),(23438,_binary '\0',NULL),(23439,_binary '\0',NULL),(23440,_binary '\0',NULL),(23441,_binary '\0',NULL),(23442,_binary '\0',NULL),(23443,_binary '\0',NULL),(23444,_binary '\0',NULL),(23445,_binary '\0',NULL),(23446,_binary '\0',NULL),(23447,_binary '\0',NULL),(23448,_binary '\0',NULL),(23449,_binary '\0',NULL),(23450,_binary '\0',NULL),(23451,_binary '\0',NULL),(23452,_binary '\0',NULL),(23453,_binary '\0',NULL),(23454,_binary '\0',NULL),(23455,_binary '\0',NULL),(23456,_binary '\0',NULL),(23457,_binary '\0',NULL),(23458,_binary '\0',NULL),(23459,_binary '\0',NULL),(23460,_binary '\0',NULL),(23461,_binary '\0',NULL),(23462,_binary '\0',NULL),(23463,_binary '\0',NULL),(23464,_binary '\0',NULL),(23465,_binary '\0',NULL),(23466,_binary '\0',NULL),(23467,_binary '\0',NULL),(23468,_binary '\0',NULL),(23469,_binary '\0',NULL),(23470,_binary '\0',NULL),(23471,_binary '\0',NULL),(23472,_binary '\0',NULL),(23473,_binary '\0',NULL),(23474,_binary '\0',NULL),(23475,_binary '\0',NULL),(23476,_binary '\0',NULL),(23477,_binary '\0',NULL),(23478,_binary '\0',NULL),(23479,_binary '\0',NULL),(23480,_binary '\0',NULL),(23481,_binary '\0',NULL),(23482,_binary '\0',NULL),(23483,_binary '\0',NULL),(23484,_binary '\0',NULL),(23485,_binary '\0',NULL),(23486,_binary '\0',NULL),(23487,_binary '\0',NULL),(23488,_binary '\0',NULL),(23489,_binary '\0',NULL),(23490,_binary '\0',NULL),(23491,_binary '\0',NULL),(23492,_binary '\0',NULL),(23493,_binary '\0',NULL),(23494,_binary '\0',NULL),(23495,_binary '\0',NULL),(23496,_binary '\0',NULL),(23497,_binary '\0',NULL),(23498,_binary '\0',NULL),(23499,_binary '\0',NULL),(23500,_binary '\0',NULL),(23501,_binary '\0',NULL),(23502,_binary '\0',NULL),(23503,_binary '\0',NULL),(23504,_binary '\0',NULL),(23505,_binary '\0',NULL),(23506,_binary '\0',NULL),(23507,_binary '\0',NULL),(23508,_binary '\0',NULL),(23509,_binary '\0',NULL),(23510,_binary '\0',NULL),(23511,_binary '\0',NULL),(23512,_binary '\0',NULL),(23513,_binary '\0',NULL),(23514,_binary '\0',NULL),(23515,_binary '\0',NULL),(23516,_binary '\0',NULL),(23517,_binary '\0',NULL),(23518,_binary '\0',NULL),(23519,_binary '\0',NULL),(23520,_binary '\0',NULL),(23521,_binary '\0',NULL),(23522,_binary '\0',NULL),(23523,_binary '\0',NULL),(23524,_binary '\0',NULL),(23525,_binary '\0',NULL),(23526,_binary '\0',NULL),(23527,_binary '\0',NULL),(23528,_binary '\0',NULL),(23529,_binary '\0',NULL),(23530,_binary '\0',NULL),(23531,_binary '\0',NULL),(23532,_binary '\0',NULL),(23533,_binary '\0',NULL),(23534,_binary '\0',NULL),(23535,_binary '\0',NULL),(23536,_binary '\0',NULL),(23537,_binary '\0',NULL),(23538,_binary '\0',NULL),(23539,_binary '\0',NULL),(23540,_binary '\0',NULL),(23541,_binary '\0',NULL),(23542,_binary '\0',NULL),(23543,_binary '\0',NULL),(23544,_binary '\0',NULL),(23545,_binary '\0',NULL),(23546,_binary '\0',NULL),(23547,_binary '\0',NULL),(23548,_binary '\0',NULL),(23549,_binary '\0',NULL),(23550,_binary '\0',NULL),(23551,_binary '\0',NULL),(23552,_binary '\0',NULL),(23553,_binary '\0',NULL),(23554,_binary '\0',NULL),(23555,_binary '\0',NULL),(23556,_binary '\0',NULL),(23557,_binary '\0',NULL),(23558,_binary '\0',NULL),(23559,_binary '\0',NULL),(23560,_binary '\0',NULL),(23561,_binary '\0',NULL),(23562,_binary '\0',NULL),(23563,_binary '\0',NULL),(23564,_binary '\0',NULL),(23565,_binary '\0',NULL),(23566,_binary '\0',NULL),(23567,_binary '\0',NULL),(23568,_binary '\0',NULL),(23569,_binary '\0',NULL),(23570,_binary '\0',NULL),(23571,_binary '\0',NULL),(23572,_binary '\0',NULL),(23573,_binary '\0',NULL),(23574,_binary '\0',NULL),(23575,_binary '\0',NULL),(23576,_binary '\0',NULL),(23577,_binary '\0',NULL),(23578,_binary '\0',NULL),(23579,_binary '\0',NULL),(23580,_binary '\0',NULL),(23581,_binary '\0',NULL),(23582,_binary '\0',NULL),(23583,_binary '\0',NULL),(23584,_binary '\0',NULL),(23585,_binary '\0',NULL),(23586,_binary '\0',NULL),(23587,_binary '\0',NULL),(23588,_binary '\0',NULL),(23589,_binary '\0',NULL),(23590,_binary '\0',NULL),(23591,_binary '\0',NULL),(23592,_binary '\0',NULL),(23593,_binary '\0',NULL),(23594,_binary '\0',NULL),(23595,_binary '\0',NULL),(23596,_binary '\0',NULL),(23597,_binary '\0',NULL),(23598,_binary '\0',NULL),(23599,_binary '\0',NULL),(23600,_binary '\0',NULL),(23601,_binary '\0',NULL),(23602,_binary '\0',NULL),(23603,_binary '\0',NULL),(23604,_binary '\0',NULL),(23605,_binary '\0',NULL),(23606,_binary '\0',NULL),(23607,_binary '\0',NULL),(23608,_binary '\0',NULL),(23609,_binary '\0',NULL),(23610,_binary '\0',NULL),(23611,_binary '\0',NULL),(23612,_binary '\0',NULL),(23613,_binary '\0',NULL),(23614,_binary '\0',NULL),(23615,_binary '\0',NULL),(23616,_binary '\0',NULL),(23617,_binary '\0',NULL),(23618,_binary '\0',NULL),(23619,_binary '\0',NULL),(23620,_binary '\0',NULL),(23621,_binary '\0',NULL),(23622,_binary '\0',NULL),(23623,_binary '\0',NULL),(23624,_binary '\0',NULL),(23625,_binary '\0',NULL),(23626,_binary '\0',NULL),(23627,_binary '\0',NULL),(23628,_binary '\0',NULL),(23629,_binary '\0',NULL),(23630,_binary '\0',NULL),(23631,_binary '\0',NULL),(23632,_binary '\0',NULL),(23633,_binary '\0',NULL),(23634,_binary '\0',NULL),(23635,_binary '\0',NULL),(23636,_binary '\0',NULL),(23637,_binary '\0',NULL),(23638,_binary '\0',NULL),(23639,_binary '\0',NULL),(23640,_binary '\0',NULL),(23641,_binary '\0',NULL),(23642,_binary '\0',NULL),(23643,_binary '\0',NULL),(23644,_binary '\0',NULL),(23645,_binary '\0',NULL),(23646,_binary '\0',NULL),(23647,_binary '\0',NULL),(23648,_binary '\0',NULL),(23649,_binary '\0',NULL),(23650,_binary '\0',NULL),(23651,_binary '\0',NULL),(23652,_binary '\0',NULL),(23653,_binary '\0',NULL),(23654,_binary '\0',NULL),(23655,_binary '\0',NULL),(23656,_binary '\0',NULL),(23657,_binary '\0',NULL),(23658,_binary '\0',NULL),(23659,_binary '\0',NULL),(23660,_binary '\0',NULL),(23661,_binary '\0',NULL),(23662,_binary '\0',NULL),(23663,_binary '\0',NULL),(23664,_binary '\0',NULL),(23665,_binary '\0',NULL),(23666,_binary '\0',NULL),(23667,_binary '\0',NULL),(23668,_binary '\0',NULL),(23669,_binary '\0',NULL),(23670,_binary '\0',NULL),(23671,_binary '\0',NULL),(23672,_binary '\0',NULL),(23673,_binary '\0',NULL),(23674,_binary '\0',NULL),(23675,_binary '\0',NULL),(23676,_binary '\0',NULL),(23677,_binary '\0',NULL),(23678,_binary '\0',NULL),(23679,_binary '\0',NULL),(23680,_binary '\0',NULL),(23681,_binary '\0',NULL),(23682,_binary '\0',NULL),(23683,_binary '\0',NULL),(23684,_binary '\0',NULL),(23685,_binary '\0',NULL),(23686,_binary '\0',NULL),(23687,_binary '\0',NULL),(23688,_binary '\0',NULL),(23689,_binary '\0',NULL),(23690,_binary '\0',NULL),(23691,_binary '\0',NULL),(23692,_binary '\0',NULL),(23693,_binary '\0',NULL),(23694,_binary '\0',NULL),(23695,_binary '\0',NULL),(23696,_binary '\0',NULL),(23697,_binary '\0',NULL),(23698,_binary '\0',NULL),(23699,_binary '\0',NULL),(23700,_binary '\0',NULL),(23701,_binary '\0',NULL),(23702,_binary '\0',NULL),(23703,_binary '\0',NULL),(23704,_binary '\0',NULL),(23705,_binary '\0',NULL),(23706,_binary '\0',NULL),(23707,_binary '\0',NULL),(23708,_binary '\0',NULL),(23709,_binary '\0',NULL),(23710,_binary '\0',NULL),(23711,_binary '\0',NULL),(23712,_binary '\0',NULL),(23713,_binary '\0',NULL),(23714,_binary '\0',NULL),(23715,_binary '\0',NULL),(23716,_binary '\0',NULL),(23717,_binary '\0',NULL),(23718,_binary '\0',NULL),(23719,_binary '\0',NULL),(23720,_binary '\0',NULL),(23721,_binary '\0',NULL),(23722,_binary '\0',NULL),(23723,_binary '\0',NULL),(23724,_binary '\0',NULL),(23725,_binary '\0',NULL),(23726,_binary '\0',NULL),(23727,_binary '\0',NULL),(23728,_binary '\0',NULL),(23729,_binary '\0',NULL),(23730,_binary '\0',NULL),(23731,_binary '\0',NULL),(23732,_binary '\0',NULL),(23733,_binary '\0',NULL),(23734,_binary '\0',NULL),(23735,_binary '\0',NULL),(23736,_binary '\0',NULL),(23737,_binary '\0',NULL),(23738,_binary '\0',NULL),(23739,_binary '\0',NULL),(23740,_binary '\0',NULL),(23741,_binary '\0',NULL),(23742,_binary '\0',NULL),(23743,_binary '\0',NULL),(23744,_binary '\0',NULL),(23745,_binary '\0',NULL),(23746,_binary '\0',NULL),(23747,_binary '\0',NULL),(23748,_binary '\0',NULL),(23749,_binary '\0',NULL),(23750,_binary '\0',NULL),(23751,_binary '\0',NULL),(23752,_binary '\0',NULL),(23753,_binary '\0',NULL),(23754,_binary '\0',NULL),(23755,_binary '\0',NULL),(23756,_binary '\0',NULL),(23757,_binary '\0',NULL),(23758,_binary '\0',NULL),(23759,_binary '\0',NULL),(23760,_binary '\0',NULL),(23761,_binary '\0',NULL),(23762,_binary '\0',NULL),(23763,_binary '\0',NULL),(23764,_binary '\0',NULL),(23765,_binary '\0',NULL),(23766,_binary '\0',NULL),(23767,_binary '\0',NULL),(23768,_binary '\0',NULL),(23769,_binary '\0',NULL),(23770,_binary '\0',NULL),(23771,_binary '\0',NULL),(23772,_binary '\0',NULL),(23773,_binary '\0',NULL),(23774,_binary '\0',NULL),(23775,_binary '\0',NULL),(23776,_binary '\0',NULL),(23777,_binary '\0',NULL),(23778,_binary '\0',NULL),(23779,_binary '\0',NULL),(23780,_binary '\0',NULL),(23781,_binary '\0',NULL),(23782,_binary '\0',NULL),(23783,_binary '\0',NULL),(23784,_binary '\0',NULL),(23785,_binary '\0',NULL),(23786,_binary '\0',NULL),(23787,_binary '\0',NULL),(23788,_binary '\0',NULL),(23789,_binary '\0',NULL),(23790,_binary '\0',NULL),(23791,_binary '\0',NULL),(23792,_binary '\0',NULL),(23793,_binary '\0',NULL),(23794,_binary '\0',NULL),(23795,_binary '\0',NULL),(23796,_binary '\0',NULL),(23797,_binary '\0',NULL),(23798,_binary '\0',NULL),(23799,_binary '\0',NULL),(23800,_binary '\0',NULL),(23801,_binary '\0',NULL),(23802,_binary '\0',NULL),(23803,_binary '\0',NULL),(23804,_binary '\0',NULL),(23805,_binary '\0',NULL),(23806,_binary '\0',NULL),(23807,_binary '\0',NULL),(23808,_binary '\0',NULL),(23809,_binary '\0',NULL),(23810,_binary '\0',NULL),(23811,_binary '\0',NULL),(23812,_binary '\0',NULL),(23813,_binary '\0',NULL),(23814,_binary '\0',NULL),(23815,_binary '\0',NULL),(23816,_binary '\0',NULL),(23817,_binary '\0',NULL),(23818,_binary '\0',NULL),(23819,_binary '\0',NULL),(23820,_binary '\0',NULL),(23821,_binary '\0',NULL),(23822,_binary '\0',NULL),(23823,_binary '\0',NULL),(23824,_binary '\0',NULL),(23825,_binary '\0',NULL),(23826,_binary '\0',NULL),(23827,_binary '\0',NULL),(23828,_binary '\0',NULL),(23829,_binary '\0',NULL),(23830,_binary '\0',NULL),(23831,_binary '\0',NULL),(23832,_binary '\0',NULL),(23833,_binary '\0',NULL),(23834,_binary '\0',NULL),(23835,_binary '\0',NULL),(23836,_binary '\0',NULL),(23837,_binary '\0',NULL),(23838,_binary '\0',NULL),(23839,_binary '\0',NULL),(23840,_binary '\0',NULL),(23841,_binary '\0',NULL),(23842,_binary '\0',NULL),(23843,_binary '\0',NULL),(23844,_binary '\0',NULL),(23845,_binary '\0',NULL),(23846,_binary '\0',NULL),(23847,_binary '\0',NULL),(23848,_binary '\0',NULL),(23849,_binary '\0',NULL),(23850,_binary '\0',NULL),(23851,_binary '\0',NULL),(23852,_binary '\0',NULL),(23853,_binary '\0',NULL),(23854,_binary '\0',NULL),(23855,_binary '\0',NULL),(23856,_binary '\0',NULL),(23857,_binary '\0',NULL),(23858,_binary '\0',NULL),(23859,_binary '\0',NULL),(23860,_binary '\0',NULL),(23861,_binary '\0',NULL),(23862,_binary '\0',NULL),(23863,_binary '\0',NULL),(23864,_binary '\0',NULL),(23865,_binary '\0',NULL),(23866,_binary '\0',NULL),(23867,_binary '\0',NULL),(23868,_binary '\0',NULL),(23869,_binary '\0',NULL),(23870,_binary '\0',NULL),(23871,_binary '\0',NULL),(23872,_binary '\0',NULL),(23873,_binary '\0',NULL),(23874,_binary '\0',NULL),(23875,_binary '\0',NULL),(23876,_binary '\0',NULL),(23877,_binary '\0',NULL),(23878,_binary '\0',NULL),(23879,_binary '\0',NULL),(23880,_binary '\0',NULL),(23881,_binary '\0',NULL),(23882,_binary '\0',NULL),(23883,_binary '\0',NULL),(23884,_binary '\0',NULL),(23885,_binary '\0',NULL),(23886,_binary '\0',NULL),(23887,_binary '\0',NULL),(23888,_binary '\0',NULL),(23889,_binary '\0',NULL),(23890,_binary '\0',NULL),(23891,_binary '\0',NULL),(23892,_binary '\0',NULL),(23893,_binary '\0',NULL),(23894,_binary '\0',NULL),(23895,_binary '\0',NULL),(23896,_binary '\0',NULL),(23897,_binary '\0',NULL),(23898,_binary '\0',NULL),(23899,_binary '\0',NULL),(23900,_binary '\0',NULL),(23901,_binary '\0',NULL),(23902,_binary '\0',NULL),(23903,_binary '\0',NULL),(23904,_binary '\0',NULL),(23905,_binary '\0',NULL),(23906,_binary '\0',NULL),(23907,_binary '\0',NULL),(23908,_binary '\0',NULL),(23909,_binary '\0',NULL),(23910,_binary '\0',NULL),(23911,_binary '\0',NULL),(23912,_binary '\0',NULL),(23913,_binary '\0',NULL),(23914,_binary '\0',NULL),(23915,_binary '\0',NULL),(23916,_binary '\0',NULL),(23917,_binary '\0',NULL),(23918,_binary '\0',NULL),(23919,_binary '\0',NULL),(23920,_binary '\0',NULL),(23921,_binary '\0',NULL),(23922,_binary '\0',NULL),(23923,_binary '\0',NULL),(23924,_binary '\0',NULL),(23925,_binary '\0',NULL),(23926,_binary '\0',NULL),(23927,_binary '\0',NULL),(23928,_binary '\0',NULL),(23929,_binary '\0',NULL),(23930,_binary '\0',NULL),(23931,_binary '\0',NULL),(23932,_binary '\0',NULL),(23933,_binary '\0',NULL),(23934,_binary '\0',NULL),(23935,_binary '\0',NULL),(23936,_binary '\0',NULL),(23937,_binary '\0',NULL),(23938,_binary '\0',NULL),(23939,_binary '\0',NULL),(23940,_binary '\0',NULL),(23941,_binary '\0',NULL),(23942,_binary '\0',NULL),(23943,_binary '\0',NULL),(23944,_binary '\0',NULL),(23945,_binary '\0',NULL),(23946,_binary '\0',NULL),(23947,_binary '\0',NULL),(23948,_binary '\0',NULL),(23949,_binary '\0',NULL),(23950,_binary '\0',NULL),(23951,_binary '\0',NULL),(23952,_binary '\0',NULL),(23953,_binary '\0',NULL),(23954,_binary '\0',NULL),(23955,_binary '\0',NULL),(23956,_binary '\0',NULL),(23957,_binary '\0',NULL),(23958,_binary '\0',NULL),(23959,_binary '\0',NULL),(23960,_binary '\0',NULL),(23961,_binary '\0',NULL),(23962,_binary '\0',NULL),(23963,_binary '\0',NULL),(23964,_binary '\0',NULL),(23965,_binary '\0',NULL),(23966,_binary '\0',NULL),(23967,_binary '\0',NULL),(23968,_binary '\0',NULL),(23969,_binary '\0',NULL),(23970,_binary '\0',NULL),(23971,_binary '\0',NULL),(23972,_binary '\0',NULL),(23973,_binary '\0',NULL),(23974,_binary '\0',NULL),(23975,_binary '\0',NULL),(23976,_binary '\0',NULL),(23977,_binary '\0',NULL),(23978,_binary '\0',NULL),(23979,_binary '\0',NULL),(23980,_binary '\0',NULL),(23981,_binary '\0',NULL),(23982,_binary '\0',NULL),(23983,_binary '\0',NULL),(23984,_binary '\0',NULL),(23985,_binary '\0',NULL),(23986,_binary '\0',NULL),(23987,_binary '\0',NULL),(23988,_binary '\0',NULL),(23989,_binary '\0',NULL),(23990,_binary '\0',NULL),(23991,_binary '\0',NULL),(23992,_binary '\0',NULL),(23993,_binary '\0',NULL),(23994,_binary '\0',NULL),(23995,_binary '\0',NULL),(23996,_binary '\0',NULL),(23997,_binary '\0',NULL),(23998,_binary '\0',NULL),(23999,_binary '\0',NULL),(24000,_binary '\0',NULL),(24001,_binary '\0',NULL),(24002,_binary '\0',NULL),(24003,_binary '\0',NULL),(24004,_binary '\0',NULL),(24005,_binary '\0',NULL),(24006,_binary '\0',NULL),(24007,_binary '\0',NULL),(24008,_binary '\0',NULL),(24009,_binary '\0',NULL),(24010,_binary '\0',NULL),(24011,_binary '\0',NULL),(24012,_binary '\0',NULL),(24013,_binary '\0',NULL),(24014,_binary '\0',NULL),(24015,_binary '\0',NULL),(24016,_binary '\0',NULL),(24017,_binary '\0',NULL),(24018,_binary '\0',NULL),(24019,_binary '\0',NULL),(24020,_binary '\0',NULL),(24021,_binary '\0',NULL),(24022,_binary '\0',NULL),(24023,_binary '\0',NULL),(24024,_binary '\0',NULL),(24025,_binary '\0',NULL),(24026,_binary '\0',NULL),(24027,_binary '\0',NULL),(24028,_binary '\0',NULL),(24029,_binary '\0',NULL),(24030,_binary '\0',NULL),(24031,_binary '\0',NULL),(24032,_binary '\0',NULL),(24033,_binary '\0',NULL),(24034,_binary '\0',NULL),(24035,_binary '\0',NULL),(24036,_binary '\0',NULL),(24037,_binary '\0',NULL),(24038,_binary '\0',NULL),(24039,_binary '\0',NULL),(24040,_binary '\0',NULL),(24041,_binary '\0',NULL),(24042,_binary '\0',NULL),(24043,_binary '\0',NULL),(24044,_binary '\0',NULL),(24045,_binary '\0',NULL),(24046,_binary '\0',NULL),(24047,_binary '\0',NULL),(24048,_binary '\0',NULL),(24049,_binary '\0',NULL),(24050,_binary '\0',NULL),(24051,_binary '\0',NULL),(24052,_binary '\0',NULL),(24053,_binary '\0',NULL),(24054,_binary '\0',NULL),(24055,_binary '\0',NULL),(24056,_binary '\0',NULL),(24057,_binary '\0',NULL),(24058,_binary '\0',NULL),(24059,_binary '\0',NULL),(24060,_binary '\0',NULL),(24061,_binary '\0',NULL),(24062,_binary '\0',NULL),(24063,_binary '\0',NULL),(24064,_binary '\0',NULL),(24065,_binary '\0',NULL),(24066,_binary '\0',NULL),(24067,_binary '\0',NULL),(24068,_binary '\0',NULL),(24069,_binary '\0',NULL),(24070,_binary '\0',NULL),(24071,_binary '\0',NULL),(24072,_binary '\0',NULL),(24073,_binary '\0',NULL),(24074,_binary '\0',NULL),(24075,_binary '\0',NULL),(24076,_binary '\0',NULL),(24077,_binary '\0',NULL),(24078,_binary '\0',NULL),(24079,_binary '\0',NULL),(24080,_binary '\0',NULL),(24081,_binary '\0',NULL),(24082,_binary '\0',NULL),(24083,_binary '\0',NULL),(24084,_binary '\0',NULL),(24085,_binary '\0',NULL),(24086,_binary '\0',NULL),(24087,_binary '\0',NULL),(24088,_binary '\0',NULL),(24089,_binary '\0',NULL),(24090,_binary '\0',NULL),(24091,_binary '\0',NULL),(24092,_binary '\0',NULL),(24093,_binary '\0',NULL),(24094,_binary '\0',NULL),(24095,_binary '\0',NULL),(24096,_binary '\0',NULL),(24097,_binary '\0',NULL),(24098,_binary '\0',NULL),(24099,_binary '\0',NULL),(24100,_binary '\0',NULL),(24101,_binary '\0',NULL),(24102,_binary '\0',NULL),(24103,_binary '\0',NULL),(24104,_binary '\0',NULL),(24105,_binary '\0',NULL),(24106,_binary '\0',NULL),(24107,_binary '\0',NULL),(24108,_binary '\0',NULL),(24109,_binary '\0',NULL),(24110,_binary '\0',NULL),(24111,_binary '\0',NULL),(24112,_binary '\0',NULL),(24113,_binary '\0',NULL),(24114,_binary '\0',NULL),(24115,_binary '\0',NULL),(24116,_binary '\0',NULL),(24117,_binary '\0',NULL),(24118,_binary '\0',NULL),(24119,_binary '\0',NULL),(24120,_binary '\0',NULL),(24121,_binary '\0',NULL),(24122,_binary '\0',NULL),(24123,_binary '\0',NULL),(24124,_binary '\0',NULL),(24125,_binary '\0',NULL),(24126,_binary '\0',NULL),(24127,_binary '\0',NULL),(24128,_binary '\0',NULL),(24129,_binary '\0',NULL),(24130,_binary '\0',NULL),(24131,_binary '\0',NULL),(24132,_binary '\0',NULL),(24133,_binary '\0',NULL),(24134,_binary '\0',NULL),(24135,_binary '\0',NULL),(24136,_binary '\0',NULL),(24137,_binary '\0',NULL),(24138,_binary '\0',NULL),(24139,_binary '\0',NULL),(24140,_binary '\0',NULL),(24141,_binary '\0',NULL),(24142,_binary '\0',NULL),(24143,_binary '\0',NULL),(24144,_binary '\0',NULL),(24145,_binary '\0',NULL),(24146,_binary '\0',NULL),(24147,_binary '\0',NULL),(24148,_binary '\0',NULL),(24149,_binary '\0',NULL),(24150,_binary '\0',NULL),(24151,_binary '\0',NULL),(24152,_binary '\0',NULL),(24153,_binary '\0',NULL),(24154,_binary '\0',NULL),(24155,_binary '\0',NULL),(24156,_binary '\0',NULL),(24157,_binary '\0',NULL),(24158,_binary '\0',NULL),(24159,_binary '\0',NULL),(24160,_binary '\0',NULL),(24161,_binary '\0',NULL),(24162,_binary '\0',NULL),(24163,_binary '\0',NULL),(24164,_binary '\0',NULL),(24165,_binary '\0',NULL),(24166,_binary '\0',NULL),(24167,_binary '\0',NULL),(24168,_binary '\0',NULL),(24169,_binary '\0',NULL),(24170,_binary '\0',NULL),(24171,_binary '\0',NULL),(24172,_binary '\0',NULL),(24173,_binary '\0',NULL),(24174,_binary '\0',NULL),(24175,_binary '\0',NULL),(24176,_binary '\0',NULL),(24177,_binary '\0',NULL),(24178,_binary '\0',NULL),(24179,_binary '\0',NULL),(24180,_binary '\0',NULL),(24181,_binary '\0',NULL),(24182,_binary '\0',NULL),(24183,_binary '\0',NULL),(24184,_binary '\0',NULL),(24185,_binary '\0',NULL),(24186,_binary '\0',NULL),(24187,_binary '\0',NULL),(24188,_binary '\0',NULL),(24189,_binary '\0',NULL),(24190,_binary '\0',NULL),(24191,_binary '\0',NULL),(24192,_binary '\0',NULL),(24193,_binary '\0',NULL),(24194,_binary '\0',NULL),(24195,_binary '\0',NULL),(24196,_binary '\0',NULL),(24197,_binary '\0',NULL),(24198,_binary '\0',NULL),(24199,_binary '\0',NULL),(24200,_binary '\0',NULL),(24201,_binary '\0',NULL),(24202,_binary '\0',NULL),(24203,_binary '\0',NULL),(24204,_binary '\0',NULL),(24205,_binary '\0',NULL),(24206,_binary '\0',NULL),(24207,_binary '\0',NULL),(24208,_binary '\0',NULL),(24209,_binary '\0',NULL),(24210,_binary '\0',NULL),(24211,_binary '\0',NULL),(24212,_binary '\0',NULL),(24213,_binary '\0',NULL),(24214,_binary '\0',NULL),(24215,_binary '\0',NULL),(24216,_binary '\0',NULL),(24217,_binary '\0',NULL),(24218,_binary '\0',NULL),(24219,_binary '\0',NULL),(24220,_binary '\0',NULL),(24221,_binary '\0',NULL),(24222,_binary '\0',NULL),(24223,_binary '\0',NULL),(24224,_binary '\0',NULL),(24225,_binary '\0',NULL),(24226,_binary '\0',NULL),(24227,_binary '\0',NULL),(24228,_binary '\0',NULL),(24229,_binary '\0',NULL),(24230,_binary '\0',NULL),(24231,_binary '\0',NULL),(24232,_binary '\0',NULL),(24233,_binary '\0',NULL),(24234,_binary '\0',NULL),(24235,_binary '\0',NULL),(24236,_binary '\0',NULL),(24237,_binary '\0',NULL),(24238,_binary '\0',NULL),(24239,_binary '\0',NULL),(24240,_binary '\0',NULL),(24241,_binary '\0',NULL),(24242,_binary '\0',NULL),(24243,_binary '\0',NULL),(24244,_binary '\0',NULL),(24245,_binary '\0',NULL),(24246,_binary '\0',NULL),(24247,_binary '\0',NULL),(24248,_binary '\0',NULL),(24249,_binary '\0',NULL),(24250,_binary '\0',NULL),(24251,_binary '\0',NULL),(24252,_binary '\0',NULL),(24253,_binary '\0',NULL),(24254,_binary '\0',NULL),(24255,_binary '\0',NULL),(24256,_binary '\0',NULL),(24257,_binary '\0',NULL),(24258,_binary '\0',NULL),(24259,_binary '\0',NULL),(24260,_binary '\0',NULL),(24261,_binary '\0',NULL),(24262,_binary '\0',NULL),(24263,_binary '\0',NULL),(24264,_binary '\0',NULL),(24265,_binary '\0',NULL),(24266,_binary '\0',NULL),(24267,_binary '\0',NULL),(24268,_binary '\0',NULL),(24269,_binary '\0',NULL),(24270,_binary '\0',NULL),(24271,_binary '\0',NULL),(24272,_binary '\0',NULL),(24273,_binary '\0',NULL),(24274,_binary '\0',NULL),(24275,_binary '\0',NULL),(24276,_binary '\0',NULL),(24277,_binary '\0',NULL),(24278,_binary '\0',NULL),(24279,_binary '\0',NULL),(24280,_binary '\0',NULL),(24281,_binary '\0',NULL),(24282,_binary '\0',NULL),(24283,_binary '\0',NULL),(24284,_binary '\0',NULL),(24285,_binary '\0',NULL),(24286,_binary '\0',NULL),(24287,_binary '\0',NULL),(24288,_binary '\0',NULL),(24289,_binary '\0',NULL),(24290,_binary '\0',NULL),(24291,_binary '\0',NULL),(24292,_binary '\0',NULL),(24293,_binary '\0',NULL),(24294,_binary '\0',NULL),(24295,_binary '\0',NULL),(24296,_binary '\0',NULL),(24297,_binary '\0',NULL),(24298,_binary '\0',NULL),(24299,_binary '\0',NULL),(24300,_binary '\0',NULL),(24301,_binary '\0',NULL),(24302,_binary '\0',NULL),(24303,_binary '\0',NULL),(24304,_binary '\0',NULL),(24305,_binary '\0',NULL),(24306,_binary '\0',NULL),(24307,_binary '\0',NULL),(24308,_binary '\0',NULL),(24309,_binary '\0',NULL),(24310,_binary '\0',NULL),(24311,_binary '\0',NULL),(24312,_binary '\0',NULL),(24313,_binary '\0',NULL),(24314,_binary '\0',NULL),(24315,_binary '\0',NULL),(24316,_binary '\0',NULL),(24317,_binary '\0',NULL),(24318,_binary '\0',NULL),(24319,_binary '\0',NULL),(24320,_binary '\0',NULL),(24321,_binary '\0',NULL),(24322,_binary '\0',NULL),(24323,_binary '\0',NULL),(24324,_binary '\0',NULL),(24325,_binary '\0',NULL),(24326,_binary '\0',NULL),(24327,_binary '\0',NULL),(24328,_binary '\0',NULL),(24329,_binary '\0',NULL),(24330,_binary '\0',NULL),(24331,_binary '\0',NULL),(24332,_binary '\0',NULL),(24333,_binary '\0',NULL),(24334,_binary '\0',NULL),(24335,_binary '\0',NULL),(24336,_binary '\0',NULL),(24337,_binary '\0',NULL),(24338,_binary '\0',NULL),(24339,_binary '\0',NULL),(24340,_binary '\0',NULL),(24341,_binary '\0',NULL),(24342,_binary '\0',NULL),(24343,_binary '\0',NULL),(24344,_binary '\0',NULL),(24345,_binary '\0',NULL),(24346,_binary '\0',NULL),(24347,_binary '\0',NULL),(24348,_binary '\0',NULL),(24349,_binary '\0',NULL),(24350,_binary '\0',NULL),(24351,_binary '\0',NULL),(24352,_binary '\0',NULL),(24353,_binary '\0',NULL),(24354,_binary '\0',NULL),(24355,_binary '\0',NULL),(24356,_binary '\0',NULL),(24357,_binary '\0',NULL),(24358,_binary '\0',NULL),(24359,_binary '\0',NULL),(24360,_binary '\0',NULL),(24361,_binary '\0',NULL),(24362,_binary '\0',NULL),(24363,_binary '\0',NULL),(24364,_binary '\0',NULL),(24365,_binary '\0',NULL),(24366,_binary '\0',NULL),(24367,_binary '\0',NULL),(24368,_binary '\0',NULL),(24369,_binary '\0',NULL),(24370,_binary '\0',NULL),(24371,_binary '\0',NULL),(24372,_binary '\0',NULL),(24373,_binary '\0',NULL),(24374,_binary '\0',NULL),(24375,_binary '\0',NULL),(24376,_binary '\0',NULL),(24377,_binary '\0',NULL),(24378,_binary '\0',NULL),(24379,_binary '\0',NULL),(24380,_binary '\0',NULL),(24381,_binary '\0',NULL),(24382,_binary '\0',NULL),(24383,_binary '\0',NULL),(24384,_binary '\0',NULL),(24385,_binary '\0',NULL),(24386,_binary '\0',NULL),(24387,_binary '\0',NULL),(24388,_binary '\0',NULL),(24389,_binary '\0',NULL),(24390,_binary '\0',NULL),(24391,_binary '\0',NULL),(24392,_binary '\0',NULL),(24393,_binary '\0',NULL),(24394,_binary '\0',NULL),(24395,_binary '\0',NULL),(24396,_binary '\0',NULL),(24397,_binary '\0',NULL),(24398,_binary '\0',NULL),(24399,_binary '\0',NULL),(24400,_binary '\0',NULL),(24401,_binary '\0',NULL),(24402,_binary '\0',NULL),(24403,_binary '\0',NULL),(24404,_binary '\0',NULL),(24405,_binary '\0',NULL),(24406,_binary '\0',NULL),(24407,_binary '\0',NULL),(24408,_binary '\0',NULL),(24409,_binary '\0',NULL),(24410,_binary '\0',NULL),(24411,_binary '\0',NULL),(24412,_binary '\0',NULL),(24413,_binary '\0',NULL),(24414,_binary '\0',NULL),(24415,_binary '\0',NULL),(24416,_binary '\0',NULL),(24417,_binary '\0',NULL),(24418,_binary '\0',NULL),(24419,_binary '\0',NULL),(24420,_binary '\0',NULL),(24421,_binary '\0',NULL),(24422,_binary '\0',NULL),(24423,_binary '\0',NULL),(24424,_binary '\0',NULL),(24425,_binary '\0',NULL),(24426,_binary '\0',NULL),(24427,_binary '\0',NULL),(24428,_binary '\0',NULL),(24429,_binary '\0',NULL),(24430,_binary '\0',NULL),(24431,_binary '\0',NULL),(24432,_binary '\0',NULL),(24433,_binary '\0',NULL),(24434,_binary '\0',NULL),(24435,_binary '\0',NULL),(24436,_binary '\0',NULL),(24437,_binary '\0',NULL),(24438,_binary '\0',NULL),(24439,_binary '\0',NULL),(24440,_binary '\0',NULL),(24441,_binary '\0',NULL),(24442,_binary '\0',NULL),(24443,_binary '\0',NULL),(24444,_binary '\0',NULL),(24445,_binary '\0',NULL),(24446,_binary '\0',NULL),(24447,_binary '\0',NULL),(24448,_binary '\0',NULL),(24449,_binary '\0',NULL),(24450,_binary '\0',NULL),(24451,_binary '\0',NULL),(24452,_binary '\0',NULL),(24453,_binary '\0',NULL),(24454,_binary '\0',NULL),(24455,_binary '\0',NULL),(24456,_binary '\0',NULL),(24457,_binary '\0',NULL),(24458,_binary '\0',NULL),(24459,_binary '\0',NULL),(24460,_binary '\0',NULL),(24461,_binary '\0',NULL),(24462,_binary '\0',NULL),(24463,_binary '\0',NULL),(24464,_binary '\0',NULL),(24465,_binary '\0',NULL),(24466,_binary '\0',NULL),(24467,_binary '\0',NULL),(24468,_binary '\0',NULL),(24469,_binary '\0',NULL),(24470,_binary '\0',NULL),(24471,_binary '\0',NULL),(24472,_binary '\0',NULL),(24473,_binary '\0',NULL),(24474,_binary '\0',NULL),(24475,_binary '\0',NULL),(24476,_binary '\0',NULL),(24477,_binary '\0',NULL),(24478,_binary '\0',NULL),(24479,_binary '\0',NULL),(24480,_binary '\0',NULL),(24481,_binary '\0',NULL),(24482,_binary '\0',NULL),(24483,_binary '\0',NULL),(24484,_binary '\0',NULL),(24485,_binary '\0',NULL),(24486,_binary '\0',NULL),(24487,_binary '\0',NULL),(24488,_binary '\0',NULL),(24489,_binary '\0',NULL),(24490,_binary '\0',NULL),(24491,_binary '\0',NULL),(24492,_binary '\0',NULL),(24493,_binary '\0',NULL),(24494,_binary '\0',NULL),(24495,_binary '\0',NULL),(24496,_binary '\0',NULL),(24497,_binary '\0',NULL),(24498,_binary '\0',NULL),(24499,_binary '\0',NULL),(24500,_binary '\0',NULL),(24501,_binary '\0',NULL),(24502,_binary '\0',NULL),(24503,_binary '\0',NULL),(24504,_binary '\0',NULL),(24505,_binary '\0',NULL),(24506,_binary '\0',NULL),(24507,_binary '\0',NULL),(24508,_binary '\0',NULL),(24509,_binary '\0',NULL),(24510,_binary '\0',NULL),(24511,_binary '\0',NULL),(24512,_binary '\0',NULL),(24513,_binary '\0',NULL),(24514,_binary '\0',NULL),(24515,_binary '\0',NULL),(24516,_binary '\0',NULL),(24517,_binary '\0',NULL),(24518,_binary '\0',NULL),(24519,_binary '\0',NULL),(24520,_binary '\0',NULL),(24521,_binary '\0',NULL),(24522,_binary '\0',NULL),(24523,_binary '\0',NULL),(24524,_binary '\0',NULL),(24525,_binary '\0',NULL),(24526,_binary '\0',NULL),(24527,_binary '\0',NULL),(24528,_binary '\0',NULL),(24529,_binary '\0',NULL),(24530,_binary '\0',NULL),(24531,_binary '\0',NULL),(24532,_binary '\0',NULL),(24533,_binary '\0',NULL),(24534,_binary '\0',NULL),(24535,_binary '\0',NULL),(24536,_binary '\0',NULL),(24537,_binary '\0',NULL),(24538,_binary '\0',NULL),(24539,_binary '\0',NULL),(24540,_binary '\0',NULL),(24541,_binary '\0',NULL),(24542,_binary '\0',NULL),(24543,_binary '\0',NULL),(24544,_binary '\0',NULL),(24545,_binary '\0',NULL),(24546,_binary '\0',NULL),(24547,_binary '\0',NULL),(24548,_binary '\0',NULL),(24549,_binary '\0',NULL),(24550,_binary '\0',NULL),(24551,_binary '\0',NULL),(24552,_binary '\0',NULL),(24553,_binary '\0',NULL),(24554,_binary '\0',NULL),(24555,_binary '\0',NULL),(24556,_binary '\0',NULL),(24557,_binary '\0',NULL),(24558,_binary '\0',NULL),(24559,_binary '\0',NULL),(24560,_binary '\0',NULL),(24561,_binary '\0',NULL),(24562,_binary '\0',NULL),(24563,_binary '\0',NULL),(24564,_binary '\0',NULL),(24565,_binary '\0',NULL),(24566,_binary '\0',NULL),(24567,_binary '\0',NULL),(24568,_binary '\0',NULL),(24569,_binary '\0',NULL),(24570,_binary '\0',NULL),(24571,_binary '\0',NULL),(24572,_binary '\0',NULL),(24573,_binary '\0',NULL),(24574,_binary '\0',NULL),(24575,_binary '\0',NULL),(24576,_binary '\0',NULL),(24577,_binary '\0',NULL),(24578,_binary '\0',NULL),(24579,_binary '\0',NULL),(24580,_binary '\0',NULL),(24581,_binary '\0',NULL),(24582,_binary '\0',NULL),(24583,_binary '\0',NULL),(24584,_binary '\0',NULL),(24585,_binary '\0',NULL),(24586,_binary '\0',NULL),(24587,_binary '\0',NULL),(24588,_binary '\0',NULL),(24589,_binary '\0',NULL),(24590,_binary '\0',NULL),(24591,_binary '\0',NULL),(24592,_binary '\0',NULL),(24593,_binary '\0',NULL),(24594,_binary '\0',NULL),(24595,_binary '\0',NULL),(24596,_binary '\0',NULL),(24597,_binary '\0',NULL),(24598,_binary '\0',NULL),(24599,_binary '\0',NULL),(24600,_binary '\0',NULL),(24601,_binary '\0',NULL),(24602,_binary '\0',NULL),(24603,_binary '\0',NULL),(24604,_binary '\0',NULL),(24605,_binary '\0',NULL),(24606,_binary '\0',NULL),(24607,_binary '\0',NULL),(24608,_binary '\0',NULL),(24609,_binary '\0',NULL),(24610,_binary '\0',NULL),(24611,_binary '\0',NULL),(24612,_binary '\0',NULL),(24613,_binary '\0',NULL),(24614,_binary '\0',NULL),(24615,_binary '\0',NULL),(24616,_binary '\0',NULL),(24617,_binary '\0',NULL),(24618,_binary '\0',NULL),(24619,_binary '\0',NULL),(24620,_binary '\0',NULL),(24621,_binary '\0',NULL),(24622,_binary '\0',NULL),(24623,_binary '\0',NULL),(24624,_binary '\0',NULL),(24625,_binary '\0',NULL),(24626,_binary '\0',NULL),(24627,_binary '\0',NULL),(24628,_binary '\0',NULL),(24629,_binary '\0',NULL),(24630,_binary '\0',NULL),(24631,_binary '\0',NULL),(24632,_binary '\0',NULL),(24633,_binary '\0',NULL),(24634,_binary '\0',NULL),(24635,_binary '\0',NULL),(24636,_binary '\0',NULL),(24637,_binary '\0',NULL),(24638,_binary '\0',NULL),(24639,_binary '\0',NULL),(24640,_binary '\0',NULL),(24641,_binary '\0',NULL),(24642,_binary '\0',NULL),(24643,_binary '\0',NULL),(24644,_binary '\0',NULL),(24645,_binary '\0',NULL),(24646,_binary '\0',NULL),(24647,_binary '\0',NULL),(24648,_binary '\0',NULL),(24649,_binary '\0',NULL),(24650,_binary '\0',NULL),(24651,_binary '\0',NULL),(24652,_binary '\0',NULL),(24653,_binary '\0',NULL),(24654,_binary '\0',NULL),(24655,_binary '\0',NULL),(24656,_binary '\0',NULL),(24657,_binary '\0',NULL),(24658,_binary '\0',NULL),(24659,_binary '\0',NULL),(24660,_binary '\0',NULL),(24661,_binary '\0',NULL),(24662,_binary '\0',NULL),(24663,_binary '\0',NULL),(24664,_binary '\0',NULL),(24665,_binary '\0',NULL),(24666,_binary '\0',NULL),(24667,_binary '\0',NULL),(24668,_binary '\0',NULL),(24669,_binary '\0',NULL),(24670,_binary '\0',NULL),(24671,_binary '\0',NULL),(24672,_binary '\0',NULL),(24673,_binary '\0',NULL),(24674,_binary '\0',NULL),(24675,_binary '\0',NULL),(24676,_binary '\0',NULL),(24677,_binary '\0',NULL),(24678,_binary '\0',NULL),(24679,_binary '\0',NULL),(24680,_binary '\0',NULL),(24681,_binary '\0',NULL),(24682,_binary '\0',NULL),(24683,_binary '\0',NULL),(24684,_binary '\0',NULL),(24685,_binary '\0',NULL),(24686,_binary '\0',NULL),(24687,_binary '\0',NULL),(24688,_binary '\0',NULL),(24689,_binary '\0',NULL),(24690,_binary '\0',NULL),(24691,_binary '\0',NULL),(24692,_binary '\0',NULL),(24693,_binary '\0',NULL),(24694,_binary '\0',NULL),(24695,_binary '\0',NULL),(24696,_binary '\0',NULL),(24697,_binary '\0',NULL),(24698,_binary '\0',NULL),(24699,_binary '\0',NULL),(24700,_binary '\0',NULL),(24701,_binary '\0',NULL),(24702,_binary '\0',NULL),(24703,_binary '\0',NULL),(24704,_binary '\0',NULL),(24705,_binary '\0',NULL),(24706,_binary '\0',NULL),(24707,_binary '\0',NULL),(24708,_binary '\0',NULL),(24709,_binary '\0',NULL),(24710,_binary '\0',NULL),(24711,_binary '\0',NULL),(24712,_binary '\0',NULL),(24713,_binary '\0',NULL),(24714,_binary '\0',NULL),(24715,_binary '\0',NULL),(24716,_binary '\0',NULL),(24717,_binary '\0',NULL),(24718,_binary '\0',NULL),(24719,_binary '\0',NULL),(24720,_binary '\0',NULL),(24721,_binary '\0',NULL),(24722,_binary '\0',NULL),(24723,_binary '\0',NULL),(24724,_binary '\0',NULL),(24725,_binary '\0',NULL),(24726,_binary '\0',NULL),(24727,_binary '\0',NULL),(24728,_binary '\0',NULL),(24729,_binary '\0',NULL),(24730,_binary '\0',NULL),(24731,_binary '\0',NULL),(24732,_binary '\0',NULL),(24733,_binary '\0',NULL),(24734,_binary '\0',NULL),(24735,_binary '\0',NULL),(24736,_binary '\0',NULL),(24737,_binary '\0',NULL),(24738,_binary '\0',NULL),(24739,_binary '\0',NULL),(24740,_binary '\0',NULL),(24741,_binary '\0',NULL),(24742,_binary '\0',NULL),(24743,_binary '\0',NULL),(24744,_binary '\0',NULL),(24745,_binary '\0',NULL),(24746,_binary '\0',NULL),(24747,_binary '\0',NULL),(24748,_binary '\0',NULL),(24749,_binary '\0',NULL),(24750,_binary '\0',NULL),(24751,_binary '\0',NULL),(24752,_binary '\0',NULL),(24753,_binary '\0',NULL),(24754,_binary '\0',NULL),(24755,_binary '\0',NULL),(24756,_binary '\0',NULL),(24757,_binary '\0',NULL),(24758,_binary '\0',NULL),(24759,_binary '\0',NULL),(24760,_binary '\0',NULL),(24761,_binary '\0',NULL),(24762,_binary '\0',NULL),(24763,_binary '\0',NULL),(24764,_binary '\0',NULL),(24765,_binary '\0',NULL),(24766,_binary '\0',NULL),(24767,_binary '\0',NULL),(24768,_binary '\0',NULL),(24769,_binary '\0',NULL),(24770,_binary '\0',NULL),(24771,_binary '\0',NULL),(24772,_binary '\0',NULL),(24773,_binary '\0',NULL),(24774,_binary '\0',NULL),(24775,_binary '\0',NULL),(24776,_binary '\0',NULL),(24777,_binary '\0',NULL),(24778,_binary '\0',NULL),(24779,_binary '\0',NULL),(24780,_binary '\0',NULL),(24781,_binary '\0',NULL),(24782,_binary '\0',NULL),(24783,_binary '\0',NULL),(24784,_binary '\0',NULL),(24785,_binary '\0',NULL),(24786,_binary '\0',NULL),(24787,_binary '\0',NULL),(24788,_binary '\0',NULL),(24789,_binary '\0',NULL),(24790,_binary '\0',NULL),(24791,_binary '\0',NULL),(24792,_binary '\0',NULL),(24793,_binary '\0',NULL),(24794,_binary '\0',NULL),(24795,_binary '\0',NULL),(24796,_binary '\0',NULL),(24797,_binary '\0',NULL),(24798,_binary '\0',NULL),(24799,_binary '\0',NULL),(24800,_binary '\0',NULL),(24801,_binary '\0',NULL),(24802,_binary '\0',NULL),(24803,_binary '\0',NULL),(24804,_binary '\0',NULL),(24805,_binary '\0',NULL),(24806,_binary '\0',NULL),(24807,_binary '\0',NULL),(24808,_binary '\0',NULL),(24809,_binary '\0',NULL),(24810,_binary '\0',NULL),(24811,_binary '\0',NULL),(24812,_binary '\0',NULL),(24813,_binary '\0',NULL),(24814,_binary '\0',NULL),(24815,_binary '\0',NULL),(24816,_binary '\0',NULL),(24817,_binary '\0',NULL),(24818,_binary '\0',NULL),(24819,_binary '\0',NULL),(24820,_binary '\0',NULL),(24821,_binary '\0',NULL),(24822,_binary '\0',NULL),(24823,_binary '\0',NULL),(24824,_binary '\0',NULL),(24825,_binary '\0',NULL),(24826,_binary '\0',NULL),(24827,_binary '\0',NULL),(24828,_binary '\0',NULL),(24829,_binary '\0',NULL),(24830,_binary '\0',NULL),(24831,_binary '\0',NULL),(24832,_binary '\0',NULL),(24833,_binary '\0',NULL),(24834,_binary '\0',NULL),(24835,_binary '\0',NULL),(24836,_binary '\0',NULL),(24837,_binary '\0',NULL),(24838,_binary '\0',NULL),(24839,_binary '\0',NULL),(24840,_binary '\0',NULL),(24841,_binary '\0',NULL),(24842,_binary '\0',NULL),(24843,_binary '\0',NULL),(24844,_binary '\0',NULL),(24845,_binary '\0',NULL),(24846,_binary '\0',NULL),(24847,_binary '\0',NULL),(24848,_binary '\0',NULL),(24849,_binary '\0',NULL),(24850,_binary '\0',NULL),(24851,_binary '\0',NULL),(24852,_binary '\0',NULL),(24853,_binary '\0',NULL),(24854,_binary '\0',NULL),(24855,_binary '\0',NULL),(24856,_binary '\0',NULL),(24857,_binary '\0',NULL),(24858,_binary '\0',NULL),(24859,_binary '\0',NULL),(24860,_binary '\0',NULL),(24861,_binary '\0',NULL),(24862,_binary '\0',NULL),(24863,_binary '\0',NULL),(24864,_binary '\0',NULL),(24865,_binary '\0',NULL),(24866,_binary '\0',NULL),(24867,_binary '\0',NULL),(24868,_binary '\0',NULL),(24869,_binary '\0',NULL),(24870,_binary '\0',NULL),(24871,_binary '\0',NULL),(24872,_binary '\0',NULL),(24873,_binary '\0',NULL),(24874,_binary '\0',NULL),(24875,_binary '\0',NULL),(24876,_binary '\0',NULL),(24877,_binary '\0',NULL),(24878,_binary '\0',NULL),(24879,_binary '\0',NULL),(24880,_binary '\0',NULL),(24881,_binary '\0',NULL),(24882,_binary '\0',NULL),(24883,_binary '\0',NULL),(24884,_binary '\0',NULL),(24885,_binary '\0',NULL),(24886,_binary '\0',NULL),(24887,_binary '\0',NULL),(24888,_binary '\0',NULL),(24889,_binary '\0',NULL),(24890,_binary '\0',NULL),(24891,_binary '\0',NULL),(24892,_binary '\0',NULL),(24893,_binary '\0',NULL),(24894,_binary '\0',NULL),(24895,_binary '\0',NULL),(24896,_binary '\0',NULL),(24897,_binary '\0',NULL),(24898,_binary '\0',NULL),(24899,_binary '\0',NULL),(24900,_binary '\0',NULL),(24901,_binary '\0',NULL),(24902,_binary '\0',NULL),(24903,_binary '\0',NULL),(24904,_binary '\0',NULL),(24905,_binary '\0',NULL),(24906,_binary '\0',NULL),(24907,_binary '\0',NULL),(24908,_binary '\0',NULL),(24909,_binary '\0',NULL),(24910,_binary '\0',NULL),(24911,_binary '\0',NULL),(24912,_binary '\0',NULL),(24913,_binary '\0',NULL),(24914,_binary '\0',NULL),(24915,_binary '\0',NULL),(24916,_binary '\0',NULL),(24917,_binary '\0',NULL),(24918,_binary '\0',NULL),(24919,_binary '\0',NULL),(24920,_binary '\0',NULL),(24921,_binary '\0',NULL),(24922,_binary '\0',NULL),(24923,_binary '\0',NULL),(24924,_binary '\0',NULL),(24925,_binary '\0',NULL),(24926,_binary '\0',NULL),(24927,_binary '\0',NULL),(24928,_binary '\0',NULL),(24929,_binary '\0',NULL),(24930,_binary '\0',NULL),(24931,_binary '\0',NULL),(24932,_binary '\0',NULL),(24933,_binary '\0',NULL),(24934,_binary '\0',NULL),(24935,_binary '\0',NULL),(24936,_binary '\0',NULL),(24937,_binary '\0',NULL),(24938,_binary '\0',NULL),(24939,_binary '\0',NULL),(24940,_binary '\0',NULL),(24941,_binary '\0',NULL),(24942,_binary '\0',NULL),(24943,_binary '\0',NULL),(24944,_binary '\0',NULL),(24945,_binary '\0',NULL),(24946,_binary '\0',NULL),(24947,_binary '\0',NULL),(24948,_binary '\0',NULL),(24949,_binary '\0',NULL),(24950,_binary '\0',NULL),(24951,_binary '\0',NULL),(24952,_binary '\0',NULL),(24953,_binary '\0',NULL),(24954,_binary '\0',NULL),(24955,_binary '\0',NULL),(24956,_binary '\0',NULL),(24957,_binary '\0',NULL),(24958,_binary '\0',NULL),(24959,_binary '\0',NULL),(24960,_binary '\0',NULL),(24961,_binary '\0',NULL),(24962,_binary '\0',NULL),(24963,_binary '\0',NULL),(24964,_binary '\0',NULL),(24965,_binary '\0',NULL),(24966,_binary '\0',NULL),(24967,_binary '\0',NULL),(24968,_binary '\0',NULL),(24969,_binary '\0',NULL),(24970,_binary '\0',NULL),(24971,_binary '\0',NULL),(24972,_binary '\0',NULL),(24973,_binary '\0',NULL),(24974,_binary '\0',NULL),(24975,_binary '\0',NULL),(24976,_binary '\0',NULL),(24977,_binary '\0',NULL),(24978,_binary '\0',NULL),(24979,_binary '\0',NULL),(24980,_binary '\0',NULL),(24981,_binary '\0',NULL),(24982,_binary '\0',NULL),(24983,_binary '\0',NULL),(24984,_binary '\0',NULL),(24985,_binary '\0',NULL),(24986,_binary '\0',NULL),(24987,_binary '\0',NULL),(24988,_binary '\0',NULL),(24989,_binary '\0',NULL),(24990,_binary '\0',NULL),(24991,_binary '\0',NULL),(24992,_binary '\0',NULL),(24993,_binary '\0',NULL),(24994,_binary '\0',NULL),(24995,_binary '\0',NULL),(24996,_binary '\0',NULL),(24997,_binary '\0',NULL),(24998,_binary '\0',NULL),(24999,_binary '\0',NULL),(25000,_binary '\0',NULL),(25001,_binary '\0',NULL),(25002,_binary '\0',NULL),(25003,_binary '\0',NULL),(25004,_binary '\0',NULL),(25005,_binary '\0',NULL),(25006,_binary '\0',NULL),(25007,_binary '\0',NULL),(25008,_binary '\0',NULL),(25009,_binary '\0',NULL),(25010,_binary '\0',NULL),(25011,_binary '\0',NULL),(25012,_binary '\0',NULL),(25013,_binary '\0',NULL),(25014,_binary '\0',NULL),(25015,_binary '\0',NULL),(25016,_binary '\0',NULL),(25017,_binary '\0',NULL),(25018,_binary '\0',NULL),(25019,_binary '\0',NULL),(25020,_binary '\0',NULL),(25021,_binary '\0',NULL),(25022,_binary '\0',NULL),(25023,_binary '\0',NULL),(25024,_binary '\0',NULL),(25025,_binary '\0',NULL),(25026,_binary '\0',NULL),(25027,_binary '\0',NULL),(25028,_binary '\0',NULL),(25029,_binary '\0',NULL),(25030,_binary '\0',NULL),(25031,_binary '\0',NULL),(25032,_binary '\0',NULL),(25033,_binary '\0',NULL),(25034,_binary '\0',NULL),(25035,_binary '\0',NULL),(25036,_binary '\0',NULL),(25037,_binary '\0',NULL),(25038,_binary '\0',NULL),(25039,_binary '\0',NULL),(25040,_binary '\0',NULL),(25041,_binary '\0',NULL),(25042,_binary '\0',NULL),(25043,_binary '\0',NULL),(25044,_binary '\0',NULL),(25045,_binary '\0',NULL),(25046,_binary '\0',NULL),(25047,_binary '\0',NULL),(25048,_binary '\0',NULL),(25049,_binary '\0',NULL),(25050,_binary '\0',NULL),(25051,_binary '\0',NULL),(25052,_binary '\0',NULL),(25053,_binary '\0',NULL),(25054,_binary '\0',NULL),(25055,_binary '\0',NULL),(25056,_binary '\0',NULL),(25057,_binary '\0',NULL),(25058,_binary '\0',NULL),(25059,_binary '\0',NULL),(25060,_binary '\0',NULL),(25061,_binary '\0',NULL),(25062,_binary '\0',NULL),(25063,_binary '\0',NULL),(25064,_binary '\0',NULL),(25065,_binary '\0',NULL),(25066,_binary '\0',NULL),(25067,_binary '\0',NULL),(25068,_binary '\0',NULL),(25069,_binary '\0',NULL),(25070,_binary '\0',NULL),(25071,_binary '\0',NULL),(25072,_binary '\0',NULL),(25073,_binary '\0',NULL),(25074,_binary '\0',NULL),(25075,_binary '\0',NULL),(25076,_binary '\0',NULL),(25077,_binary '\0',NULL),(25078,_binary '\0',NULL),(25079,_binary '\0',NULL),(25080,_binary '\0',NULL),(25081,_binary '\0',NULL),(25082,_binary '\0',NULL),(25083,_binary '\0',NULL),(25084,_binary '\0',NULL),(25085,_binary '\0',NULL),(25086,_binary '\0',NULL),(25087,_binary '\0',NULL),(25088,_binary '\0',NULL),(25089,_binary '\0',NULL),(25090,_binary '\0',NULL),(25091,_binary '\0',NULL),(25092,_binary '\0',NULL),(25093,_binary '\0',NULL),(25094,_binary '\0',NULL),(25095,_binary '\0',NULL),(25096,_binary '\0',NULL),(25097,_binary '\0',NULL),(25098,_binary '\0',NULL),(25099,_binary '\0',NULL),(25100,_binary '\0',NULL),(25101,_binary '\0',NULL),(25102,_binary '\0',NULL),(25103,_binary '\0',NULL),(25104,_binary '\0',NULL),(25105,_binary '\0',NULL),(25106,_binary '\0',NULL),(25107,_binary '\0',NULL),(25108,_binary '\0',NULL),(25109,_binary '\0',NULL),(25110,_binary '\0',NULL),(25111,_binary '\0',NULL),(25112,_binary '\0',NULL),(25113,_binary '\0',NULL),(25114,_binary '\0',NULL),(25115,_binary '\0',NULL),(25116,_binary '\0',NULL),(25117,_binary '\0',NULL),(25118,_binary '\0',NULL),(25119,_binary '\0',NULL),(25120,_binary '\0',NULL),(25121,_binary '\0',NULL),(25122,_binary '\0',NULL),(25123,_binary '\0',NULL),(25124,_binary '\0',NULL),(25125,_binary '\0',NULL),(25126,_binary '\0',NULL),(25127,_binary '\0',NULL),(25128,_binary '\0',NULL),(25129,_binary '\0',NULL),(25130,_binary '\0',NULL),(25131,_binary '\0',NULL),(25132,_binary '\0',NULL),(25133,_binary '\0',NULL),(25134,_binary '\0',NULL),(25135,_binary '\0',NULL),(25136,_binary '\0',NULL),(25137,_binary '\0',NULL),(25138,_binary '\0',NULL),(25139,_binary '\0',NULL),(25140,_binary '\0',NULL),(25141,_binary '\0',NULL),(25142,_binary '\0',NULL),(25143,_binary '\0',NULL),(25144,_binary '\0',NULL),(25145,_binary '\0',NULL),(25146,_binary '\0',NULL),(25147,_binary '\0',NULL),(25148,_binary '\0',NULL),(25149,_binary '\0',NULL),(25150,_binary '\0',NULL),(25151,_binary '\0',NULL),(25152,_binary '\0',NULL),(25153,_binary '\0',NULL),(25154,_binary '\0',NULL),(25155,_binary '\0',NULL),(25156,_binary '\0',NULL),(25157,_binary '\0',NULL),(25158,_binary '\0',NULL),(25159,_binary '\0',NULL),(25160,_binary '\0',NULL),(25161,_binary '\0',NULL),(25162,_binary '\0',NULL),(25163,_binary '\0',NULL),(25164,_binary '\0',NULL),(25165,_binary '\0',NULL),(25166,_binary '\0',NULL),(25167,_binary '\0',NULL),(25168,_binary '\0',NULL),(25169,_binary '\0',NULL),(25170,_binary '\0',NULL),(25171,_binary '\0',NULL),(25172,_binary '\0',NULL),(25173,_binary '\0',NULL),(25174,_binary '\0',NULL),(25175,_binary '\0',NULL),(25176,_binary '\0',NULL),(25177,_binary '\0',NULL),(25178,_binary '\0',NULL),(25179,_binary '\0',NULL),(25180,_binary '\0',NULL),(25181,_binary '\0',NULL),(25182,_binary '\0',NULL),(25183,_binary '\0',NULL),(25184,_binary '\0',NULL),(25185,_binary '\0',NULL),(25186,_binary '\0',NULL),(25187,_binary '\0',NULL),(25188,_binary '\0',NULL),(25189,_binary '\0',NULL),(25190,_binary '\0',NULL),(25191,_binary '\0',NULL),(25192,_binary '\0',NULL),(25193,_binary '\0',NULL),(25194,_binary '\0',NULL),(25195,_binary '\0',NULL),(25196,_binary '\0',NULL),(25197,_binary '\0',NULL),(25198,_binary '\0',NULL),(25199,_binary '\0',NULL),(25200,_binary '\0',NULL),(25201,_binary '\0',NULL),(25202,_binary '\0',NULL),(25203,_binary '\0',NULL),(25204,_binary '\0',NULL),(25205,_binary '\0',NULL),(25206,_binary '\0',NULL),(25207,_binary '\0',NULL),(25208,_binary '\0',NULL),(25209,_binary '\0',NULL),(25210,_binary '\0',NULL),(25211,_binary '\0',NULL),(25212,_binary '\0',NULL),(25213,_binary '\0',NULL),(25214,_binary '\0',NULL),(25215,_binary '\0',NULL),(25216,_binary '\0',NULL),(25217,_binary '\0',NULL),(25218,_binary '\0',NULL),(25219,_binary '\0',NULL),(25220,_binary '\0',NULL),(25221,_binary '\0',NULL),(25222,_binary '\0',NULL),(25223,_binary '\0',NULL),(25224,_binary '\0',NULL),(25225,_binary '\0',NULL),(25226,_binary '\0',NULL),(25227,_binary '\0',NULL),(25228,_binary '\0',NULL),(25229,_binary '\0',NULL),(25230,_binary '\0',NULL),(25231,_binary '\0',NULL),(25232,_binary '\0',NULL),(25233,_binary '\0',NULL),(25234,_binary '\0',NULL),(25235,_binary '\0',NULL),(25236,_binary '\0',NULL),(25237,_binary '\0',NULL),(25238,_binary '\0',NULL),(25239,_binary '\0',NULL),(25240,_binary '\0',NULL),(25241,_binary '\0',NULL),(25242,_binary '\0',NULL),(25243,_binary '\0',NULL),(25244,_binary '\0',NULL),(25245,_binary '\0',NULL),(25246,_binary '\0',NULL),(25247,_binary '\0',NULL),(25248,_binary '\0',NULL),(25249,_binary '\0',NULL),(25250,_binary '\0',NULL),(25251,_binary '\0',NULL),(25252,_binary '\0',NULL),(25253,_binary '\0',NULL),(25254,_binary '\0',NULL),(25255,_binary '\0',NULL),(25256,_binary '\0',NULL),(25257,_binary '\0',NULL),(25258,_binary '\0',NULL),(25259,_binary '\0',NULL),(25260,_binary '\0',NULL),(25261,_binary '\0',NULL),(25262,_binary '\0',NULL),(25263,_binary '\0',NULL),(25264,_binary '\0',NULL),(25265,_binary '\0',NULL),(25266,_binary '\0',NULL),(25267,_binary '\0',NULL),(25268,_binary '\0',NULL),(25269,_binary '\0',NULL),(25270,_binary '\0',NULL),(25271,_binary '\0',NULL),(25272,_binary '\0',NULL),(25273,_binary '\0',NULL),(25274,_binary '\0',NULL),(25275,_binary '\0',NULL),(25276,_binary '\0',NULL),(25277,_binary '\0',NULL),(25278,_binary '\0',NULL),(25279,_binary '\0',NULL),(25280,_binary '\0',NULL),(25281,_binary '\0',NULL),(25282,_binary '\0',NULL),(25283,_binary '\0',NULL),(25284,_binary '\0',NULL),(25285,_binary '\0',NULL),(25286,_binary '\0',NULL),(25287,_binary '\0',NULL),(25288,_binary '\0',NULL),(25289,_binary '\0',NULL),(25290,_binary '\0',NULL),(25291,_binary '\0',NULL),(25292,_binary '\0',NULL),(25293,_binary '\0',NULL),(25294,_binary '\0',NULL),(25295,_binary '\0',NULL),(25296,_binary '\0',NULL),(25297,_binary '\0',NULL),(25298,_binary '\0',NULL),(25299,_binary '\0',NULL),(25300,_binary '\0',NULL),(25301,_binary '\0',NULL),(25302,_binary '\0',NULL),(25303,_binary '\0',NULL),(25304,_binary '\0',NULL),(25305,_binary '\0',NULL),(25306,_binary '\0',NULL),(25307,_binary '\0',NULL),(25308,_binary '\0',NULL),(25309,_binary '\0',NULL),(25310,_binary '\0',NULL),(25311,_binary '\0',NULL),(25312,_binary '\0',NULL),(25313,_binary '\0',NULL),(25314,_binary '\0',NULL),(25315,_binary '\0',NULL),(25316,_binary '\0',NULL),(25317,_binary '\0',NULL),(25318,_binary '\0',NULL),(25319,_binary '\0',NULL),(25320,_binary '\0',NULL),(25321,_binary '\0',NULL),(25322,_binary '\0',NULL),(25323,_binary '\0',NULL),(25324,_binary '\0',NULL),(25325,_binary '\0',NULL),(25326,_binary '\0',NULL),(25327,_binary '\0',NULL),(25328,_binary '\0',NULL),(25329,_binary '\0',NULL),(25330,_binary '\0',NULL),(25331,_binary '\0',NULL),(25332,_binary '\0',NULL),(25333,_binary '\0',NULL),(25334,_binary '\0',NULL),(25335,_binary '\0',NULL),(25336,_binary '\0',NULL),(25337,_binary '\0',NULL),(25338,_binary '\0',NULL),(25339,_binary '\0',NULL),(25340,_binary '\0',NULL),(25341,_binary '\0',NULL),(25342,_binary '\0',NULL),(25343,_binary '\0',NULL),(25344,_binary '\0',NULL),(25345,_binary '\0',NULL),(25346,_binary '\0',NULL),(25347,_binary '\0',NULL),(25348,_binary '\0',NULL),(25349,_binary '\0',NULL),(25350,_binary '\0',NULL),(25351,_binary '\0',NULL),(25352,_binary '\0',NULL),(25353,_binary '\0',NULL),(25354,_binary '\0',NULL),(25355,_binary '\0',NULL),(25356,_binary '\0',NULL),(25357,_binary '\0',NULL),(25358,_binary '\0',NULL),(25359,_binary '\0',NULL),(25360,_binary '\0',NULL),(25361,_binary '\0',NULL),(25362,_binary '\0',NULL),(25363,_binary '\0',NULL),(25364,_binary '\0',NULL),(25365,_binary '\0',NULL),(25366,_binary '\0',NULL),(25367,_binary '\0',NULL),(25368,_binary '\0',NULL),(25369,_binary '\0',NULL),(25370,_binary '\0',NULL),(25371,_binary '\0',NULL),(25372,_binary '\0',NULL),(25373,_binary '\0',NULL),(25374,_binary '\0',NULL),(25375,_binary '\0',NULL),(25376,_binary '\0',NULL),(25377,_binary '\0',NULL),(25378,_binary '\0',NULL),(25379,_binary '\0',NULL),(25380,_binary '\0',NULL),(25381,_binary '\0',NULL),(25382,_binary '\0',NULL),(25383,_binary '\0',NULL),(25384,_binary '\0',NULL),(25385,_binary '\0',NULL),(25386,_binary '\0',NULL),(25387,_binary '\0',NULL),(25388,_binary '\0',NULL),(25389,_binary '\0',NULL),(25390,_binary '\0',NULL),(25391,_binary '\0',NULL),(25392,_binary '\0',NULL),(25393,_binary '\0',NULL),(25394,_binary '\0',NULL),(25395,_binary '\0',NULL),(25396,_binary '\0',NULL),(25397,_binary '\0',NULL),(25398,_binary '\0',NULL),(25399,_binary '\0',NULL),(25400,_binary '\0',NULL),(25401,_binary '\0',NULL),(25402,_binary '\0',NULL),(25403,_binary '\0',NULL),(25404,_binary '\0',NULL),(25405,_binary '\0',NULL),(25406,_binary '\0',NULL),(25407,_binary '\0',NULL),(25408,_binary '\0',NULL),(25409,_binary '\0',NULL),(25410,_binary '\0',NULL),(25411,_binary '\0',NULL),(25412,_binary '\0',NULL),(25413,_binary '\0',NULL),(25414,_binary '\0',NULL),(25415,_binary '\0',NULL),(25416,_binary '\0',NULL),(25417,_binary '\0',NULL),(25418,_binary '\0',NULL),(25419,_binary '\0',NULL),(25420,_binary '\0',NULL),(25421,_binary '\0',NULL),(25422,_binary '\0',NULL),(25423,_binary '\0',NULL),(25424,_binary '\0',NULL),(25425,_binary '\0',NULL),(25426,_binary '\0',NULL),(25427,_binary '\0',NULL),(25428,_binary '\0',NULL),(25429,_binary '\0',NULL),(25430,_binary '\0',NULL),(25431,_binary '\0',NULL),(25432,_binary '\0',NULL),(25433,_binary '\0',NULL),(25434,_binary '\0',NULL),(25435,_binary '\0',NULL),(25436,_binary '\0',NULL),(25437,_binary '\0',NULL),(25438,_binary '\0',NULL),(25439,_binary '\0',NULL),(25440,_binary '\0',NULL),(25441,_binary '\0',NULL),(25442,_binary '\0',NULL),(25443,_binary '\0',NULL),(25444,_binary '\0',NULL),(25445,_binary '\0',NULL),(25446,_binary '\0',NULL),(25447,_binary '\0',NULL),(25448,_binary '\0',NULL),(25449,_binary '\0',NULL),(25450,_binary '\0',NULL),(25451,_binary '\0',NULL),(25452,_binary '\0',NULL),(25453,_binary '\0',NULL),(25454,_binary '\0',NULL),(25455,_binary '\0',NULL),(25456,_binary '\0',NULL),(25457,_binary '\0',NULL),(25458,_binary '\0',NULL),(25459,_binary '\0',NULL),(25460,_binary '\0',NULL),(25461,_binary '\0',NULL),(25462,_binary '\0',NULL),(25463,_binary '\0',NULL),(25464,_binary '\0',NULL),(25465,_binary '\0',NULL),(25466,_binary '\0',NULL),(25467,_binary '\0',NULL),(25468,_binary '\0',NULL),(25469,_binary '\0',NULL),(25470,_binary '\0',NULL),(25471,_binary '\0',NULL),(25472,_binary '\0',NULL),(25473,_binary '\0',NULL),(25474,_binary '\0',NULL),(25475,_binary '\0',NULL),(25476,_binary '\0',NULL),(25477,_binary '\0',NULL),(25478,_binary '\0',NULL),(25479,_binary '\0',NULL),(25480,_binary '\0',NULL),(25481,_binary '\0',NULL),(25482,_binary '\0',NULL),(25483,_binary '\0',NULL),(25484,_binary '\0',NULL),(25485,_binary '\0',NULL),(25486,_binary '\0',NULL),(25487,_binary '\0',NULL),(25488,_binary '\0',NULL),(25489,_binary '\0',NULL),(25490,_binary '\0',NULL),(25491,_binary '\0',NULL),(25492,_binary '\0',NULL),(25493,_binary '\0',NULL),(25494,_binary '\0',NULL),(25495,_binary '\0',NULL),(25496,_binary '\0',NULL),(25497,_binary '\0',NULL),(25498,_binary '\0',NULL),(25499,_binary '\0',NULL),(25500,_binary '\0',NULL),(25501,_binary '\0',NULL),(25502,_binary '\0',NULL),(25503,_binary '\0',NULL),(25504,_binary '\0',NULL),(25505,_binary '\0',NULL),(25506,_binary '\0',NULL),(25507,_binary '\0',NULL),(25508,_binary '\0',NULL),(25509,_binary '\0',NULL),(25510,_binary '\0',NULL),(25511,_binary '\0',NULL),(25512,_binary '\0',NULL),(25513,_binary '\0',NULL),(25514,_binary '\0',NULL),(25515,_binary '\0',NULL),(25516,_binary '\0',NULL),(25517,_binary '\0',NULL),(25518,_binary '\0',NULL),(25519,_binary '\0',NULL),(25520,_binary '\0',NULL),(25521,_binary '\0',NULL),(25522,_binary '\0',NULL),(25523,_binary '\0',NULL),(25524,_binary '\0',NULL),(25525,_binary '\0',NULL),(25526,_binary '\0',NULL),(25527,_binary '\0',NULL),(25528,_binary '\0',NULL),(25529,_binary '\0',NULL),(25530,_binary '\0',NULL),(25531,_binary '\0',NULL),(25532,_binary '\0',NULL),(25533,_binary '\0',NULL),(25534,_binary '\0',NULL),(25535,_binary '\0',NULL),(25536,_binary '\0',NULL),(25537,_binary '\0',NULL),(25538,_binary '\0',NULL),(25539,_binary '\0',NULL),(25540,_binary '\0',NULL),(25541,_binary '\0',NULL),(25542,_binary '\0',NULL),(25543,_binary '\0',NULL),(25544,_binary '\0',NULL),(25545,_binary '\0',NULL),(25546,_binary '\0',NULL),(25547,_binary '\0',NULL),(25548,_binary '\0',NULL),(25549,_binary '\0',NULL),(25550,_binary '\0',NULL),(25551,_binary '\0',NULL),(25552,_binary '\0',NULL),(25553,_binary '\0',NULL),(25554,_binary '\0',NULL),(25555,_binary '\0',NULL),(25556,_binary '\0',NULL),(25557,_binary '\0',NULL),(25558,_binary '\0',NULL),(25559,_binary '\0',NULL),(25560,_binary '\0',NULL),(25561,_binary '\0',NULL),(25562,_binary '\0',NULL),(25563,_binary '\0',NULL),(25564,_binary '\0',NULL),(25565,_binary '\0',NULL),(25566,_binary '\0',NULL),(25567,_binary '\0',NULL),(25568,_binary '\0',NULL),(25569,_binary '\0',NULL),(25570,_binary '\0',NULL),(25571,_binary '\0',NULL),(25572,_binary '\0',NULL),(25573,_binary '\0',NULL),(25574,_binary '\0',NULL),(25575,_binary '\0',NULL),(25576,_binary '\0',NULL),(25577,_binary '\0',NULL),(25578,_binary '\0',NULL),(25579,_binary '\0',NULL),(25580,_binary '\0',NULL),(25581,_binary '\0',NULL),(25582,_binary '\0',NULL),(25583,_binary '\0',NULL),(25584,_binary '\0',NULL),(25585,_binary '\0',NULL),(25586,_binary '\0',NULL),(25587,_binary '\0',NULL),(25588,_binary '\0',NULL),(25589,_binary '\0',NULL),(25590,_binary '\0',NULL),(25591,_binary '\0',NULL),(25592,_binary '\0',NULL),(25593,_binary '\0',NULL),(25594,_binary '\0',NULL),(25595,_binary '\0',NULL),(25596,_binary '\0',NULL),(25597,_binary '\0',NULL),(25598,_binary '\0',NULL),(25599,_binary '\0',NULL),(25600,_binary '\0',NULL),(25601,_binary '\0',NULL),(25602,_binary '\0',NULL),(25603,_binary '\0',NULL),(25604,_binary '\0',NULL),(25605,_binary '\0',NULL),(25606,_binary '\0',NULL),(25607,_binary '\0',NULL),(25608,_binary '\0',NULL),(25609,_binary '\0',NULL),(25610,_binary '\0',NULL),(25611,_binary '\0',NULL),(25612,_binary '\0',NULL),(25613,_binary '\0',NULL),(25614,_binary '\0',NULL),(25615,_binary '\0',NULL),(25616,_binary '\0',NULL),(25617,_binary '\0',NULL),(25618,_binary '\0',NULL),(25619,_binary '\0',NULL),(25620,_binary '\0',NULL),(25621,_binary '\0',NULL),(25622,_binary '\0',NULL),(25623,_binary '\0',NULL),(25624,_binary '\0',NULL),(25625,_binary '\0',NULL),(25626,_binary '\0',NULL),(25627,_binary '\0',NULL),(25628,_binary '\0',NULL),(25629,_binary '\0',NULL),(25630,_binary '\0',NULL),(25631,_binary '\0',NULL),(25632,_binary '\0',NULL),(25633,_binary '\0',NULL),(25634,_binary '\0',NULL),(25635,_binary '\0',NULL),(25636,_binary '\0',NULL),(25637,_binary '\0',NULL),(25638,_binary '\0',NULL),(25639,_binary '\0',NULL),(25640,_binary '\0',NULL),(25641,_binary '\0',NULL),(25642,_binary '\0',NULL),(25643,_binary '\0',NULL),(25644,_binary '\0',NULL),(25645,_binary '\0',NULL),(25646,_binary '\0',NULL),(25647,_binary '\0',NULL),(25648,_binary '\0',NULL),(25649,_binary '\0',NULL),(25650,_binary '\0',NULL),(25651,_binary '\0',NULL),(25652,_binary '\0',NULL),(25653,_binary '\0',NULL),(25654,_binary '\0',NULL),(25655,_binary '\0',NULL),(25656,_binary '\0',NULL),(25657,_binary '\0',NULL),(25658,_binary '\0',NULL),(25659,_binary '\0',NULL),(25660,_binary '\0',NULL),(25661,_binary '\0',NULL),(25662,_binary '\0',NULL),(25663,_binary '\0',NULL),(25664,_binary '\0',NULL),(25665,_binary '\0',NULL),(25666,_binary '\0',NULL),(25667,_binary '\0',NULL),(25668,_binary '\0',NULL),(25669,_binary '\0',NULL),(25670,_binary '\0',NULL),(25671,_binary '\0',NULL),(25672,_binary '\0',NULL),(25673,_binary '\0',NULL),(25674,_binary '\0',NULL),(25675,_binary '\0',NULL),(25676,_binary '\0',NULL),(25677,_binary '\0',NULL),(25678,_binary '\0',NULL),(25679,_binary '\0',NULL),(25680,_binary '\0',NULL),(25681,_binary '\0',NULL),(25682,_binary '\0',NULL),(25683,_binary '\0',NULL),(25684,_binary '\0',NULL),(25685,_binary '\0',NULL),(25686,_binary '\0',NULL),(25687,_binary '\0',NULL),(25688,_binary '\0',NULL),(25689,_binary '\0',NULL),(25690,_binary '\0',NULL),(25691,_binary '\0',NULL),(25692,_binary '\0',NULL),(25693,_binary '\0',NULL),(25694,_binary '\0',NULL),(25695,_binary '\0',NULL),(25696,_binary '\0',NULL),(25697,_binary '\0',NULL),(25698,_binary '\0',NULL),(25699,_binary '\0',NULL),(25700,_binary '\0',NULL),(25701,_binary '\0',NULL),(25702,_binary '\0',NULL),(25703,_binary '\0',NULL),(25704,_binary '\0',NULL),(25705,_binary '\0',NULL),(25706,_binary '\0',NULL),(25707,_binary '\0',NULL),(25708,_binary '\0',NULL),(25709,_binary '\0',NULL),(25710,_binary '\0',NULL),(25711,_binary '\0',NULL),(25712,_binary '\0',NULL),(25713,_binary '\0',NULL),(25714,_binary '\0',NULL),(25715,_binary '\0',NULL),(25716,_binary '\0',NULL),(25717,_binary '\0',NULL),(25718,_binary '\0',NULL),(25719,_binary '\0',NULL),(25720,_binary '\0',NULL),(25721,_binary '\0',NULL),(25722,_binary '\0',NULL),(25723,_binary '\0',NULL),(25724,_binary '\0',NULL),(25725,_binary '\0',NULL),(25726,_binary '\0',NULL),(25727,_binary '\0',NULL),(25728,_binary '\0',NULL),(25729,_binary '\0',NULL),(25730,_binary '\0',NULL),(25731,_binary '\0',NULL),(25732,_binary '\0',NULL),(25733,_binary '\0',NULL),(25734,_binary '\0',NULL),(25735,_binary '\0',NULL),(25736,_binary '\0',NULL),(25737,_binary '\0',NULL),(25738,_binary '\0',NULL),(25739,_binary '\0',NULL),(25740,_binary '\0',NULL),(25741,_binary '\0',NULL),(25742,_binary '\0',NULL),(25743,_binary '\0',NULL),(25744,_binary '\0',NULL),(25745,_binary '\0',NULL),(25746,_binary '\0',NULL),(25747,_binary '\0',NULL),(25748,_binary '\0',NULL),(25749,_binary '\0',NULL),(25750,_binary '\0',NULL),(25751,_binary '\0',NULL),(25752,_binary '\0',NULL),(25753,_binary '\0',NULL),(25754,_binary '\0',NULL),(25755,_binary '\0',NULL),(25756,_binary '\0',NULL),(25757,_binary '\0',NULL),(25758,_binary '\0',NULL),(25759,_binary '\0',NULL),(25760,_binary '\0',NULL),(25761,_binary '\0',NULL),(25762,_binary '\0',NULL),(25763,_binary '\0',NULL),(25764,_binary '\0',NULL),(25765,_binary '\0',NULL),(25766,_binary '\0',NULL),(25767,_binary '\0',NULL),(25768,_binary '\0',NULL),(25769,_binary '\0',NULL),(25770,_binary '\0',NULL),(25771,_binary '\0',NULL),(25772,_binary '\0',NULL),(25773,_binary '\0',NULL),(25774,_binary '\0',NULL),(25775,_binary '\0',NULL),(25776,_binary '\0',NULL),(25777,_binary '\0',NULL),(25778,_binary '\0',NULL),(25779,_binary '\0',NULL),(25780,_binary '\0',NULL),(25781,_binary '\0',NULL),(25782,_binary '\0',NULL),(25783,_binary '\0',NULL),(25784,_binary '\0',NULL),(25785,_binary '\0',NULL),(25786,_binary '\0',NULL),(25787,_binary '\0',NULL),(25788,_binary '\0',NULL),(25789,_binary '\0',NULL),(25790,_binary '\0',NULL),(25791,_binary '\0',NULL),(25792,_binary '\0',NULL),(25793,_binary '\0',NULL),(25794,_binary '\0',NULL),(25795,_binary '\0',NULL),(25796,_binary '\0',NULL),(25797,_binary '\0',NULL),(25798,_binary '\0',NULL),(25799,_binary '\0',NULL),(25800,_binary '\0',NULL),(25801,_binary '\0',NULL),(25802,_binary '\0',NULL),(25803,_binary '\0',NULL),(25804,_binary '\0',NULL),(25805,_binary '\0',NULL),(25806,_binary '\0',NULL),(25807,_binary '\0',NULL),(25808,_binary '\0',NULL),(25809,_binary '\0',NULL),(25810,_binary '\0',NULL),(25811,_binary '\0',NULL),(25812,_binary '\0',NULL),(25813,_binary '\0',NULL),(25814,_binary '\0',NULL),(25815,_binary '\0',NULL),(25816,_binary '\0',NULL),(25817,_binary '\0',NULL),(25818,_binary '\0',NULL),(25819,_binary '\0',NULL),(25820,_binary '\0',NULL),(25821,_binary '\0',NULL),(25822,_binary '\0',NULL),(25823,_binary '\0',NULL),(25824,_binary '\0',NULL),(25825,_binary '\0',NULL),(25826,_binary '\0',NULL),(25827,_binary '\0',NULL),(25828,_binary '\0',NULL),(25829,_binary '\0',NULL),(25830,_binary '\0',NULL),(25831,_binary '\0',NULL),(25832,_binary '\0',NULL),(25833,_binary '\0',NULL),(25834,_binary '\0',NULL),(25835,_binary '\0',NULL),(25836,_binary '\0',NULL),(25837,_binary '\0',NULL),(25838,_binary '\0',NULL),(25839,_binary '\0',NULL),(25840,_binary '\0',NULL),(25841,_binary '\0',NULL),(25842,_binary '\0',NULL),(25843,_binary '\0',NULL),(25844,_binary '\0',NULL),(25845,_binary '\0',NULL),(25846,_binary '\0',NULL),(25847,_binary '\0',NULL),(25848,_binary '\0',NULL),(25849,_binary '\0',NULL),(25850,_binary '\0',NULL),(25851,_binary '\0',NULL),(25852,_binary '\0',NULL),(25853,_binary '\0',NULL),(25854,_binary '\0',NULL),(25855,_binary '\0',NULL),(25856,_binary '\0',NULL),(25857,_binary '\0',NULL),(25858,_binary '\0',NULL),(25859,_binary '\0',NULL),(25860,_binary '\0',NULL),(25861,_binary '\0',NULL),(25862,_binary '\0',NULL),(25863,_binary '\0',NULL),(25864,_binary '\0',NULL),(25865,_binary '\0',NULL),(25866,_binary '\0',NULL),(25867,_binary '\0',NULL),(25868,_binary '\0',NULL),(25869,_binary '\0',NULL),(25870,_binary '\0',NULL),(25871,_binary '\0',NULL),(25872,_binary '\0',NULL),(25873,_binary '\0',NULL),(25874,_binary '\0',NULL),(25875,_binary '\0',NULL),(25876,_binary '\0',NULL),(25877,_binary '\0',NULL),(25878,_binary '\0',NULL),(25879,_binary '\0',NULL),(25880,_binary '\0',NULL),(25881,_binary '\0',NULL),(25882,_binary '\0',NULL),(25883,_binary '\0',NULL),(25884,_binary '\0',NULL),(25885,_binary '\0',NULL),(25886,_binary '\0',NULL),(25887,_binary '\0',NULL),(25888,_binary '\0',NULL),(25889,_binary '\0',NULL),(25890,_binary '\0',NULL),(25891,_binary '\0',NULL),(25892,_binary '\0',NULL),(25893,_binary '\0',NULL),(25894,_binary '\0',NULL),(25895,_binary '\0',NULL),(25896,_binary '\0',NULL),(25897,_binary '\0',NULL),(25898,_binary '\0',NULL),(25899,_binary '\0',NULL),(25900,_binary '\0',NULL),(25901,_binary '\0',NULL),(25902,_binary '\0',NULL),(25903,_binary '\0',NULL),(25904,_binary '\0',NULL),(25905,_binary '\0',NULL),(25906,_binary '\0',NULL),(25907,_binary '\0',NULL),(25908,_binary '\0',NULL),(25909,_binary '\0',NULL),(25910,_binary '\0',NULL),(25911,_binary '\0',NULL),(25912,_binary '\0',NULL),(25913,_binary '\0',NULL),(25914,_binary '\0',NULL),(25915,_binary '\0',NULL),(25916,_binary '\0',NULL),(25917,_binary '\0',NULL),(25918,_binary '\0',NULL),(25919,_binary '\0',NULL),(25920,_binary '\0',NULL),(25921,_binary '\0',NULL),(25922,_binary '\0',NULL),(25923,_binary '\0',NULL),(25924,_binary '\0',NULL),(25925,_binary '\0',NULL),(25926,_binary '\0',NULL),(25927,_binary '\0',NULL),(25928,_binary '\0',NULL),(25929,_binary '\0',NULL),(25930,_binary '\0',NULL),(25931,_binary '\0',NULL),(25932,_binary '\0',NULL),(25933,_binary '\0',NULL),(25934,_binary '\0',NULL),(25935,_binary '\0',NULL),(25936,_binary '\0',NULL),(25937,_binary '\0',NULL),(25938,_binary '\0',NULL),(25939,_binary '\0',NULL),(25940,_binary '\0',NULL),(25941,_binary '\0',NULL),(25942,_binary '\0',NULL),(25943,_binary '\0',NULL),(25944,_binary '\0',NULL),(25945,_binary '\0',NULL),(25946,_binary '\0',NULL),(25947,_binary '\0',NULL),(25948,_binary '\0',NULL),(25949,_binary '\0',NULL),(25950,_binary '\0',NULL),(25951,_binary '\0',NULL),(25952,_binary '\0',NULL),(25953,_binary '\0',NULL),(25954,_binary '\0',NULL),(25955,_binary '\0',NULL),(25956,_binary '\0',NULL),(25957,_binary '\0',NULL),(25958,_binary '\0',NULL),(25959,_binary '\0',NULL),(25960,_binary '\0',NULL),(25961,_binary '\0',NULL),(25962,_binary '\0',NULL),(25963,_binary '\0',NULL),(25964,_binary '\0',NULL),(25965,_binary '\0',NULL),(25966,_binary '\0',NULL),(25967,_binary '\0',NULL),(25968,_binary '\0',NULL),(25969,_binary '\0',NULL),(25970,_binary '\0',NULL),(25971,_binary '\0',NULL),(25972,_binary '\0',NULL),(25973,_binary '\0',NULL),(25974,_binary '\0',NULL),(25975,_binary '\0',NULL),(25976,_binary '\0',NULL),(25977,_binary '\0',NULL),(25978,_binary '\0',NULL),(25979,_binary '\0',NULL),(25980,_binary '\0',NULL),(25981,_binary '\0',NULL),(25982,_binary '\0',NULL),(25983,_binary '\0',NULL),(25984,_binary '\0',NULL),(25985,_binary '\0',NULL),(25986,_binary '\0',NULL),(25987,_binary '\0',NULL),(25988,_binary '\0',NULL),(25989,_binary '\0',NULL),(25990,_binary '\0',NULL),(25991,_binary '\0',NULL),(25992,_binary '\0',NULL),(25993,_binary '\0',NULL),(25994,_binary '\0',NULL),(25995,_binary '\0',NULL),(25996,_binary '\0',NULL),(25997,_binary '\0',NULL),(25998,_binary '\0',NULL),(25999,_binary '\0',NULL),(26000,_binary '\0',NULL),(26001,_binary '\0',NULL),(26002,_binary '\0',NULL),(26003,_binary '\0',NULL),(26004,_binary '\0',NULL),(26005,_binary '\0',NULL),(26006,_binary '\0',NULL),(26007,_binary '\0',NULL),(26008,_binary '\0',NULL),(26009,_binary '\0',NULL),(26010,_binary '\0',NULL),(26011,_binary '\0',NULL),(26012,_binary '\0',NULL),(26013,_binary '\0',NULL),(26014,_binary '\0',NULL),(26015,_binary '\0',NULL),(26016,_binary '\0',NULL),(26017,_binary '\0',NULL),(26018,_binary '\0',NULL),(26019,_binary '\0',NULL),(26020,_binary '\0',NULL),(26021,_binary '\0',NULL),(26022,_binary '\0',NULL),(26023,_binary '\0',NULL),(26024,_binary '\0',NULL),(26025,_binary '\0',NULL),(26026,_binary '\0',NULL),(26027,_binary '\0',NULL),(26028,_binary '\0',NULL),(26029,_binary '\0',NULL),(26030,_binary '\0',NULL),(26031,_binary '\0',NULL),(26032,_binary '\0',NULL),(26033,_binary '\0',NULL),(26034,_binary '\0',NULL),(26035,_binary '\0',NULL),(26036,_binary '\0',NULL),(26037,_binary '\0',NULL),(26038,_binary '\0',NULL),(26039,_binary '\0',NULL),(26040,_binary '\0',NULL),(26041,_binary '\0',NULL),(26042,_binary '\0',NULL),(26043,_binary '\0',NULL),(26044,_binary '\0',NULL),(26045,_binary '\0',NULL),(26046,_binary '\0',NULL),(26047,_binary '\0',NULL),(26048,_binary '\0',NULL),(26049,_binary '\0',NULL),(26050,_binary '\0',NULL),(26051,_binary '\0',NULL),(26052,_binary '\0',NULL),(26053,_binary '\0',NULL),(26054,_binary '\0',NULL),(26055,_binary '\0',NULL),(26056,_binary '\0',NULL),(26057,_binary '\0',NULL),(26058,_binary '\0',NULL),(26059,_binary '\0',NULL),(26060,_binary '\0',NULL),(26061,_binary '\0',NULL),(26062,_binary '\0',NULL),(26063,_binary '\0',NULL),(26064,_binary '\0',NULL),(26065,_binary '\0',NULL),(26066,_binary '\0',NULL),(26067,_binary '\0',NULL),(26068,_binary '\0',NULL),(26069,_binary '\0',NULL),(26070,_binary '\0',NULL),(26071,_binary '\0',NULL),(26072,_binary '\0',NULL),(26073,_binary '\0',NULL),(26074,_binary '\0',NULL),(26075,_binary '\0',NULL),(26076,_binary '\0',NULL),(26077,_binary '\0',NULL),(26078,_binary '\0',NULL),(26079,_binary '\0',NULL),(26080,_binary '\0',NULL),(26081,_binary '\0',NULL),(26082,_binary '\0',NULL),(26083,_binary '\0',NULL),(26084,_binary '\0',NULL),(26085,_binary '\0',NULL),(26086,_binary '\0',NULL),(26087,_binary '\0',NULL),(26088,_binary '\0',NULL),(26089,_binary '\0',NULL),(26090,_binary '\0',NULL),(26091,_binary '\0',NULL),(26092,_binary '\0',NULL),(26093,_binary '\0',NULL),(26094,_binary '\0',NULL),(26095,_binary '\0',NULL),(26096,_binary '\0',NULL),(26097,_binary '\0',NULL),(26098,_binary '\0',NULL),(26099,_binary '\0',NULL),(26100,_binary '\0',NULL),(26101,_binary '\0',NULL),(26102,_binary '\0',NULL),(26103,_binary '\0',NULL),(26104,_binary '\0',NULL),(26105,_binary '\0',NULL),(26106,_binary '\0',NULL),(26107,_binary '\0',NULL),(26108,_binary '\0',NULL),(26109,_binary '\0',NULL),(26110,_binary '\0',NULL),(26111,_binary '\0',NULL),(26112,_binary '\0',NULL),(26113,_binary '\0',NULL),(26114,_binary '\0',NULL),(26115,_binary '\0',NULL),(26116,_binary '\0',NULL),(26117,_binary '\0',NULL),(26118,_binary '\0',NULL),(26119,_binary '\0',NULL),(26120,_binary '\0',NULL),(26121,_binary '\0',NULL),(26122,_binary '\0',NULL),(26123,_binary '\0',NULL),(26124,_binary '\0',NULL),(26125,_binary '\0',NULL),(26126,_binary '\0',NULL),(26127,_binary '\0',NULL),(26128,_binary '\0',NULL),(26129,_binary '\0',NULL),(26130,_binary '\0',NULL),(26131,_binary '\0',NULL),(26132,_binary '\0',NULL),(26133,_binary '\0',NULL),(26134,_binary '\0',NULL),(26135,_binary '\0',NULL),(26136,_binary '\0',NULL),(26137,_binary '\0',NULL),(26138,_binary '\0',NULL),(26139,_binary '\0',NULL),(26140,_binary '\0',NULL),(26141,_binary '\0',NULL),(26142,_binary '\0',NULL),(26143,_binary '\0',NULL),(26144,_binary '\0',NULL),(26145,_binary '\0',NULL),(26146,_binary '\0',NULL),(26147,_binary '\0',NULL),(26148,_binary '\0',NULL),(26149,_binary '\0',NULL),(26150,_binary '\0',NULL),(26151,_binary '\0',NULL),(26152,_binary '\0',NULL),(26153,_binary '\0',NULL),(26154,_binary '\0',NULL),(26155,_binary '\0',NULL),(26156,_binary '\0',NULL),(26157,_binary '\0',NULL),(26158,_binary '\0',NULL),(26159,_binary '\0',NULL),(26160,_binary '\0',NULL),(26161,_binary '\0',NULL),(26162,_binary '\0',NULL),(26163,_binary '\0',NULL),(26164,_binary '\0',NULL),(26165,_binary '\0',NULL),(26166,_binary '\0',NULL),(26167,_binary '\0',NULL),(26168,_binary '\0',NULL),(26169,_binary '\0',NULL),(26170,_binary '\0',NULL),(26171,_binary '\0',NULL),(26172,_binary '\0',NULL),(26173,_binary '\0',NULL),(26174,_binary '\0',NULL),(26175,_binary '\0',NULL),(26176,_binary '\0',NULL),(26177,_binary '\0',NULL),(26178,_binary '\0',NULL),(26179,_binary '\0',NULL),(26180,_binary '\0',NULL),(26181,_binary '\0',NULL),(26182,_binary '\0',NULL),(26183,_binary '\0',NULL),(26184,_binary '\0',NULL),(26185,_binary '\0',NULL),(26186,_binary '\0',NULL),(26187,_binary '\0',NULL),(26188,_binary '\0',NULL),(26189,_binary '\0',NULL),(26190,_binary '\0',NULL),(26191,_binary '\0',NULL),(26192,_binary '\0',NULL),(26193,_binary '\0',NULL),(26194,_binary '\0',NULL),(26195,_binary '\0',NULL),(26196,_binary '\0',NULL),(26197,_binary '\0',NULL),(26198,_binary '\0',NULL),(26199,_binary '\0',NULL),(26200,_binary '\0',NULL),(26201,_binary '\0',NULL),(26202,_binary '\0',NULL),(26203,_binary '\0',NULL),(26204,_binary '\0',NULL),(26205,_binary '\0',NULL),(26206,_binary '\0',NULL),(26207,_binary '\0',NULL),(26208,_binary '\0',NULL),(26209,_binary '\0',NULL),(26210,_binary '\0',NULL),(26211,_binary '\0',NULL),(26212,_binary '\0',NULL),(26213,_binary '\0',NULL),(26214,_binary '\0',NULL),(26215,_binary '\0',NULL),(26216,_binary '\0',NULL),(26217,_binary '\0',NULL),(26218,_binary '\0',NULL),(26219,_binary '\0',NULL),(26220,_binary '\0',NULL),(26221,_binary '\0',NULL),(26222,_binary '\0',NULL),(26223,_binary '\0',NULL),(26224,_binary '\0',NULL),(26225,_binary '\0',NULL),(26226,_binary '\0',NULL),(26227,_binary '\0',NULL),(26228,_binary '\0',NULL),(26229,_binary '\0',NULL),(26230,_binary '\0',NULL),(26231,_binary '\0',NULL),(26232,_binary '\0',NULL),(26233,_binary '\0',NULL),(26234,_binary '\0',NULL),(26235,_binary '\0',NULL),(26236,_binary '\0',NULL),(26237,_binary '\0',NULL),(26238,_binary '\0',NULL),(26239,_binary '\0',NULL),(26240,_binary '\0',NULL),(26241,_binary '\0',NULL),(26242,_binary '\0',NULL),(26243,_binary '\0',NULL),(26244,_binary '\0',NULL),(26245,_binary '\0',NULL),(26246,_binary '\0',NULL),(26247,_binary '\0',NULL),(26248,_binary '\0',NULL),(26249,_binary '\0',NULL),(26250,_binary '\0',NULL),(26251,_binary '\0',NULL),(26252,_binary '\0',NULL),(26253,_binary '\0',NULL),(26254,_binary '\0',NULL),(26255,_binary '\0',NULL),(26256,_binary '\0',NULL),(26257,_binary '\0',NULL),(26258,_binary '\0',NULL),(26259,_binary '\0',NULL),(26260,_binary '\0',NULL),(26261,_binary '\0',NULL),(26262,_binary '\0',NULL),(26263,_binary '\0',NULL),(26264,_binary '\0',NULL),(26265,_binary '\0',NULL),(26266,_binary '\0',NULL),(26267,_binary '\0',NULL),(26268,_binary '\0',NULL),(26269,_binary '\0',NULL),(26270,_binary '\0',NULL),(26271,_binary '\0',NULL),(26272,_binary '\0',NULL),(26273,_binary '\0',NULL),(26274,_binary '\0',NULL),(26275,_binary '\0',NULL),(26276,_binary '\0',NULL),(26277,_binary '\0',NULL),(26278,_binary '\0',NULL),(26279,_binary '\0',NULL),(26280,_binary '\0',NULL),(26281,_binary '\0',NULL),(26282,_binary '\0',NULL),(26283,_binary '\0',NULL),(26284,_binary '\0',NULL),(26285,_binary '\0',NULL),(26286,_binary '\0',NULL),(26287,_binary '\0',NULL),(26288,_binary '\0',NULL),(26289,_binary '\0',NULL),(26290,_binary '\0',NULL),(26291,_binary '\0',NULL),(26292,_binary '\0',NULL),(26293,_binary '\0',NULL),(26294,_binary '\0',NULL),(26295,_binary '\0',NULL),(26296,_binary '\0',NULL),(26297,_binary '\0',NULL),(26298,_binary '\0',NULL),(26299,_binary '\0',NULL),(26300,_binary '\0',NULL),(26301,_binary '\0',NULL),(26302,_binary '\0',NULL),(26303,_binary '\0',NULL),(26304,_binary '\0',NULL),(26305,_binary '\0',NULL),(26306,_binary '\0',NULL),(26307,_binary '\0',NULL),(26308,_binary '\0',NULL),(26309,_binary '\0',NULL),(26310,_binary '\0',NULL),(26311,_binary '\0',NULL),(26312,_binary '\0',NULL),(26313,_binary '\0',NULL),(26314,_binary '\0',NULL),(26315,_binary '\0',NULL),(26316,_binary '\0',NULL),(26317,_binary '\0',NULL),(26318,_binary '\0',NULL),(26319,_binary '\0',NULL),(26320,_binary '\0',NULL),(26321,_binary '\0',NULL),(26322,_binary '\0',NULL),(26323,_binary '\0',NULL),(26324,_binary '\0',NULL),(26325,_binary '\0',NULL),(26326,_binary '\0',NULL),(26327,_binary '\0',NULL),(26328,_binary '\0',NULL),(26329,_binary '\0',NULL),(26330,_binary '\0',NULL),(26331,_binary '\0',NULL),(26332,_binary '\0',NULL),(26333,_binary '\0',NULL),(26334,_binary '\0',NULL),(26335,_binary '\0',NULL),(26336,_binary '\0',NULL),(26337,_binary '\0',NULL),(26338,_binary '\0',NULL),(26339,_binary '\0',NULL),(26340,_binary '\0',NULL),(26341,_binary '\0',NULL),(26342,_binary '\0',NULL),(26343,_binary '\0',NULL),(26344,_binary '\0',NULL),(26345,_binary '\0',NULL),(26346,_binary '\0',NULL),(26347,_binary '\0',NULL),(26348,_binary '\0',NULL),(26349,_binary '\0',NULL),(26350,_binary '\0',NULL),(26351,_binary '\0',NULL),(26352,_binary '\0',NULL),(26353,_binary '\0',NULL),(26354,_binary '\0',NULL),(26355,_binary '\0',NULL),(26356,_binary '\0',NULL),(26357,_binary '\0',NULL),(26358,_binary '\0',NULL),(26359,_binary '\0',NULL),(26360,_binary '\0',NULL),(26361,_binary '\0',NULL),(26362,_binary '\0',NULL),(26363,_binary '\0',NULL),(26364,_binary '\0',NULL),(26365,_binary '\0',NULL),(26366,_binary '\0',NULL),(26367,_binary '\0',NULL),(26368,_binary '\0',NULL),(26369,_binary '\0',NULL),(26370,_binary '\0',NULL),(26371,_binary '\0',NULL),(26372,_binary '\0',NULL),(26373,_binary '\0',NULL),(26374,_binary '\0',NULL),(26375,_binary '\0',NULL),(26376,_binary '\0',NULL),(26377,_binary '\0',NULL),(26378,_binary '\0',NULL),(26379,_binary '\0',NULL),(26380,_binary '\0',NULL),(26381,_binary '\0',NULL),(26382,_binary '\0',NULL),(26383,_binary '\0',NULL),(26384,_binary '\0',NULL),(26385,_binary '\0',NULL),(26386,_binary '\0',NULL),(26387,_binary '\0',NULL),(26388,_binary '\0',NULL),(26389,_binary '\0',NULL),(26390,_binary '\0',NULL),(26391,_binary '\0',NULL),(26392,_binary '\0',NULL),(26393,_binary '\0',NULL),(26394,_binary '\0',NULL),(26395,_binary '\0',NULL),(26396,_binary '\0',NULL),(26397,_binary '\0',NULL),(26398,_binary '\0',NULL),(26399,_binary '\0',NULL),(26400,_binary '\0',NULL),(26401,_binary '\0',NULL),(26402,_binary '\0',NULL),(26403,_binary '\0',NULL),(26404,_binary '\0',NULL),(26405,_binary '\0',NULL),(26406,_binary '\0',NULL),(26407,_binary '\0',NULL),(26408,_binary '\0',NULL),(26409,_binary '\0',NULL),(26410,_binary '\0',NULL),(26411,_binary '\0',NULL),(26412,_binary '\0',NULL),(26413,_binary '\0',NULL),(26414,_binary '\0',NULL),(26415,_binary '\0',NULL),(26416,_binary '\0',NULL),(26417,_binary '\0',NULL),(26418,_binary '\0',NULL),(26419,_binary '\0',NULL),(26420,_binary '\0',NULL),(26421,_binary '\0',NULL),(26422,_binary '\0',NULL),(26423,_binary '\0',NULL),(26424,_binary '\0',NULL),(26425,_binary '\0',NULL),(26426,_binary '\0',NULL),(26427,_binary '\0',NULL),(26428,_binary '\0',NULL),(26429,_binary '\0',NULL),(26430,_binary '\0',NULL),(26431,_binary '\0',NULL),(26432,_binary '\0',NULL),(26433,_binary '\0',NULL),(26434,_binary '\0',NULL),(26435,_binary '\0',NULL),(26436,_binary '\0',NULL),(26437,_binary '\0',NULL),(26438,_binary '\0',NULL),(26439,_binary '\0',NULL),(26440,_binary '\0',NULL),(26441,_binary '\0',NULL),(26442,_binary '\0',NULL),(26443,_binary '\0',NULL),(26444,_binary '\0',NULL),(26445,_binary '\0',NULL),(26446,_binary '\0',NULL),(26447,_binary '\0',NULL),(26448,_binary '\0',NULL),(26449,_binary '\0',NULL),(26450,_binary '\0',NULL),(26451,_binary '\0',NULL),(26452,_binary '\0',NULL),(26453,_binary '\0',NULL),(26454,_binary '\0',NULL),(26455,_binary '\0',NULL),(26456,_binary '\0',NULL),(26457,_binary '\0',NULL),(26458,_binary '\0',NULL),(26459,_binary '\0',NULL),(26460,_binary '\0',NULL),(26461,_binary '\0',NULL),(26462,_binary '\0',NULL),(26463,_binary '\0',NULL),(26464,_binary '\0',NULL),(26465,_binary '\0',NULL),(26466,_binary '\0',NULL),(26467,_binary '\0',NULL),(26468,_binary '\0',NULL),(26469,_binary '\0',NULL),(26470,_binary '\0',NULL),(26471,_binary '\0',NULL),(26472,_binary '\0',NULL),(26473,_binary '\0',NULL),(26474,_binary '\0',NULL),(26475,_binary '\0',NULL),(26476,_binary '\0',NULL),(26477,_binary '\0',NULL),(26478,_binary '\0',NULL),(26479,_binary '\0',NULL),(26480,_binary '\0',NULL),(26481,_binary '\0',NULL),(26482,_binary '\0',NULL),(26483,_binary '\0',NULL),(26484,_binary '\0',NULL),(26485,_binary '\0',NULL),(26486,_binary '\0',NULL),(26487,_binary '\0',NULL),(26488,_binary '\0',NULL),(26489,_binary '\0',NULL),(26490,_binary '\0',NULL),(26491,_binary '\0',NULL),(26492,_binary '\0',NULL),(26493,_binary '\0',NULL),(26494,_binary '\0',NULL),(26495,_binary '\0',NULL),(26496,_binary '\0',NULL),(26497,_binary '\0',NULL),(26498,_binary '\0',NULL),(26499,_binary '\0',NULL),(26500,_binary '\0',NULL),(26501,_binary '\0',NULL),(26502,_binary '\0',NULL),(26503,_binary '\0',NULL),(26504,_binary '\0',NULL),(26505,_binary '\0',NULL),(26506,_binary '\0',NULL),(26507,_binary '\0',NULL),(26508,_binary '\0',NULL),(26509,_binary '\0',NULL),(26510,_binary '\0',NULL),(26511,_binary '\0',NULL),(26512,_binary '\0',NULL),(26513,_binary '\0',NULL),(26514,_binary '\0',NULL),(26515,_binary '\0',NULL),(26516,_binary '\0',NULL),(26517,_binary '\0',NULL),(26518,_binary '\0',NULL),(26519,_binary '\0',NULL),(26520,_binary '\0',NULL),(26521,_binary '\0',NULL),(26522,_binary '\0',NULL),(26523,_binary '\0',NULL),(26524,_binary '\0',NULL),(26525,_binary '\0',NULL),(26526,_binary '\0',NULL),(26527,_binary '\0',NULL),(26528,_binary '\0',NULL),(26529,_binary '\0',NULL),(26530,_binary '\0',NULL),(26531,_binary '\0',NULL),(26532,_binary '\0',NULL),(26533,_binary '\0',NULL),(26534,_binary '\0',NULL),(26535,_binary '\0',NULL),(26536,_binary '\0',NULL),(26537,_binary '\0',NULL),(26538,_binary '\0',NULL),(26539,_binary '\0',NULL),(26540,_binary '\0',NULL),(26541,_binary '\0',NULL),(26542,_binary '\0',NULL),(26543,_binary '\0',NULL),(26544,_binary '\0',NULL),(26545,_binary '\0',NULL),(26546,_binary '\0',NULL),(26547,_binary '\0',NULL),(26548,_binary '\0',NULL),(26549,_binary '\0',NULL),(26550,_binary '\0',NULL),(26551,_binary '\0',NULL),(26552,_binary '\0',NULL),(26553,_binary '\0',NULL),(26554,_binary '\0',NULL),(26555,_binary '\0',NULL),(26556,_binary '\0',NULL),(26557,_binary '\0',NULL),(26558,_binary '\0',NULL),(26559,_binary '\0',NULL),(26560,_binary '\0',NULL),(26561,_binary '\0',NULL),(26562,_binary '\0',NULL),(26563,_binary '\0',NULL),(26564,_binary '\0',NULL),(26565,_binary '\0',NULL),(26566,_binary '\0',NULL),(26567,_binary '\0',NULL),(26568,_binary '\0',NULL),(26569,_binary '\0',NULL),(26570,_binary '\0',NULL),(26571,_binary '\0',NULL),(26572,_binary '\0',NULL),(26573,_binary '\0',NULL),(26574,_binary '\0',NULL),(26575,_binary '\0',NULL),(26576,_binary '\0',NULL),(26577,_binary '\0',NULL),(26578,_binary '\0',NULL),(26579,_binary '\0',NULL),(26580,_binary '\0',NULL),(26581,_binary '\0',NULL),(26582,_binary '\0',NULL),(26583,_binary '\0',NULL),(26584,_binary '\0',NULL),(26585,_binary '\0',NULL),(26586,_binary '\0',NULL),(26587,_binary '\0',NULL),(26588,_binary '\0',NULL),(26589,_binary '\0',NULL),(26590,_binary '\0',NULL),(26591,_binary '\0',NULL),(26592,_binary '\0',NULL),(26593,_binary '\0',NULL),(26594,_binary '\0',NULL),(26595,_binary '\0',NULL),(26596,_binary '\0',NULL),(26597,_binary '\0',NULL),(26598,_binary '\0',NULL),(26599,_binary '\0',NULL),(26600,_binary '\0',NULL),(26601,_binary '\0',NULL),(26602,_binary '\0',NULL),(26603,_binary '\0',NULL),(26604,_binary '\0',NULL),(26605,_binary '\0',NULL),(26606,_binary '\0',NULL),(26607,_binary '\0',NULL),(26608,_binary '\0',NULL),(26609,_binary '\0',NULL),(26610,_binary '\0',NULL),(26611,_binary '\0',NULL),(26612,_binary '\0',NULL),(26613,_binary '\0',NULL),(26614,_binary '\0',NULL),(26615,_binary '\0',NULL),(26616,_binary '\0',NULL),(26617,_binary '\0',NULL),(26618,_binary '\0',NULL),(26619,_binary '\0',NULL),(26620,_binary '\0',NULL),(26621,_binary '\0',NULL),(26622,_binary '\0',NULL),(26623,_binary '\0',NULL),(26624,_binary '\0',NULL),(26625,_binary '\0',NULL),(26626,_binary '\0',NULL),(26627,_binary '\0',NULL),(26628,_binary '\0',NULL),(26629,_binary '\0',NULL),(26630,_binary '\0',NULL),(26631,_binary '\0',NULL),(26632,_binary '\0',NULL),(26633,_binary '\0',NULL),(26634,_binary '\0',NULL),(26635,_binary '\0',NULL),(26636,_binary '\0',NULL),(26637,_binary '\0',NULL),(26638,_binary '\0',NULL),(26639,_binary '\0',NULL),(26640,_binary '\0',NULL),(26641,_binary '\0',NULL),(26642,_binary '\0',NULL),(26643,_binary '\0',NULL),(26644,_binary '\0',NULL),(26645,_binary '\0',NULL),(26646,_binary '\0',NULL),(26647,_binary '\0',NULL),(26648,_binary '\0',NULL),(26649,_binary '\0',NULL),(26650,_binary '\0',NULL),(26651,_binary '\0',NULL),(26652,_binary '\0',NULL),(26653,_binary '\0',NULL),(26654,_binary '\0',NULL),(26655,_binary '\0',NULL),(26656,_binary '\0',NULL),(26657,_binary '\0',NULL),(26658,_binary '\0',NULL),(26659,_binary '\0',NULL),(26660,_binary '\0',NULL),(26661,_binary '\0',NULL),(26662,_binary '\0',NULL),(26663,_binary '\0',NULL),(26664,_binary '\0',NULL),(26665,_binary '\0',NULL),(26666,_binary '\0',NULL),(26667,_binary '\0',NULL),(26668,_binary '\0',NULL),(26669,_binary '\0',NULL),(26670,_binary '\0',NULL),(26671,_binary '\0',NULL),(26672,_binary '\0',NULL),(26673,_binary '\0',NULL),(26674,_binary '\0',NULL),(26675,_binary '\0',NULL),(26676,_binary '\0',NULL),(26677,_binary '\0',NULL),(26678,_binary '\0',NULL),(26679,_binary '\0',NULL),(26680,_binary '\0',NULL),(26681,_binary '\0',NULL),(26682,_binary '\0',NULL),(26683,_binary '\0',NULL),(26684,_binary '\0',NULL),(26685,_binary '\0',NULL),(26686,_binary '\0',NULL),(26687,_binary '\0',NULL),(26688,_binary '\0',NULL),(26689,_binary '\0',NULL),(26690,_binary '\0',NULL),(26691,_binary '\0',NULL),(26692,_binary '\0',NULL),(26693,_binary '\0',NULL),(26694,_binary '\0',NULL),(26695,_binary '\0',NULL),(26696,_binary '\0',NULL),(26697,_binary '\0',NULL),(26698,_binary '\0',NULL),(26699,_binary '\0',NULL),(26700,_binary '\0',NULL),(26701,_binary '\0',NULL),(26702,_binary '\0',NULL),(26703,_binary '\0',NULL),(26704,_binary '\0',NULL),(26705,_binary '\0',NULL),(26706,_binary '\0',NULL),(26707,_binary '\0',NULL),(26708,_binary '\0',NULL),(26709,_binary '\0',NULL),(26710,_binary '\0',NULL),(26711,_binary '\0',NULL),(26712,_binary '\0',NULL),(26713,_binary '\0',NULL),(26714,_binary '\0',NULL),(26715,_binary '\0',NULL),(26716,_binary '\0',NULL),(26717,_binary '\0',NULL),(26718,_binary '\0',NULL),(26719,_binary '\0',NULL),(26720,_binary '\0',NULL),(26721,_binary '\0',NULL),(26722,_binary '\0',NULL),(26723,_binary '\0',NULL),(26724,_binary '\0',NULL),(26725,_binary '\0',NULL),(26726,_binary '\0',NULL),(26727,_binary '\0',NULL),(26728,_binary '\0',NULL),(26729,_binary '\0',NULL),(26730,_binary '\0',NULL),(26731,_binary '\0',NULL),(26732,_binary '\0',NULL),(26733,_binary '\0',NULL),(26734,_binary '\0',NULL),(26735,_binary '\0',NULL),(26736,_binary '\0',NULL),(26737,_binary '\0',NULL),(26738,_binary '\0',NULL),(26739,_binary '\0',NULL),(26740,_binary '\0',NULL),(26741,_binary '\0',NULL),(26742,_binary '\0',NULL),(26743,_binary '\0',NULL),(26744,_binary '\0',NULL),(26745,_binary '\0',NULL),(26746,_binary '\0',NULL),(26747,_binary '\0',NULL),(26748,_binary '\0',NULL),(26749,_binary '\0',NULL),(26750,_binary '\0',NULL),(26751,_binary '\0',NULL),(26752,_binary '\0',NULL),(26753,_binary '\0',NULL),(26754,_binary '\0',NULL),(26755,_binary '\0',NULL),(26756,_binary '\0',NULL),(26757,_binary '\0',NULL),(26758,_binary '\0',NULL),(26759,_binary '\0',NULL),(26760,_binary '\0',NULL),(26761,_binary '\0',NULL),(26762,_binary '\0',NULL),(26763,_binary '\0',NULL),(26764,_binary '\0',NULL),(26765,_binary '\0',NULL),(26766,_binary '\0',NULL),(26767,_binary '\0',NULL),(26768,_binary '\0',NULL),(26769,_binary '\0',NULL),(26770,_binary '\0',NULL),(26771,_binary '\0',NULL),(26772,_binary '\0',NULL),(26773,_binary '\0',NULL),(26774,_binary '\0',NULL),(26775,_binary '\0',NULL),(26776,_binary '\0',NULL),(26777,_binary '\0',NULL),(26778,_binary '\0',NULL),(26779,_binary '\0',NULL),(26780,_binary '\0',NULL),(26781,_binary '\0',NULL),(26782,_binary '\0',NULL),(26783,_binary '\0',NULL),(26784,_binary '\0',NULL),(26785,_binary '\0',NULL),(26786,_binary '\0',NULL),(26787,_binary '\0',NULL),(26788,_binary '\0',NULL),(26789,_binary '\0',NULL),(26790,_binary '\0',NULL),(26791,_binary '\0',NULL),(26792,_binary '\0',NULL),(26793,_binary '\0',NULL),(26794,_binary '\0',NULL),(26795,_binary '\0',NULL),(26796,_binary '\0',NULL),(26797,_binary '\0',NULL),(26798,_binary '\0',NULL),(26799,_binary '\0',NULL),(26800,_binary '\0',NULL),(26801,_binary '\0',NULL),(26802,_binary '\0',NULL),(26803,_binary '\0',NULL),(26804,_binary '\0',NULL),(26805,_binary '\0',NULL),(26806,_binary '\0',NULL),(26807,_binary '\0',NULL),(26808,_binary '\0',NULL),(26809,_binary '\0',NULL),(26810,_binary '\0',NULL),(26811,_binary '\0',NULL),(26812,_binary '\0',NULL),(26813,_binary '\0',NULL),(26814,_binary '\0',NULL),(26815,_binary '\0',NULL),(26816,_binary '\0',NULL),(26817,_binary '\0',NULL),(26818,_binary '\0',NULL),(26819,_binary '\0',NULL),(26820,_binary '\0',NULL),(26821,_binary '\0',NULL),(26822,_binary '\0',NULL),(26823,_binary '\0',NULL),(26824,_binary '\0',NULL),(26825,_binary '\0',NULL),(26826,_binary '\0',NULL),(26827,_binary '\0',NULL),(26828,_binary '\0',NULL),(26829,_binary '\0',NULL),(26830,_binary '\0',NULL),(26831,_binary '\0',NULL),(26832,_binary '\0',NULL),(26833,_binary '\0',NULL),(26834,_binary '\0',NULL),(26835,_binary '\0',NULL),(26836,_binary '\0',NULL),(26837,_binary '\0',NULL),(26838,_binary '\0',NULL),(26839,_binary '\0',NULL),(26840,_binary '\0',NULL),(26841,_binary '\0',NULL),(26842,_binary '\0',NULL),(26843,_binary '\0',NULL),(26844,_binary '\0',NULL),(26845,_binary '\0',NULL),(26846,_binary '\0',NULL),(26847,_binary '\0',NULL),(26848,_binary '\0',NULL),(26849,_binary '\0',NULL),(26850,_binary '\0',NULL),(26851,_binary '\0',NULL),(26852,_binary '\0',NULL),(26853,_binary '\0',NULL),(26854,_binary '\0',NULL),(26855,_binary '\0',NULL),(26856,_binary '\0',NULL),(26857,_binary '\0',NULL),(26858,_binary '\0',NULL),(26859,_binary '\0',NULL),(26860,_binary '\0',NULL),(26861,_binary '\0',NULL),(26862,_binary '\0',NULL),(26863,_binary '\0',NULL),(26864,_binary '\0',NULL),(26865,_binary '\0',NULL),(26866,_binary '\0',NULL),(26867,_binary '\0',NULL),(26868,_binary '\0',NULL),(26869,_binary '\0',NULL),(26870,_binary '\0',NULL),(26871,_binary '\0',NULL),(26872,_binary '\0',NULL),(26873,_binary '\0',NULL),(26874,_binary '\0',NULL),(26875,_binary '\0',NULL),(26876,_binary '\0',NULL),(26877,_binary '\0',NULL),(26878,_binary '\0',NULL),(26879,_binary '\0',NULL),(26880,_binary '\0',NULL),(26881,_binary '\0',NULL),(26882,_binary '\0',NULL),(26883,_binary '\0',NULL),(26884,_binary '\0',NULL),(26885,_binary '\0',NULL),(26886,_binary '\0',NULL),(26887,_binary '\0',NULL),(26888,_binary '\0',NULL),(26889,_binary '\0',NULL),(26890,_binary '\0',NULL),(26891,_binary '\0',NULL),(26892,_binary '\0',NULL),(26893,_binary '\0',NULL),(26894,_binary '\0',NULL),(26895,_binary '\0',NULL),(26896,_binary '\0',NULL),(26897,_binary '\0',NULL),(26898,_binary '\0',NULL),(26899,_binary '\0',NULL),(26900,_binary '\0',NULL),(26901,_binary '\0',NULL),(26902,_binary '\0',NULL),(26903,_binary '\0',NULL),(26904,_binary '\0',NULL),(26905,_binary '\0',NULL),(26906,_binary '\0',NULL),(26907,_binary '\0',NULL),(26908,_binary '\0',NULL),(26909,_binary '\0',NULL),(26910,_binary '\0',NULL),(26911,_binary '\0',NULL),(26912,_binary '\0',NULL),(26913,_binary '\0',NULL),(26914,_binary '\0',NULL),(26915,_binary '\0',NULL),(26916,_binary '\0',NULL),(26917,_binary '\0',NULL),(26918,_binary '\0',NULL),(26919,_binary '\0',NULL),(26920,_binary '\0',NULL),(26921,_binary '\0',NULL),(26922,_binary '\0',NULL),(26923,_binary '\0',NULL),(26924,_binary '\0',NULL),(26925,_binary '\0',NULL),(26926,_binary '\0',NULL),(26927,_binary '\0',NULL),(26928,_binary '\0',NULL),(26929,_binary '\0',NULL),(26930,_binary '\0',NULL),(26931,_binary '\0',NULL),(26932,_binary '\0',NULL),(26933,_binary '\0',NULL),(26934,_binary '\0',NULL),(26935,_binary '\0',NULL),(26936,_binary '\0',NULL),(26937,_binary '\0',NULL),(26938,_binary '\0',NULL),(26939,_binary '\0',NULL),(26940,_binary '\0',NULL),(26941,_binary '\0',NULL),(26942,_binary '\0',NULL),(26943,_binary '\0',NULL),(26944,_binary '\0',NULL),(26945,_binary '\0',NULL),(26946,_binary '\0',NULL),(26947,_binary '\0',NULL),(26948,_binary '\0',NULL),(26949,_binary '\0',NULL),(26950,_binary '\0',NULL),(26951,_binary '\0',NULL),(26952,_binary '\0',NULL),(26953,_binary '\0',NULL),(26954,_binary '\0',NULL),(26955,_binary '\0',NULL),(26956,_binary '\0',NULL),(26957,_binary '\0',NULL),(26958,_binary '\0',NULL),(26959,_binary '\0',NULL),(26960,_binary '\0',NULL),(26961,_binary '\0',NULL),(26962,_binary '\0',NULL),(26963,_binary '\0',NULL),(26964,_binary '\0',NULL),(26965,_binary '\0',NULL),(26966,_binary '\0',NULL),(26967,_binary '\0',NULL),(26968,_binary '\0',NULL),(26969,_binary '\0',NULL),(26970,_binary '\0',NULL),(26971,_binary '\0',NULL),(26972,_binary '\0',NULL),(26973,_binary '\0',NULL),(26974,_binary '\0',NULL),(26975,_binary '\0',NULL),(26976,_binary '\0',NULL),(26977,_binary '\0',NULL),(26978,_binary '\0',NULL),(26979,_binary '\0',NULL),(26980,_binary '\0',NULL),(26981,_binary '\0',NULL),(26982,_binary '\0',NULL),(26983,_binary '\0',NULL),(26984,_binary '\0',NULL),(26985,_binary '\0',NULL),(26986,_binary '\0',NULL),(26987,_binary '\0',NULL),(26988,_binary '\0',NULL),(26989,_binary '\0',NULL),(26990,_binary '\0',NULL),(26991,_binary '\0',NULL),(26992,_binary '\0',NULL),(26993,_binary '\0',NULL),(26994,_binary '\0',NULL),(26995,_binary '\0',NULL),(26996,_binary '\0',NULL),(26997,_binary '\0',NULL),(26998,_binary '\0',NULL),(26999,_binary '\0',NULL),(27000,_binary '\0',NULL),(27001,_binary '\0',NULL),(27002,_binary '\0',NULL),(27003,_binary '\0',NULL),(27004,_binary '\0',NULL),(27005,_binary '\0',NULL),(27006,_binary '\0',NULL),(27007,_binary '\0',NULL),(27008,_binary '\0',NULL),(27009,_binary '\0',NULL),(27010,_binary '\0',NULL),(27011,_binary '\0',NULL),(27012,_binary '\0',NULL),(27013,_binary '\0',NULL),(27014,_binary '\0',NULL),(27015,_binary '\0',NULL),(27016,_binary '\0',NULL),(27017,_binary '\0',NULL),(27018,_binary '\0',NULL),(27019,_binary '\0',NULL),(27020,_binary '\0',NULL),(27021,_binary '\0',NULL),(27022,_binary '\0',NULL),(27023,_binary '\0',NULL),(27024,_binary '\0',NULL),(27025,_binary '\0',NULL),(27026,_binary '\0',NULL),(27027,_binary '\0',NULL),(27028,_binary '\0',NULL),(27029,_binary '\0',NULL),(27030,_binary '\0',NULL),(27031,_binary '\0',NULL),(27032,_binary '\0',NULL),(27033,_binary '\0',NULL),(27034,_binary '\0',NULL),(27035,_binary '\0',NULL),(27036,_binary '\0',NULL),(27037,_binary '\0',NULL),(27038,_binary '\0',NULL),(27039,_binary '\0',NULL),(27040,_binary '\0',NULL),(27041,_binary '\0',NULL),(27042,_binary '\0',NULL),(27043,_binary '\0',NULL),(27044,_binary '\0',NULL),(27045,_binary '\0',NULL),(27046,_binary '\0',NULL),(27047,_binary '\0',NULL),(27048,_binary '\0',NULL),(27049,_binary '\0',NULL),(27050,_binary '\0',NULL),(27051,_binary '\0',NULL),(27052,_binary '\0',NULL),(27053,_binary '\0',NULL),(27054,_binary '\0',NULL),(27055,_binary '\0',NULL),(27056,_binary '\0',NULL),(27057,_binary '\0',NULL),(27058,_binary '\0',NULL),(27059,_binary '\0',NULL),(27060,_binary '\0',NULL),(27061,_binary '\0',NULL),(27062,_binary '\0',NULL),(27063,_binary '\0',NULL),(27064,_binary '\0',NULL),(27065,_binary '\0',NULL),(27066,_binary '\0',NULL),(27067,_binary '\0',NULL),(27068,_binary '\0',NULL),(27069,_binary '\0',NULL),(27070,_binary '\0',NULL),(27071,_binary '\0',NULL),(27072,_binary '\0',NULL),(27073,_binary '\0',NULL),(27074,_binary '\0',NULL),(27075,_binary '\0',NULL),(27076,_binary '\0',NULL),(27077,_binary '\0',NULL),(27078,_binary '\0',NULL),(27079,_binary '\0',NULL),(27080,_binary '\0',NULL),(27081,_binary '\0',NULL),(27082,_binary '\0',NULL),(27083,_binary '\0',NULL),(27084,_binary '\0',NULL),(27085,_binary '\0',NULL),(27086,_binary '\0',NULL),(27087,_binary '\0',NULL),(27088,_binary '\0',NULL),(27089,_binary '\0',NULL),(27090,_binary '\0',NULL),(27091,_binary '\0',NULL),(27092,_binary '\0',NULL),(27093,_binary '\0',NULL),(27094,_binary '\0',NULL),(27095,_binary '\0',NULL),(27096,_binary '\0',NULL),(27097,_binary '\0',NULL),(27098,_binary '\0',NULL),(27099,_binary '\0',NULL),(27100,_binary '\0',NULL),(27101,_binary '\0',NULL),(27102,_binary '\0',NULL),(27103,_binary '\0',NULL),(27104,_binary '\0',NULL),(27105,_binary '\0',NULL),(27106,_binary '\0',NULL),(27107,_binary '\0',NULL),(27108,_binary '\0',NULL),(27109,_binary '\0',NULL),(27110,_binary '\0',NULL),(27111,_binary '\0',NULL),(27112,_binary '\0',NULL),(27113,_binary '\0',NULL),(27114,_binary '\0',NULL),(27115,_binary '\0',NULL),(27116,_binary '\0',NULL),(27117,_binary '\0',NULL),(27118,_binary '\0',NULL),(27119,_binary '\0',NULL),(27120,_binary '\0',NULL),(27121,_binary '\0',NULL),(27122,_binary '\0',NULL),(27123,_binary '\0',NULL),(27124,_binary '\0',NULL),(27125,_binary '\0',NULL),(27126,_binary '\0',NULL),(27127,_binary '\0',NULL),(27128,_binary '\0',NULL),(27129,_binary '\0',NULL),(27130,_binary '\0',NULL),(27131,_binary '\0',NULL),(27132,_binary '\0',NULL),(27133,_binary '\0',NULL),(27134,_binary '\0',NULL),(27135,_binary '\0',NULL),(27136,_binary '\0',NULL),(27137,_binary '\0',NULL),(27138,_binary '\0',NULL),(27139,_binary '\0',NULL),(27140,_binary '\0',NULL),(27141,_binary '\0',NULL),(27142,_binary '\0',NULL),(27143,_binary '\0',NULL),(27144,_binary '\0',NULL),(27145,_binary '\0',NULL),(27146,_binary '\0',NULL),(27147,_binary '\0',NULL),(27148,_binary '\0',NULL),(27149,_binary '\0',NULL),(27150,_binary '\0',NULL),(27151,_binary '\0',NULL),(27152,_binary '\0',NULL),(27153,_binary '\0',NULL),(27154,_binary '\0',NULL),(27155,_binary '\0',NULL),(27156,_binary '\0',NULL),(27157,_binary '\0',NULL),(27158,_binary '\0',NULL),(27159,_binary '\0',NULL),(27160,_binary '\0',NULL),(27161,_binary '\0',NULL),(27162,_binary '\0',NULL),(27163,_binary '\0',NULL),(27164,_binary '\0',NULL),(27165,_binary '\0',NULL),(27166,_binary '\0',NULL),(27167,_binary '\0',NULL),(27168,_binary '\0',NULL),(27169,_binary '\0',NULL),(27170,_binary '\0',NULL),(27171,_binary '\0',NULL),(27172,_binary '\0',NULL),(27173,_binary '\0',NULL),(27174,_binary '\0',NULL),(27175,_binary '\0',NULL),(27176,_binary '\0',NULL),(27177,_binary '\0',NULL),(27178,_binary '\0',NULL),(27179,_binary '\0',NULL),(27180,_binary '\0',NULL),(27181,_binary '\0',NULL),(27182,_binary '\0',NULL),(27183,_binary '\0',NULL),(27184,_binary '\0',NULL),(27185,_binary '\0',NULL),(27186,_binary '\0',NULL),(27187,_binary '\0',NULL),(27188,_binary '\0',NULL),(27189,_binary '\0',NULL),(27190,_binary '\0',NULL),(27191,_binary '\0',NULL),(27192,_binary '\0',NULL),(27193,_binary '\0',NULL),(27194,_binary '\0',NULL),(27195,_binary '\0',NULL),(27196,_binary '\0',NULL),(27197,_binary '\0',NULL),(27198,_binary '\0',NULL),(27199,_binary '\0',NULL),(27200,_binary '\0',NULL),(27201,_binary '\0',NULL),(27202,_binary '\0',NULL),(27203,_binary '\0',NULL),(27204,_binary '\0',NULL),(27205,_binary '\0',NULL),(27206,_binary '\0',NULL),(27207,_binary '\0',NULL),(27208,_binary '\0',NULL),(27209,_binary '\0',NULL),(27210,_binary '\0',NULL),(27211,_binary '\0',NULL),(27212,_binary '\0',NULL),(27213,_binary '\0',NULL),(27214,_binary '\0',NULL),(27215,_binary '\0',NULL),(27216,_binary '\0',NULL),(27217,_binary '\0',NULL),(27218,_binary '\0',NULL),(27219,_binary '\0',NULL),(27220,_binary '\0',NULL),(27221,_binary '\0',NULL),(27222,_binary '\0',NULL),(27223,_binary '\0',NULL),(27224,_binary '\0',NULL),(27225,_binary '\0',NULL),(27226,_binary '\0',NULL),(27227,_binary '\0',NULL),(27228,_binary '\0',NULL),(27229,_binary '\0',NULL),(27230,_binary '\0',NULL),(27231,_binary '\0',NULL),(27232,_binary '\0',NULL),(27233,_binary '\0',NULL),(27234,_binary '\0',NULL),(27235,_binary '\0',NULL),(27236,_binary '\0',NULL),(27237,_binary '\0',NULL),(27238,_binary '\0',NULL),(27239,_binary '\0',NULL),(27240,_binary '\0',NULL),(27241,_binary '\0',NULL),(27242,_binary '\0',NULL),(27243,_binary '\0',NULL),(27244,_binary '\0',NULL),(27245,_binary '\0',NULL),(27246,_binary '\0',NULL),(27247,_binary '\0',NULL),(27248,_binary '\0',NULL),(27249,_binary '\0',NULL),(27250,_binary '\0',NULL),(27251,_binary '\0',NULL),(27252,_binary '\0',NULL),(27253,_binary '\0',NULL),(27254,_binary '\0',NULL),(27255,_binary '\0',NULL),(27256,_binary '\0',NULL),(27257,_binary '\0',NULL),(27258,_binary '\0',NULL),(27259,_binary '\0',NULL),(27260,_binary '\0',NULL),(27261,_binary '\0',NULL),(27262,_binary '\0',NULL),(27263,_binary '\0',NULL),(27264,_binary '\0',NULL),(27265,_binary '\0',NULL),(27266,_binary '\0',NULL),(27267,_binary '\0',NULL),(27268,_binary '\0',NULL),(27269,_binary '\0',NULL),(27270,_binary '\0',NULL),(27271,_binary '\0',NULL),(27272,_binary '\0',NULL),(27273,_binary '\0',NULL),(27274,_binary '\0',NULL),(27275,_binary '\0',NULL),(27276,_binary '\0',NULL),(27277,_binary '\0',NULL),(27278,_binary '\0',NULL),(27279,_binary '\0',NULL),(27280,_binary '\0',NULL),(27281,_binary '\0',NULL),(27282,_binary '\0',NULL),(27283,_binary '\0',NULL),(27284,_binary '\0',NULL),(27285,_binary '\0',NULL),(27286,_binary '\0',NULL),(27287,_binary '\0',NULL),(27288,_binary '\0',NULL),(27289,_binary '\0',NULL),(27290,_binary '\0',NULL),(27291,_binary '\0',NULL),(27292,_binary '\0',NULL),(27293,_binary '\0',NULL),(27294,_binary '\0',NULL),(27295,_binary '\0',NULL),(27296,_binary '\0',NULL),(27297,_binary '\0',NULL),(27298,_binary '\0',NULL),(27299,_binary '\0',NULL),(27300,_binary '\0',NULL),(27301,_binary '\0',NULL),(27302,_binary '\0',NULL),(27303,_binary '\0',NULL),(27304,_binary '\0',NULL),(27305,_binary '\0',NULL),(27306,_binary '\0',NULL),(27307,_binary '\0',NULL),(27308,_binary '\0',NULL),(27309,_binary '\0',NULL),(27310,_binary '\0',NULL),(27311,_binary '\0',NULL),(27312,_binary '\0',NULL),(27313,_binary '\0',NULL),(27314,_binary '\0',NULL),(27315,_binary '\0',NULL),(27316,_binary '\0',NULL),(27317,_binary '\0',NULL),(27318,_binary '\0',NULL),(27319,_binary '\0',NULL),(27320,_binary '\0',NULL),(27321,_binary '\0',NULL),(27322,_binary '\0',NULL),(27323,_binary '\0',NULL),(27324,_binary '\0',NULL),(27325,_binary '\0',NULL),(27326,_binary '\0',NULL),(27327,_binary '\0',NULL),(27328,_binary '\0',NULL),(27329,_binary '\0',NULL),(27330,_binary '\0',NULL),(27331,_binary '\0',NULL),(27332,_binary '\0',NULL),(27333,_binary '\0',NULL),(27334,_binary '\0',NULL),(27335,_binary '\0',NULL),(27336,_binary '\0',NULL),(27337,_binary '\0',NULL),(27338,_binary '\0',NULL),(27339,_binary '\0',NULL),(27340,_binary '\0',NULL),(27341,_binary '\0',NULL),(27342,_binary '\0',NULL),(27343,_binary '\0',NULL),(27344,_binary '\0',NULL),(27345,_binary '\0',NULL),(27346,_binary '\0',NULL),(27347,_binary '\0',NULL),(27348,_binary '\0',NULL),(27349,_binary '\0',NULL),(27350,_binary '\0',NULL),(27351,_binary '\0',NULL),(27352,_binary '\0',NULL),(27353,_binary '\0',NULL),(27354,_binary '\0',NULL),(27355,_binary '\0',NULL),(27356,_binary '\0',NULL),(27357,_binary '\0',NULL),(27358,_binary '\0',NULL),(27359,_binary '\0',NULL),(27360,_binary '\0',NULL),(27361,_binary '\0',NULL),(27362,_binary '\0',NULL),(27363,_binary '\0',NULL),(27364,_binary '\0',NULL),(27365,_binary '\0',NULL),(27366,_binary '\0',NULL),(27367,_binary '\0',NULL),(27368,_binary '\0',NULL),(27369,_binary '\0',NULL),(27370,_binary '\0',NULL),(27371,_binary '\0',NULL),(27372,_binary '\0',NULL),(27373,_binary '\0',NULL),(27374,_binary '\0',NULL),(27375,_binary '\0',NULL),(27376,_binary '\0',NULL),(27377,_binary '\0',NULL),(27378,_binary '\0',NULL),(27379,_binary '\0',NULL),(27380,_binary '\0',NULL),(27381,_binary '\0',NULL),(27382,_binary '\0',NULL),(27383,_binary '\0',NULL),(27384,_binary '\0',NULL),(27385,_binary '\0',NULL),(27386,_binary '\0',NULL),(27387,_binary '\0',NULL),(27388,_binary '\0',NULL),(27389,_binary '\0',NULL),(27390,_binary '\0',NULL),(27391,_binary '\0',NULL),(27392,_binary '\0',NULL),(27393,_binary '\0',NULL),(27394,_binary '\0',NULL),(27395,_binary '\0',NULL),(27396,_binary '\0',NULL),(27397,_binary '\0',NULL),(27398,_binary '\0',NULL),(27399,_binary '\0',NULL),(27400,_binary '\0',NULL),(27401,_binary '\0',NULL),(27402,_binary '\0',NULL),(27403,_binary '\0',NULL),(27404,_binary '\0',NULL),(27405,_binary '\0',NULL),(27406,_binary '\0',NULL),(27407,_binary '\0',NULL),(27408,_binary '\0',NULL),(27409,_binary '\0',NULL),(27410,_binary '\0',NULL),(27411,_binary '\0',NULL),(27412,_binary '\0',NULL),(27413,_binary '\0',NULL),(27414,_binary '\0',NULL),(27415,_binary '\0',NULL),(27416,_binary '\0',NULL),(27417,_binary '\0',NULL),(27418,_binary '\0',NULL),(27419,_binary '\0',NULL),(27420,_binary '\0',NULL),(27421,_binary '\0',NULL),(27422,_binary '\0',NULL),(27423,_binary '\0',NULL),(27424,_binary '\0',NULL),(27425,_binary '\0',NULL),(27426,_binary '\0',NULL),(27427,_binary '\0',NULL),(27428,_binary '\0',NULL),(27429,_binary '\0',NULL),(27430,_binary '\0',NULL),(27431,_binary '\0',NULL),(27432,_binary '\0',NULL),(27433,_binary '\0',NULL),(27434,_binary '\0',NULL),(27435,_binary '\0',NULL),(27436,_binary '\0',NULL),(27437,_binary '\0',NULL),(27438,_binary '\0',NULL),(27439,_binary '\0',NULL),(27440,_binary '\0',NULL),(27441,_binary '\0',NULL),(27442,_binary '\0',NULL),(27443,_binary '\0',NULL),(27444,_binary '\0',NULL),(27445,_binary '\0',NULL),(27446,_binary '\0',NULL),(27447,_binary '\0',NULL),(27448,_binary '\0',NULL),(27449,_binary '\0',NULL),(27450,_binary '\0',NULL),(27451,_binary '\0',NULL),(27452,_binary '\0',NULL),(27453,_binary '\0',NULL),(27454,_binary '\0',NULL),(27455,_binary '\0',NULL),(27456,_binary '\0',NULL),(27457,_binary '\0',NULL),(27458,_binary '\0',NULL),(27459,_binary '\0',NULL),(27460,_binary '\0',NULL),(27461,_binary '\0',NULL),(27462,_binary '\0',NULL),(27463,_binary '\0',NULL),(27464,_binary '\0',NULL),(27465,_binary '\0',NULL),(27466,_binary '\0',NULL),(27467,_binary '\0',NULL),(27468,_binary '\0',NULL),(27469,_binary '\0',NULL),(27470,_binary '\0',NULL),(27471,_binary '\0',NULL),(27472,_binary '\0',NULL),(27473,_binary '\0',NULL),(27474,_binary '\0',NULL),(27475,_binary '\0',NULL),(27476,_binary '\0',NULL),(27477,_binary '\0',NULL),(27478,_binary '\0',NULL),(27479,_binary '\0',NULL),(27480,_binary '\0',NULL),(27481,_binary '\0',NULL),(27482,_binary '\0',NULL),(27483,_binary '\0',NULL),(27484,_binary '\0',NULL),(27485,_binary '\0',NULL),(27486,_binary '\0',NULL),(27487,_binary '\0',NULL),(27488,_binary '\0',NULL),(27489,_binary '\0',NULL),(27490,_binary '\0',NULL),(27491,_binary '\0',NULL),(27492,_binary '\0',NULL),(27493,_binary '\0',NULL),(27494,_binary '\0',NULL),(27495,_binary '\0',NULL),(27496,_binary '\0',NULL),(27497,_binary '\0',NULL),(27498,_binary '\0',NULL),(27499,_binary '\0',NULL),(27500,_binary '\0',NULL),(27501,_binary '\0',NULL),(27502,_binary '\0',NULL),(27503,_binary '\0',NULL),(27504,_binary '\0',NULL),(27505,_binary '\0',NULL),(27506,_binary '\0',NULL),(27507,_binary '\0',NULL),(27508,_binary '\0',NULL),(27509,_binary '\0',NULL),(27510,_binary '\0',NULL),(27511,_binary '\0',NULL),(27512,_binary '\0',NULL),(27513,_binary '\0',NULL),(27514,_binary '\0',NULL),(27515,_binary '\0',NULL),(27516,_binary '\0',NULL),(27517,_binary '\0',NULL),(27518,_binary '\0',NULL),(27519,_binary '\0',NULL),(27520,_binary '\0',NULL),(27521,_binary '\0',NULL),(27522,_binary '\0',NULL),(27523,_binary '\0',NULL),(27524,_binary '\0',NULL),(27525,_binary '\0',NULL),(27526,_binary '\0',NULL),(27527,_binary '\0',NULL),(27528,_binary '\0',NULL),(27529,_binary '\0',NULL),(27530,_binary '\0',NULL),(27531,_binary '\0',NULL),(27532,_binary '\0',NULL),(27533,_binary '\0',NULL),(27534,_binary '\0',NULL),(27535,_binary '\0',NULL),(27536,_binary '\0',NULL),(27537,_binary '\0',NULL),(27538,_binary '\0',NULL),(27539,_binary '\0',NULL),(27540,_binary '\0',NULL),(27541,_binary '\0',NULL),(27542,_binary '\0',NULL),(27543,_binary '\0',NULL),(27544,_binary '\0',NULL),(27545,_binary '\0',NULL),(27546,_binary '\0',NULL),(27547,_binary '\0',NULL),(27548,_binary '\0',NULL),(27549,_binary '\0',NULL),(27550,_binary '\0',NULL),(27551,_binary '\0',NULL),(27552,_binary '\0',NULL),(27553,_binary '\0',NULL),(27554,_binary '\0',NULL),(27555,_binary '\0',NULL),(27556,_binary '\0',NULL),(27557,_binary '\0',NULL),(27558,_binary '\0',NULL),(27559,_binary '\0',NULL),(27560,_binary '\0',NULL),(27561,_binary '\0',NULL),(27562,_binary '\0',NULL),(27563,_binary '\0',NULL),(27564,_binary '\0',NULL),(27565,_binary '\0',NULL),(27566,_binary '\0',NULL),(27567,_binary '\0',NULL),(27568,_binary '\0',NULL),(27569,_binary '\0',NULL),(27570,_binary '\0',NULL),(27571,_binary '\0',NULL),(27572,_binary '\0',NULL),(27573,_binary '\0',NULL),(27574,_binary '\0',NULL),(27575,_binary '\0',NULL),(27576,_binary '\0',NULL),(27577,_binary '\0',NULL),(27578,_binary '\0',NULL),(27579,_binary '\0',NULL),(27580,_binary '\0',NULL),(27581,_binary '\0',NULL),(27582,_binary '\0',NULL),(27583,_binary '\0',NULL),(27584,_binary '\0',NULL),(27585,_binary '\0',NULL),(27586,_binary '\0',NULL),(27587,_binary '\0',NULL),(27588,_binary '\0',NULL),(27589,_binary '\0',NULL),(27590,_binary '\0',NULL),(27591,_binary '\0',NULL),(27592,_binary '\0',NULL),(27593,_binary '\0',NULL),(27594,_binary '\0',NULL),(27595,_binary '\0',NULL),(27596,_binary '\0',NULL),(27597,_binary '\0',NULL),(27598,_binary '\0',NULL),(27599,_binary '\0',NULL),(27600,_binary '\0',NULL),(27601,_binary '\0',NULL),(27602,_binary '\0',NULL),(27603,_binary '\0',NULL),(27604,_binary '\0',NULL),(27605,_binary '\0',NULL),(27606,_binary '\0',NULL),(27607,_binary '\0',NULL),(27608,_binary '\0',NULL),(27609,_binary '\0',NULL),(27610,_binary '\0',NULL),(27611,_binary '\0',NULL),(27612,_binary '\0',NULL),(27613,_binary '\0',NULL),(27614,_binary '\0',NULL),(27615,_binary '\0',NULL),(27616,_binary '\0',NULL),(27617,_binary '\0',NULL),(27618,_binary '\0',NULL),(27619,_binary '\0',NULL),(27620,_binary '\0',NULL),(27621,_binary '\0',NULL),(27622,_binary '\0',NULL),(27623,_binary '\0',NULL),(27624,_binary '\0',NULL),(27625,_binary '\0',NULL),(27626,_binary '\0',NULL),(27627,_binary '\0',NULL),(27628,_binary '\0',NULL),(27629,_binary '\0',NULL),(27630,_binary '\0',NULL),(27631,_binary '\0',NULL),(27632,_binary '\0',NULL),(27633,_binary '\0',NULL),(27634,_binary '\0',NULL),(27635,_binary '\0',NULL),(27636,_binary '\0',NULL),(27637,_binary '\0',NULL),(27638,_binary '\0',NULL),(27639,_binary '\0',NULL),(27640,_binary '\0',NULL),(27641,_binary '\0',NULL),(27642,_binary '\0',NULL),(27643,_binary '\0',NULL),(27644,_binary '\0',NULL),(27645,_binary '\0',NULL),(27646,_binary '\0',NULL),(27647,_binary '\0',NULL),(27648,_binary '\0',NULL),(27649,_binary '\0',NULL),(27650,_binary '\0',NULL),(27651,_binary '\0',NULL),(27652,_binary '\0',NULL),(27653,_binary '\0',NULL),(27654,_binary '\0',NULL),(27655,_binary '\0',NULL),(27656,_binary '\0',NULL),(27657,_binary '\0',NULL),(27658,_binary '\0',NULL),(27659,_binary '\0',NULL),(27660,_binary '\0',NULL),(27661,_binary '\0',NULL),(27662,_binary '\0',NULL),(27663,_binary '\0',NULL),(27664,_binary '\0',NULL),(27665,_binary '\0',NULL),(27666,_binary '\0',NULL),(27667,_binary '\0',NULL),(27668,_binary '\0',NULL),(27669,_binary '\0',NULL),(27670,_binary '\0',NULL),(27671,_binary '\0',NULL),(27672,_binary '\0',NULL),(27673,_binary '\0',NULL),(27674,_binary '\0',NULL),(27675,_binary '\0',NULL),(27676,_binary '\0',NULL),(27677,_binary '\0',NULL),(27678,_binary '\0',NULL),(27679,_binary '\0',NULL),(27680,_binary '\0',NULL),(27681,_binary '\0',NULL),(27682,_binary '\0',NULL),(27683,_binary '\0',NULL),(27684,_binary '\0',NULL),(27685,_binary '\0',NULL),(27686,_binary '\0',NULL),(27687,_binary '\0',NULL),(27688,_binary '\0',NULL),(27689,_binary '\0',NULL),(27690,_binary '\0',NULL),(27691,_binary '\0',NULL),(27692,_binary '\0',NULL),(27693,_binary '\0',NULL),(27694,_binary '\0',NULL),(27695,_binary '\0',NULL),(27696,_binary '\0',NULL),(27697,_binary '\0',NULL),(27698,_binary '\0',NULL),(27699,_binary '\0',NULL),(27700,_binary '\0',NULL),(27701,_binary '\0',NULL),(27702,_binary '\0',NULL),(27703,_binary '\0',NULL),(27704,_binary '\0',NULL),(27705,_binary '\0',NULL),(27706,_binary '\0',NULL),(27707,_binary '\0',NULL),(27708,_binary '\0',NULL),(27709,_binary '\0',NULL),(27710,_binary '\0',NULL),(27711,_binary '\0',NULL),(27712,_binary '\0',NULL),(27713,_binary '\0',NULL),(27714,_binary '\0',NULL),(27715,_binary '\0',NULL),(27716,_binary '\0',NULL),(27717,_binary '\0',NULL),(27718,_binary '\0',NULL),(27719,_binary '\0',NULL),(27720,_binary '\0',NULL),(27721,_binary '\0',NULL),(27722,_binary '\0',NULL),(27723,_binary '\0',NULL),(27724,_binary '\0',NULL),(27725,_binary '\0',NULL),(27726,_binary '\0',NULL),(27727,_binary '\0',NULL),(27728,_binary '\0',NULL),(27729,_binary '\0',NULL),(27730,_binary '\0',NULL),(27731,_binary '\0',NULL),(27732,_binary '\0',NULL),(27733,_binary '\0',NULL),(27734,_binary '\0',NULL),(27735,_binary '\0',NULL),(27736,_binary '\0',NULL),(27737,_binary '\0',NULL),(27738,_binary '\0',NULL),(27739,_binary '\0',NULL),(27740,_binary '\0',NULL),(27741,_binary '\0',NULL),(27742,_binary '\0',NULL),(27743,_binary '\0',NULL),(27744,_binary '\0',NULL),(27745,_binary '\0',NULL),(27746,_binary '\0',NULL),(27747,_binary '\0',NULL),(27748,_binary '\0',NULL),(27749,_binary '\0',NULL),(27750,_binary '\0',NULL),(27751,_binary '\0',NULL),(27752,_binary '\0',NULL),(27753,_binary '\0',NULL),(27754,_binary '\0',NULL),(27755,_binary '\0',NULL),(27756,_binary '\0',NULL),(27757,_binary '\0',NULL),(27758,_binary '\0',NULL),(27759,_binary '\0',NULL),(27760,_binary '\0',NULL),(27761,_binary '\0',NULL),(27762,_binary '\0',NULL),(27763,_binary '\0',NULL),(27764,_binary '\0',NULL),(27765,_binary '\0',NULL),(27766,_binary '\0',NULL),(27767,_binary '\0',NULL),(27768,_binary '\0',NULL),(27769,_binary '\0',NULL),(27770,_binary '\0',NULL),(27771,_binary '\0',NULL),(27772,_binary '\0',NULL),(27773,_binary '\0',NULL),(27774,_binary '\0',NULL),(27775,_binary '\0',NULL),(27776,_binary '\0',NULL),(27777,_binary '\0',NULL),(27778,_binary '\0',NULL),(27779,_binary '\0',NULL),(27780,_binary '\0',NULL),(27781,_binary '\0',NULL),(27782,_binary '\0',NULL),(27783,_binary '\0',NULL),(27784,_binary '\0',NULL),(27785,_binary '\0',NULL),(27786,_binary '\0',NULL),(27787,_binary '\0',NULL),(27788,_binary '\0',NULL),(27789,_binary '\0',NULL),(27790,_binary '\0',NULL),(27791,_binary '\0',NULL),(27792,_binary '\0',NULL),(27793,_binary '\0',NULL),(27794,_binary '\0',NULL),(27795,_binary '\0',NULL),(27796,_binary '\0',NULL),(27797,_binary '\0',NULL),(27798,_binary '\0',NULL),(27799,_binary '\0',NULL),(27800,_binary '\0',NULL),(27801,_binary '\0',NULL),(27802,_binary '\0',NULL),(27803,_binary '\0',NULL),(27804,_binary '\0',NULL),(27805,_binary '\0',NULL),(27806,_binary '\0',NULL),(27807,_binary '\0',NULL),(27808,_binary '\0',NULL),(27809,_binary '\0',NULL),(27810,_binary '\0',NULL),(27811,_binary '\0',NULL),(27812,_binary '\0',NULL),(27813,_binary '\0',NULL),(27814,_binary '\0',NULL),(27815,_binary '\0',NULL),(27816,_binary '\0',NULL),(27817,_binary '\0',NULL),(27818,_binary '\0',NULL),(27819,_binary '\0',NULL),(27820,_binary '\0',NULL),(27821,_binary '\0',NULL),(27822,_binary '\0',NULL),(27823,_binary '\0',NULL),(27824,_binary '\0',NULL),(27825,_binary '\0',NULL),(27826,_binary '\0',NULL),(27827,_binary '\0',NULL),(27828,_binary '\0',NULL),(27829,_binary '\0',NULL),(27830,_binary '\0',NULL),(27831,_binary '\0',NULL),(27832,_binary '\0',NULL),(27833,_binary '\0',NULL),(27834,_binary '\0',NULL),(27835,_binary '\0',NULL),(27836,_binary '\0',NULL),(27837,_binary '\0',NULL),(27838,_binary '\0',NULL),(27839,_binary '\0',NULL),(27840,_binary '\0',NULL),(27841,_binary '\0',NULL),(27842,_binary '\0',NULL),(27843,_binary '\0',NULL),(27844,_binary '\0',NULL),(27845,_binary '\0',NULL),(27846,_binary '\0',NULL),(27847,_binary '\0',NULL),(27848,_binary '\0',NULL),(27849,_binary '\0',NULL),(27850,_binary '\0',NULL),(27851,_binary '\0',NULL),(27852,_binary '\0',NULL),(27853,_binary '\0',NULL),(27854,_binary '\0',NULL),(27855,_binary '\0',NULL),(27856,_binary '\0',NULL),(27857,_binary '\0',NULL),(27858,_binary '\0',NULL),(27859,_binary '\0',NULL),(27860,_binary '\0',NULL),(27861,_binary '\0',NULL),(27862,_binary '\0',NULL),(27863,_binary '\0',NULL),(27864,_binary '\0',NULL),(27865,_binary '\0',NULL),(27866,_binary '\0',NULL),(27867,_binary '\0',NULL),(27868,_binary '\0',NULL),(27869,_binary '\0',NULL),(27870,_binary '\0',NULL),(27871,_binary '\0',NULL),(27872,_binary '\0',NULL),(27873,_binary '\0',NULL),(27874,_binary '\0',NULL),(27875,_binary '\0',NULL),(27876,_binary '\0',NULL),(27877,_binary '\0',NULL),(27878,_binary '\0',NULL),(27879,_binary '\0',NULL),(27880,_binary '\0',NULL),(27881,_binary '\0',NULL),(27882,_binary '\0',NULL),(27883,_binary '\0',NULL),(27884,_binary '\0',NULL),(27885,_binary '\0',NULL),(27886,_binary '\0',NULL),(27887,_binary '\0',NULL),(27888,_binary '\0',NULL),(27889,_binary '\0',NULL),(27890,_binary '\0',NULL),(27891,_binary '\0',NULL),(27892,_binary '\0',NULL),(27893,_binary '\0',NULL),(27894,_binary '\0',NULL),(27895,_binary '\0',NULL),(27896,_binary '\0',NULL),(27897,_binary '\0',NULL),(27898,_binary '\0',NULL),(27899,_binary '\0',NULL),(27900,_binary '\0',NULL),(27901,_binary '\0',NULL),(27902,_binary '\0',NULL),(27903,_binary '\0',NULL),(27904,_binary '\0',NULL),(27905,_binary '\0',NULL),(27906,_binary '\0',NULL),(27907,_binary '\0',NULL),(27908,_binary '\0',NULL),(27909,_binary '\0',NULL),(27910,_binary '\0',NULL),(27911,_binary '\0',NULL),(27912,_binary '\0',NULL),(27913,_binary '\0',NULL),(27914,_binary '\0',NULL),(27915,_binary '\0',NULL),(27916,_binary '\0',NULL),(27917,_binary '\0',NULL),(27918,_binary '\0',NULL),(27919,_binary '\0',NULL),(27920,_binary '\0',NULL),(27921,_binary '\0',NULL),(27922,_binary '\0',NULL),(27923,_binary '\0',NULL),(27924,_binary '\0',NULL),(27925,_binary '\0',NULL),(27926,_binary '\0',NULL),(27927,_binary '\0',NULL),(27928,_binary '\0',NULL),(27929,_binary '\0',NULL),(27930,_binary '\0',NULL),(27931,_binary '\0',NULL),(27932,_binary '\0',NULL),(27933,_binary '\0',NULL),(27934,_binary '\0',NULL),(27935,_binary '\0',NULL),(27936,_binary '\0',NULL),(27937,_binary '\0',NULL),(27938,_binary '\0',NULL),(27939,_binary '\0',NULL),(27940,_binary '\0',NULL),(27941,_binary '\0',NULL),(27942,_binary '\0',NULL),(27943,_binary '\0',NULL),(27944,_binary '\0',NULL),(27945,_binary '\0',NULL),(27946,_binary '\0',NULL),(27947,_binary '\0',NULL),(27948,_binary '\0',NULL),(27949,_binary '\0',NULL),(27950,_binary '\0',NULL),(27951,_binary '\0',NULL),(27952,_binary '\0',NULL),(27953,_binary '\0',NULL),(27954,_binary '\0',NULL),(27955,_binary '\0',NULL),(27956,_binary '\0',NULL),(27957,_binary '\0',NULL),(27958,_binary '\0',NULL),(27959,_binary '\0',NULL),(27960,_binary '\0',NULL),(27961,_binary '\0',NULL),(27962,_binary '\0',NULL),(27963,_binary '\0',NULL),(27964,_binary '\0',NULL),(27965,_binary '\0',NULL),(27966,_binary '\0',NULL),(27967,_binary '\0',NULL),(27968,_binary '\0',NULL),(27969,_binary '\0',NULL),(27970,_binary '\0',NULL),(27971,_binary '\0',NULL),(27972,_binary '\0',NULL),(27973,_binary '\0',NULL),(27974,_binary '\0',NULL),(27975,_binary '\0',NULL),(27976,_binary '\0',NULL),(27977,_binary '\0',NULL),(27978,_binary '\0',NULL),(27979,_binary '\0',NULL),(27980,_binary '\0',NULL),(27981,_binary '\0',NULL),(27982,_binary '\0',NULL),(27983,_binary '\0',NULL),(27984,_binary '\0',NULL),(27985,_binary '\0',NULL),(27986,_binary '\0',NULL),(27987,_binary '\0',NULL),(27988,_binary '\0',NULL),(27989,_binary '\0',NULL),(27990,_binary '\0',NULL),(27991,_binary '\0',NULL),(27992,_binary '\0',NULL),(27993,_binary '\0',NULL),(27994,_binary '\0',NULL),(27995,_binary '\0',NULL),(27996,_binary '\0',NULL),(27997,_binary '\0',NULL),(27998,_binary '\0',NULL),(27999,_binary '\0',NULL),(28000,_binary '\0',NULL),(28001,_binary '\0',NULL),(28002,_binary '\0',NULL),(28003,_binary '\0',NULL),(28004,_binary '\0',NULL),(28005,_binary '\0',NULL),(28006,_binary '\0',NULL),(28007,_binary '\0',NULL),(28008,_binary '\0',NULL),(28009,_binary '\0',NULL),(28010,_binary '\0',NULL),(28011,_binary '\0',NULL),(28012,_binary '\0',NULL),(28013,_binary '\0',NULL),(28014,_binary '\0',NULL),(28015,_binary '\0',NULL),(28016,_binary '\0',NULL),(28017,_binary '\0',NULL),(28018,_binary '\0',NULL),(28019,_binary '\0',NULL),(28020,_binary '\0',NULL),(28021,_binary '\0',NULL),(28022,_binary '\0',NULL),(28023,_binary '\0',NULL),(28024,_binary '\0',NULL),(28025,_binary '\0',NULL),(28026,_binary '\0',NULL),(28027,_binary '\0',NULL),(28028,_binary '\0',NULL),(28029,_binary '\0',NULL),(28030,_binary '\0',NULL),(28031,_binary '\0',NULL),(28032,_binary '\0',NULL),(28033,_binary '\0',NULL),(28034,_binary '\0',NULL),(28035,_binary '\0',NULL),(28036,_binary '\0',NULL),(28037,_binary '\0',NULL),(28038,_binary '\0',NULL),(28039,_binary '\0',NULL),(28040,_binary '\0',NULL),(28041,_binary '\0',NULL),(28042,_binary '\0',NULL),(28043,_binary '\0',NULL),(28044,_binary '\0',NULL),(28045,_binary '\0',NULL),(28046,_binary '\0',NULL),(28047,_binary '\0',NULL),(28048,_binary '\0',NULL),(28049,_binary '\0',NULL),(28050,_binary '\0',NULL),(28051,_binary '\0',NULL),(28052,_binary '\0',NULL),(28053,_binary '\0',NULL),(28054,_binary '\0',NULL),(28055,_binary '\0',NULL),(28056,_binary '\0',NULL),(28057,_binary '\0',NULL),(28058,_binary '\0',NULL),(28059,_binary '\0',NULL),(28060,_binary '\0',NULL),(28061,_binary '\0',NULL),(28062,_binary '\0',NULL),(28063,_binary '\0',NULL),(28064,_binary '\0',NULL),(28065,_binary '\0',NULL),(28066,_binary '\0',NULL),(28067,_binary '\0',NULL),(28068,_binary '\0',NULL),(28069,_binary '\0',NULL),(28070,_binary '\0',NULL),(28071,_binary '\0',NULL),(28072,_binary '\0',NULL),(28073,_binary '\0',NULL),(28074,_binary '\0',NULL),(28075,_binary '\0',NULL),(28076,_binary '\0',NULL),(28077,_binary '\0',NULL),(28078,_binary '\0',NULL),(28079,_binary '\0',NULL),(28080,_binary '\0',NULL),(28081,_binary '\0',NULL),(28082,_binary '\0',NULL),(28083,_binary '\0',NULL),(28084,_binary '\0',NULL),(28085,_binary '\0',NULL),(28086,_binary '\0',NULL),(28087,_binary '\0',NULL),(28088,_binary '\0',NULL),(28089,_binary '\0',NULL),(28090,_binary '\0',NULL),(28091,_binary '\0',NULL),(28092,_binary '\0',NULL),(28093,_binary '\0',NULL),(28094,_binary '\0',NULL),(28095,_binary '\0',NULL),(28096,_binary '\0',NULL),(28097,_binary '\0',NULL),(28098,_binary '\0',NULL),(28099,_binary '\0',NULL),(28100,_binary '\0',NULL),(28101,_binary '\0',NULL),(28102,_binary '\0',NULL),(28103,_binary '\0',NULL),(28104,_binary '\0',NULL),(28105,_binary '\0',NULL),(28106,_binary '\0',NULL),(28107,_binary '\0',NULL),(28108,_binary '\0',NULL),(28109,_binary '\0',NULL),(28110,_binary '\0',NULL),(28111,_binary '\0',NULL),(28112,_binary '\0',NULL),(28113,_binary '\0',NULL),(28114,_binary '\0',NULL),(28115,_binary '\0',NULL),(28116,_binary '\0',NULL),(28117,_binary '\0',NULL),(28118,_binary '\0',NULL),(28119,_binary '\0',NULL),(28120,_binary '\0',NULL),(28121,_binary '\0',NULL),(28122,_binary '\0',NULL),(28123,_binary '\0',NULL),(28124,_binary '\0',NULL),(28125,_binary '\0',NULL),(28126,_binary '\0',NULL),(28127,_binary '\0',NULL),(28128,_binary '\0',NULL),(28129,_binary '\0',NULL),(28130,_binary '\0',NULL),(28131,_binary '\0',NULL),(28132,_binary '\0',NULL),(28133,_binary '\0',NULL),(28134,_binary '\0',NULL),(28135,_binary '\0',NULL),(28136,_binary '\0',NULL),(28137,_binary '\0',NULL),(28138,_binary '\0',NULL),(28139,_binary '\0',NULL),(28140,_binary '\0',NULL),(28141,_binary '\0',NULL),(28142,_binary '\0',NULL),(28143,_binary '\0',NULL),(28144,_binary '\0',NULL),(28145,_binary '\0',NULL),(28146,_binary '\0',NULL),(28147,_binary '\0',NULL),(28148,_binary '\0',NULL),(28149,_binary '\0',NULL),(28150,_binary '\0',NULL),(28151,_binary '\0',NULL),(28152,_binary '\0',NULL),(28153,_binary '\0',NULL),(28154,_binary '\0',NULL),(28155,_binary '\0',NULL),(28156,_binary '\0',NULL),(28157,_binary '\0',NULL),(28158,_binary '\0',NULL),(28159,_binary '\0',NULL),(28160,_binary '\0',NULL),(28161,_binary '\0',NULL),(28162,_binary '\0',NULL),(28163,_binary '\0',NULL),(28164,_binary '\0',NULL),(28165,_binary '\0',NULL),(28166,_binary '\0',NULL),(28167,_binary '\0',NULL),(28168,_binary '\0',NULL),(28169,_binary '\0',NULL),(28170,_binary '\0',NULL),(28171,_binary '\0',NULL),(28172,_binary '\0',NULL),(28173,_binary '\0',NULL),(28174,_binary '\0',NULL),(28175,_binary '\0',NULL),(28176,_binary '\0',NULL),(28177,_binary '\0',NULL),(28178,_binary '\0',NULL),(28179,_binary '\0',NULL),(28180,_binary '\0',NULL),(28181,_binary '\0',NULL),(28182,_binary '\0',NULL),(28183,_binary '\0',NULL),(28184,_binary '\0',NULL),(28185,_binary '\0',NULL),(28186,_binary '\0',NULL),(28187,_binary '\0',NULL),(28188,_binary '\0',NULL),(28189,_binary '\0',NULL),(28190,_binary '\0',NULL),(28191,_binary '\0',NULL),(28192,_binary '\0',NULL),(28193,_binary '\0',NULL),(28194,_binary '\0',NULL),(28195,_binary '\0',NULL),(28196,_binary '\0',NULL),(28197,_binary '\0',NULL),(28198,_binary '\0',NULL),(28199,_binary '\0',NULL),(28200,_binary '\0',NULL),(28201,_binary '\0',NULL),(28202,_binary '\0',NULL),(28203,_binary '\0',NULL),(28204,_binary '\0',NULL),(28205,_binary '\0',NULL),(28206,_binary '\0',NULL),(28207,_binary '\0',NULL),(28208,_binary '\0',NULL),(28209,_binary '\0',NULL),(28210,_binary '\0',NULL),(28211,_binary '\0',NULL),(28212,_binary '\0',NULL),(28213,_binary '\0',NULL),(28214,_binary '\0',NULL),(28215,_binary '\0',NULL),(28216,_binary '\0',NULL),(28217,_binary '\0',NULL),(28218,_binary '\0',NULL),(28219,_binary '\0',NULL),(28220,_binary '\0',NULL),(28221,_binary '\0',NULL),(28222,_binary '\0',NULL),(28223,_binary '\0',NULL),(28224,_binary '\0',NULL),(28225,_binary '\0',NULL),(28226,_binary '\0',NULL),(28227,_binary '\0',NULL),(28228,_binary '\0',NULL),(28229,_binary '\0',NULL),(28230,_binary '\0',NULL),(28231,_binary '\0',NULL),(28232,_binary '\0',NULL),(28233,_binary '\0',NULL),(28234,_binary '\0',NULL),(28235,_binary '\0',NULL),(28236,_binary '\0',NULL),(28237,_binary '\0',NULL),(28238,_binary '\0',NULL),(28239,_binary '\0',NULL),(28240,_binary '\0',NULL),(28241,_binary '\0',NULL),(28242,_binary '\0',NULL),(28243,_binary '\0',NULL),(28244,_binary '\0',NULL),(28245,_binary '\0',NULL),(28246,_binary '\0',NULL),(28247,_binary '\0',NULL),(28248,_binary '\0',NULL),(28249,_binary '\0',NULL),(28250,_binary '\0',NULL),(28251,_binary '\0',NULL),(28252,_binary '\0',NULL),(28253,_binary '\0',NULL),(28254,_binary '\0',NULL),(28255,_binary '\0',NULL),(28256,_binary '\0',NULL),(28257,_binary '\0',NULL),(28258,_binary '\0',NULL),(28259,_binary '\0',NULL),(28260,_binary '\0',NULL),(28261,_binary '\0',NULL),(28262,_binary '\0',NULL),(28263,_binary '\0',NULL),(28264,_binary '\0',NULL),(28265,_binary '\0',NULL),(28266,_binary '\0',NULL),(28267,_binary '\0',NULL),(28268,_binary '\0',NULL),(28269,_binary '\0',NULL),(28270,_binary '\0',NULL),(28271,_binary '\0',NULL),(28272,_binary '\0',NULL),(28273,_binary '\0',NULL),(28274,_binary '\0',NULL),(28275,_binary '\0',NULL),(28276,_binary '\0',NULL),(28277,_binary '\0',NULL),(28278,_binary '\0',NULL),(28279,_binary '\0',NULL),(28280,_binary '\0',NULL),(28281,_binary '\0',NULL),(28282,_binary '\0',NULL),(28283,_binary '\0',NULL),(28284,_binary '\0',NULL),(28285,_binary '\0',NULL),(28286,_binary '\0',NULL),(28287,_binary '\0',NULL),(28288,_binary '\0',NULL),(28289,_binary '\0',NULL),(28290,_binary '\0',NULL),(28291,_binary '\0',NULL),(28292,_binary '\0',NULL),(28293,_binary '\0',NULL),(28294,_binary '\0',NULL),(28295,_binary '\0',NULL),(28296,_binary '\0',NULL),(28297,_binary '\0',NULL),(28298,_binary '\0',NULL),(28299,_binary '\0',NULL),(28300,_binary '\0',NULL),(28301,_binary '\0',NULL),(28302,_binary '\0',NULL),(28303,_binary '\0',NULL),(28304,_binary '\0',NULL),(28305,_binary '\0',NULL),(28306,_binary '\0',NULL),(28307,_binary '\0',NULL),(28308,_binary '\0',NULL),(28309,_binary '\0',NULL),(28310,_binary '\0',NULL),(28311,_binary '\0',NULL),(28312,_binary '\0',NULL),(28313,_binary '\0',NULL),(28314,_binary '\0',NULL),(28315,_binary '\0',NULL),(28316,_binary '\0',NULL),(28317,_binary '\0',NULL),(28318,_binary '\0',NULL),(28319,_binary '\0',NULL),(28320,_binary '\0',NULL),(28321,_binary '\0',NULL),(28322,_binary '\0',NULL),(28323,_binary '\0',NULL),(28324,_binary '\0',NULL),(28325,_binary '\0',NULL),(28326,_binary '\0',NULL),(28327,_binary '\0',NULL),(28328,_binary '\0',NULL),(28329,_binary '\0',NULL),(28330,_binary '\0',NULL),(28331,_binary '\0',NULL),(28332,_binary '\0',NULL),(28333,_binary '\0',NULL),(28334,_binary '\0',NULL),(28335,_binary '\0',NULL),(28336,_binary '\0',NULL),(28337,_binary '\0',NULL),(28338,_binary '\0',NULL),(28339,_binary '\0',NULL),(28340,_binary '\0',NULL),(28341,_binary '\0',NULL),(28342,_binary '\0',NULL),(28343,_binary '\0',NULL),(28344,_binary '\0',NULL),(28345,_binary '\0',NULL),(28346,_binary '\0',NULL),(28347,_binary '\0',NULL),(28348,_binary '\0',NULL),(28349,_binary '\0',NULL),(28350,_binary '\0',NULL),(28351,_binary '\0',NULL),(28352,_binary '\0',NULL),(28353,_binary '\0',NULL),(28354,_binary '\0',NULL),(28355,_binary '\0',NULL),(28356,_binary '\0',NULL),(28357,_binary '\0',NULL),(28358,_binary '\0',NULL),(28359,_binary '\0',NULL),(28360,_binary '\0',NULL),(28361,_binary '\0',NULL),(28362,_binary '\0',NULL),(28363,_binary '\0',NULL),(28364,_binary '\0',NULL),(28365,_binary '\0',NULL),(28366,_binary '\0',NULL),(28367,_binary '\0',NULL),(28368,_binary '\0',NULL),(28369,_binary '\0',NULL),(28370,_binary '\0',NULL),(28371,_binary '\0',NULL),(28372,_binary '\0',NULL),(28373,_binary '\0',NULL),(28374,_binary '\0',NULL),(28375,_binary '\0',NULL),(28376,_binary '\0',NULL),(28377,_binary '\0',NULL),(28378,_binary '\0',NULL),(28379,_binary '\0',NULL),(28380,_binary '\0',NULL),(28381,_binary '\0',NULL),(28382,_binary '\0',NULL),(28383,_binary '\0',NULL),(28384,_binary '\0',NULL),(28385,_binary '\0',NULL),(28386,_binary '\0',NULL),(28387,_binary '\0',NULL),(28388,_binary '\0',NULL),(28389,_binary '\0',NULL),(28390,_binary '\0',NULL),(28391,_binary '\0',NULL),(28392,_binary '\0',NULL),(28393,_binary '\0',NULL),(28394,_binary '\0',NULL),(28395,_binary '\0',NULL),(28396,_binary '\0',NULL),(28397,_binary '\0',NULL),(28398,_binary '\0',NULL),(28399,_binary '\0',NULL),(28400,_binary '\0',NULL),(28401,_binary '\0',NULL),(28402,_binary '\0',NULL),(28403,_binary '\0',NULL),(28404,_binary '\0',NULL),(28405,_binary '\0',NULL),(28406,_binary '\0',NULL),(28407,_binary '\0',NULL),(28408,_binary '\0',NULL),(28409,_binary '\0',NULL),(28410,_binary '\0',NULL),(28411,_binary '\0',NULL),(28412,_binary '\0',NULL),(28413,_binary '\0',NULL),(28414,_binary '\0',NULL),(28415,_binary '\0',NULL),(28416,_binary '\0',NULL),(28417,_binary '\0',NULL),(28418,_binary '\0',NULL),(28419,_binary '\0',NULL),(28420,_binary '\0',NULL),(28421,_binary '\0',NULL),(28422,_binary '\0',NULL),(28423,_binary '\0',NULL),(28424,_binary '\0',NULL),(28425,_binary '\0',NULL),(28426,_binary '\0',NULL),(28427,_binary '\0',NULL),(28428,_binary '\0',NULL),(28429,_binary '\0',NULL),(28430,_binary '\0',NULL),(28431,_binary '\0',NULL),(28432,_binary '\0',NULL),(28433,_binary '\0',NULL),(28434,_binary '\0',NULL),(28435,_binary '\0',NULL),(28436,_binary '\0',NULL),(28437,_binary '\0',NULL),(28438,_binary '\0',NULL),(28439,_binary '\0',NULL),(28440,_binary '\0',NULL),(28441,_binary '\0',NULL),(28442,_binary '\0',NULL),(28443,_binary '\0',NULL),(28444,_binary '\0',NULL),(28445,_binary '\0',NULL),(28446,_binary '\0',NULL),(28447,_binary '\0',NULL),(28448,_binary '\0',NULL),(28449,_binary '\0',NULL),(28450,_binary '\0',NULL),(28451,_binary '\0',NULL),(28452,_binary '\0',NULL),(28453,_binary '\0',NULL),(28454,_binary '\0',NULL),(28455,_binary '\0',NULL),(28456,_binary '\0',NULL),(28457,_binary '\0',NULL),(28458,_binary '\0',NULL),(28459,_binary '\0',NULL),(28460,_binary '\0',NULL),(28461,_binary '\0',NULL),(28462,_binary '\0',NULL),(28463,_binary '\0',NULL),(28464,_binary '\0',NULL),(28465,_binary '\0',NULL),(28466,_binary '\0',NULL),(28467,_binary '\0',NULL),(28468,_binary '\0',NULL),(28469,_binary '\0',NULL),(28470,_binary '\0',NULL),(28471,_binary '\0',NULL),(28472,_binary '\0',NULL),(28473,_binary '\0',NULL),(28474,_binary '\0',NULL),(28475,_binary '\0',NULL),(28476,_binary '\0',NULL),(28477,_binary '\0',NULL),(28478,_binary '\0',NULL),(28479,_binary '\0',NULL),(28480,_binary '\0',NULL),(28481,_binary '\0',NULL),(28482,_binary '\0',NULL),(28483,_binary '\0',NULL),(28484,_binary '\0',NULL),(28485,_binary '\0',NULL),(28486,_binary '\0',NULL),(28487,_binary '\0',NULL),(28488,_binary '\0',NULL),(28489,_binary '\0',NULL),(28490,_binary '\0',NULL),(28491,_binary '\0',NULL),(28492,_binary '\0',NULL),(28493,_binary '\0',NULL),(28494,_binary '\0',NULL),(28495,_binary '\0',NULL),(28496,_binary '\0',NULL),(28497,_binary '\0',NULL),(28498,_binary '\0',NULL),(28499,_binary '\0',NULL),(28500,_binary '\0',NULL),(28501,_binary '\0',NULL),(28502,_binary '\0',NULL),(28503,_binary '\0',NULL),(28504,_binary '\0',NULL),(28505,_binary '\0',NULL),(28506,_binary '\0',NULL),(28507,_binary '\0',NULL),(28508,_binary '\0',NULL),(28509,_binary '\0',NULL),(28510,_binary '\0',NULL),(28511,_binary '\0',NULL),(28512,_binary '\0',NULL),(28513,_binary '\0',NULL),(28514,_binary '\0',NULL),(28515,_binary '\0',NULL),(28516,_binary '\0',NULL),(28517,_binary '\0',NULL),(28518,_binary '\0',NULL),(28519,_binary '\0',NULL),(28520,_binary '\0',NULL),(28521,_binary '\0',NULL),(28522,_binary '\0',NULL),(28523,_binary '\0',NULL),(28524,_binary '\0',NULL),(28525,_binary '\0',NULL),(28526,_binary '\0',NULL),(28527,_binary '\0',NULL),(28528,_binary '\0',NULL),(28529,_binary '\0',NULL),(28530,_binary '\0',NULL),(28531,_binary '\0',NULL),(28532,_binary '\0',NULL),(28533,_binary '\0',NULL),(28534,_binary '\0',NULL),(28535,_binary '\0',NULL),(28536,_binary '\0',NULL),(28537,_binary '\0',NULL),(28538,_binary '\0',NULL),(28539,_binary '\0',NULL),(28540,_binary '\0',NULL),(28541,_binary '\0',NULL),(28542,_binary '\0',NULL),(28543,_binary '\0',NULL),(28544,_binary '\0',NULL),(28545,_binary '\0',NULL),(28546,_binary '\0',NULL),(28547,_binary '\0',NULL),(28548,_binary '\0',NULL),(28549,_binary '\0',NULL),(28550,_binary '\0',NULL),(28551,_binary '\0',NULL),(28552,_binary '\0',NULL),(28553,_binary '\0',NULL),(28554,_binary '\0',NULL),(28555,_binary '\0',NULL),(28556,_binary '\0',NULL),(28557,_binary '\0',NULL),(28558,_binary '\0',NULL),(28559,_binary '\0',NULL),(28560,_binary '\0',NULL),(28561,_binary '\0',NULL),(28562,_binary '\0',NULL),(28563,_binary '\0',NULL),(28564,_binary '\0',NULL),(28565,_binary '\0',NULL),(28566,_binary '\0',NULL),(28567,_binary '\0',NULL),(28568,_binary '\0',NULL),(28569,_binary '\0',NULL),(28570,_binary '\0',NULL),(28571,_binary '\0',NULL),(28572,_binary '\0',NULL),(28573,_binary '\0',NULL),(28574,_binary '\0',NULL),(28575,_binary '\0',NULL),(28576,_binary '\0',NULL),(28577,_binary '\0',NULL),(28578,_binary '\0',NULL),(28579,_binary '\0',NULL),(28580,_binary '\0',NULL),(28581,_binary '\0',NULL),(28582,_binary '\0',NULL),(28583,_binary '\0',NULL),(28584,_binary '\0',NULL),(28585,_binary '\0',NULL),(28586,_binary '\0',NULL),(28587,_binary '\0',NULL),(28588,_binary '\0',NULL),(28589,_binary '\0',NULL),(28590,_binary '\0',NULL),(28591,_binary '\0',NULL),(28592,_binary '\0',NULL),(28593,_binary '\0',NULL),(28594,_binary '\0',NULL),(28595,_binary '\0',NULL),(28596,_binary '\0',NULL),(28597,_binary '\0',NULL),(28598,_binary '\0',NULL),(28599,_binary '\0',NULL),(28600,_binary '\0',NULL),(28601,_binary '\0',NULL),(28602,_binary '\0',NULL),(28603,_binary '\0',NULL),(28604,_binary '\0',NULL),(28605,_binary '\0',NULL),(28606,_binary '\0',NULL),(28607,_binary '\0',NULL),(28608,_binary '\0',NULL),(28609,_binary '\0',NULL),(28610,_binary '\0',NULL),(28611,_binary '\0',NULL),(28612,_binary '\0',NULL),(28613,_binary '\0',NULL),(28614,_binary '\0',NULL),(28615,_binary '\0',NULL),(28616,_binary '\0',NULL),(28617,_binary '\0',NULL),(28618,_binary '\0',NULL),(28619,_binary '\0',NULL),(28620,_binary '\0',NULL),(28621,_binary '\0',NULL),(28622,_binary '\0',NULL),(28623,_binary '\0',NULL),(28624,_binary '\0',NULL),(28625,_binary '\0',NULL),(28626,_binary '\0',NULL),(28627,_binary '\0',NULL),(28628,_binary '\0',NULL),(28629,_binary '\0',NULL),(28630,_binary '\0',NULL),(28631,_binary '\0',NULL),(28632,_binary '\0',NULL),(28633,_binary '\0',NULL),(28634,_binary '\0',NULL),(28635,_binary '\0',NULL),(28636,_binary '\0',NULL),(28637,_binary '\0',NULL),(28638,_binary '\0',NULL),(28639,_binary '\0',NULL),(28640,_binary '\0',NULL),(28641,_binary '\0',NULL),(28642,_binary '\0',NULL),(28643,_binary '\0',NULL),(28644,_binary '\0',NULL),(28645,_binary '\0',NULL),(28646,_binary '\0',NULL),(28647,_binary '\0',NULL),(28648,_binary '\0',NULL),(28649,_binary '\0',NULL),(28650,_binary '\0',NULL),(28651,_binary '\0',NULL),(28652,_binary '\0',NULL),(28653,_binary '\0',NULL),(28654,_binary '\0',NULL),(28655,_binary '\0',NULL),(28656,_binary '\0',NULL),(28657,_binary '\0',NULL),(28658,_binary '\0',NULL),(28659,_binary '\0',NULL),(28660,_binary '\0',NULL),(28661,_binary '\0',NULL),(28662,_binary '\0',NULL),(28663,_binary '\0',NULL),(28664,_binary '\0',NULL),(28665,_binary '\0',NULL),(28666,_binary '\0',NULL),(28667,_binary '\0',NULL),(28668,_binary '\0',NULL),(28669,_binary '\0',NULL),(28670,_binary '\0',NULL),(28671,_binary '\0',NULL),(28672,_binary '\0',NULL),(28673,_binary '\0',NULL),(28674,_binary '\0',NULL),(28675,_binary '\0',NULL),(28676,_binary '\0',NULL),(28677,_binary '\0',NULL),(28678,_binary '\0',NULL),(28679,_binary '\0',NULL),(28680,_binary '\0',NULL),(28681,_binary '\0',NULL),(28682,_binary '\0',NULL),(28683,_binary '\0',NULL),(28684,_binary '\0',NULL),(28685,_binary '\0',NULL),(28686,_binary '\0',NULL),(28687,_binary '\0',NULL),(28688,_binary '\0',NULL),(28689,_binary '\0',NULL),(28690,_binary '\0',NULL),(28691,_binary '\0',NULL),(28692,_binary '\0',NULL),(28693,_binary '\0',NULL),(28694,_binary '\0',NULL),(28695,_binary '\0',NULL),(28696,_binary '\0',NULL),(28697,_binary '\0',NULL),(28698,_binary '\0',NULL),(28699,_binary '\0',NULL),(28700,_binary '\0',NULL),(28701,_binary '\0',NULL),(28702,_binary '\0',NULL),(28703,_binary '\0',NULL),(28704,_binary '\0',NULL),(28705,_binary '\0',NULL),(28706,_binary '\0',NULL),(28707,_binary '\0',NULL),(28708,_binary '\0',NULL),(28709,_binary '\0',NULL),(28710,_binary '\0',NULL),(28711,_binary '\0',NULL),(28712,_binary '\0',NULL),(28713,_binary '\0',NULL),(28714,_binary '\0',NULL),(28715,_binary '\0',NULL),(28716,_binary '\0',NULL),(28717,_binary '\0',NULL),(28718,_binary '\0',NULL),(28719,_binary '\0',NULL),(28720,_binary '\0',NULL),(28721,_binary '\0',NULL),(28722,_binary '\0',NULL),(28723,_binary '\0',NULL),(28724,_binary '\0',NULL),(28725,_binary '\0',NULL),(28726,_binary '\0',NULL),(28727,_binary '\0',NULL),(28728,_binary '\0',NULL),(28729,_binary '\0',NULL),(28730,_binary '\0',NULL),(28731,_binary '\0',NULL),(28732,_binary '\0',NULL),(28733,_binary '\0',NULL),(28734,_binary '\0',NULL),(28735,_binary '\0',NULL),(28736,_binary '\0',NULL),(28737,_binary '\0',NULL),(28738,_binary '\0',NULL),(28739,_binary '\0',NULL),(28740,_binary '\0',NULL),(28741,_binary '\0',NULL),(28742,_binary '\0',NULL),(28743,_binary '\0',NULL),(28744,_binary '\0',NULL),(28745,_binary '\0',NULL),(28746,_binary '\0',NULL),(28747,_binary '\0',NULL),(28748,_binary '\0',NULL),(28749,_binary '\0',NULL),(28750,_binary '\0',NULL),(28751,_binary '\0',NULL),(28752,_binary '\0',NULL),(28753,_binary '\0',NULL),(28754,_binary '\0',NULL),(28755,_binary '\0',NULL),(28756,_binary '\0',NULL),(28757,_binary '\0',NULL),(28758,_binary '\0',NULL),(28759,_binary '\0',NULL),(28760,_binary '\0',NULL),(28761,_binary '\0',NULL),(28762,_binary '\0',NULL),(28763,_binary '\0',NULL),(28764,_binary '\0',NULL),(28765,_binary '\0',NULL),(28766,_binary '\0',NULL),(28767,_binary '\0',NULL),(28768,_binary '\0',NULL),(28769,_binary '\0',NULL),(28770,_binary '\0',NULL),(28771,_binary '\0',NULL),(28772,_binary '\0',NULL),(28773,_binary '\0',NULL),(28774,_binary '\0',NULL),(28775,_binary '\0',NULL),(28776,_binary '\0',NULL),(28777,_binary '\0',NULL),(28778,_binary '\0',NULL),(28779,_binary '\0',NULL),(28780,_binary '\0',NULL),(28781,_binary '\0',NULL),(28782,_binary '\0',NULL),(28783,_binary '\0',NULL),(28784,_binary '\0',NULL),(28785,_binary '\0',NULL),(28786,_binary '\0',NULL),(28787,_binary '\0',NULL),(28788,_binary '\0',NULL),(28789,_binary '\0',NULL),(28790,_binary '\0',NULL),(28791,_binary '\0',NULL),(28792,_binary '\0',NULL),(28793,_binary '\0',NULL),(28794,_binary '\0',NULL),(28795,_binary '\0',NULL),(28796,_binary '\0',NULL),(28797,_binary '\0',NULL),(28798,_binary '\0',NULL),(28799,_binary '\0',NULL),(28800,_binary '\0',NULL),(28801,_binary '\0',NULL),(28802,_binary '\0',NULL),(28803,_binary '\0',NULL),(28804,_binary '\0',NULL),(28805,_binary '\0',NULL),(28806,_binary '\0',NULL),(28807,_binary '\0',NULL),(28808,_binary '\0',NULL),(28809,_binary '\0',NULL),(28810,_binary '\0',NULL),(28811,_binary '\0',NULL),(28812,_binary '\0',NULL),(28813,_binary '\0',NULL),(28814,_binary '\0',NULL),(28815,_binary '\0',NULL),(28816,_binary '\0',NULL),(28817,_binary '\0',NULL),(28818,_binary '\0',NULL),(28819,_binary '\0',NULL),(28820,_binary '\0',NULL),(28821,_binary '\0',NULL),(28822,_binary '\0',NULL),(28823,_binary '\0',NULL),(28824,_binary '\0',NULL),(28825,_binary '\0',NULL),(28826,_binary '\0',NULL),(28827,_binary '\0',NULL),(28828,_binary '\0',NULL),(28829,_binary '\0',NULL),(28830,_binary '\0',NULL),(28831,_binary '\0',NULL),(28832,_binary '\0',NULL),(28833,_binary '\0',NULL),(28834,_binary '\0',NULL),(28835,_binary '\0',NULL),(28836,_binary '\0',NULL),(28837,_binary '\0',NULL),(28838,_binary '\0',NULL),(28839,_binary '\0',NULL),(28840,_binary '\0',NULL),(28841,_binary '\0',NULL),(28842,_binary '\0',NULL),(28843,_binary '\0',NULL),(28844,_binary '\0',NULL),(28845,_binary '\0',NULL),(28846,_binary '\0',NULL),(28847,_binary '\0',NULL),(28848,_binary '\0',NULL),(28849,_binary '\0',NULL),(28850,_binary '\0',NULL),(28851,_binary '\0',NULL),(28852,_binary '\0',NULL),(28853,_binary '\0',NULL),(28854,_binary '\0',NULL),(28855,_binary '\0',NULL),(28856,_binary '\0',NULL),(28857,_binary '\0',NULL),(28858,_binary '\0',NULL),(28859,_binary '\0',NULL),(28860,_binary '\0',NULL),(28861,_binary '\0',NULL),(28862,_binary '\0',NULL),(28863,_binary '\0',NULL),(28864,_binary '\0',NULL),(28865,_binary '\0',NULL),(28866,_binary '\0',NULL),(28867,_binary '\0',NULL),(28868,_binary '\0',NULL),(28869,_binary '\0',NULL),(28870,_binary '\0',NULL),(28871,_binary '\0',NULL),(28872,_binary '\0',NULL),(28873,_binary '\0',NULL),(28874,_binary '\0',NULL),(28875,_binary '\0',NULL),(28876,_binary '\0',NULL),(28877,_binary '\0',NULL),(28878,_binary '\0',NULL),(28879,_binary '\0',NULL),(28880,_binary '\0',NULL),(28881,_binary '\0',NULL),(28882,_binary '\0',NULL),(28883,_binary '\0',NULL),(28884,_binary '\0',NULL),(28885,_binary '\0',NULL),(28886,_binary '\0',NULL),(28887,_binary '\0',NULL),(28888,_binary '\0',NULL),(28889,_binary '\0',NULL),(28890,_binary '\0',NULL),(28891,_binary '\0',NULL),(28892,_binary '\0',NULL),(28893,_binary '\0',NULL),(28894,_binary '\0',NULL),(28895,_binary '\0',NULL),(28896,_binary '\0',NULL),(28897,_binary '\0',NULL),(28898,_binary '\0',NULL),(28899,_binary '\0',NULL),(28900,_binary '\0',NULL),(28901,_binary '\0',NULL),(28902,_binary '\0',NULL),(28903,_binary '\0',NULL),(28904,_binary '\0',NULL),(28905,_binary '\0',NULL),(28906,_binary '\0',NULL),(28907,_binary '\0',NULL),(28908,_binary '\0',NULL),(28909,_binary '\0',NULL),(28910,_binary '\0',NULL),(28911,_binary '\0',NULL),(28912,_binary '\0',NULL),(28913,_binary '\0',NULL),(28914,_binary '\0',NULL),(28915,_binary '\0',NULL),(28916,_binary '\0',NULL),(28917,_binary '\0',NULL),(28918,_binary '\0',NULL),(28919,_binary '\0',NULL),(28920,_binary '\0',NULL),(28921,_binary '\0',NULL),(28922,_binary '\0',NULL),(28923,_binary '\0',NULL),(28924,_binary '\0',NULL),(28925,_binary '\0',NULL),(28926,_binary '\0',NULL),(28927,_binary '\0',NULL),(28928,_binary '\0',NULL),(28929,_binary '\0',NULL),(28930,_binary '\0',NULL),(28931,_binary '\0',NULL),(28932,_binary '\0',NULL),(28933,_binary '\0',NULL),(28934,_binary '\0',NULL),(28935,_binary '\0',NULL),(28936,_binary '\0',NULL),(28937,_binary '\0',NULL),(28938,_binary '\0',NULL),(28939,_binary '\0',NULL),(28940,_binary '\0',NULL),(28941,_binary '\0',NULL),(28942,_binary '\0',NULL),(28943,_binary '\0',NULL),(28944,_binary '\0',NULL),(28945,_binary '\0',NULL),(28946,_binary '\0',NULL),(28947,_binary '\0',NULL),(28948,_binary '\0',NULL),(28949,_binary '\0',NULL),(28950,_binary '\0',NULL),(28951,_binary '\0',NULL),(28952,_binary '\0',NULL),(28953,_binary '\0',NULL),(28954,_binary '\0',NULL),(28955,_binary '\0',NULL),(28956,_binary '\0',NULL),(28957,_binary '\0',NULL),(28958,_binary '\0',NULL),(28959,_binary '\0',NULL),(28960,_binary '\0',NULL),(28961,_binary '\0',NULL),(28962,_binary '\0',NULL),(28963,_binary '\0',NULL),(28964,_binary '\0',NULL),(28965,_binary '\0',NULL),(28966,_binary '\0',NULL),(28967,_binary '\0',NULL),(28968,_binary '\0',NULL),(28969,_binary '\0',NULL),(28970,_binary '\0',NULL),(28971,_binary '\0',NULL),(28972,_binary '\0',NULL),(28973,_binary '\0',NULL),(28974,_binary '\0',NULL),(28975,_binary '\0',NULL),(28976,_binary '\0',NULL),(28977,_binary '\0',NULL),(28978,_binary '\0',NULL),(28979,_binary '\0',NULL),(28980,_binary '\0',NULL),(28981,_binary '\0',NULL),(28982,_binary '\0',NULL),(28983,_binary '\0',NULL),(28984,_binary '\0',NULL),(28985,_binary '\0',NULL),(28986,_binary '\0',NULL),(28987,_binary '\0',NULL),(28988,_binary '\0',NULL),(28989,_binary '\0',NULL),(28990,_binary '\0',NULL),(28991,_binary '\0',NULL),(28992,_binary '\0',NULL),(28993,_binary '\0',NULL),(28994,_binary '\0',NULL),(28995,_binary '\0',NULL),(28996,_binary '\0',NULL),(28997,_binary '\0',NULL),(28998,_binary '\0',NULL),(28999,_binary '\0',NULL),(29000,_binary '\0',NULL),(29001,_binary '\0',NULL),(29002,_binary '\0',NULL),(29003,_binary '\0',NULL),(29004,_binary '\0',NULL),(29005,_binary '\0',NULL),(29006,_binary '\0',NULL),(29007,_binary '\0',NULL),(29008,_binary '\0',NULL),(29009,_binary '\0',NULL),(29010,_binary '\0',NULL),(29011,_binary '\0',NULL),(29012,_binary '\0',NULL),(29013,_binary '\0',NULL),(29014,_binary '\0',NULL),(29015,_binary '\0',NULL),(29016,_binary '\0',NULL),(29017,_binary '\0',NULL),(29018,_binary '\0',NULL),(29019,_binary '\0',NULL),(29020,_binary '\0',NULL),(29021,_binary '\0',NULL),(29022,_binary '\0',NULL),(29023,_binary '\0',NULL),(29024,_binary '\0',NULL),(29025,_binary '\0',NULL),(29026,_binary '\0',NULL),(29027,_binary '\0',NULL),(29028,_binary '\0',NULL),(29029,_binary '\0',NULL),(29030,_binary '\0',NULL),(29031,_binary '\0',NULL),(29032,_binary '\0',NULL),(29033,_binary '\0',NULL),(29034,_binary '\0',NULL),(29035,_binary '\0',NULL),(29036,_binary '\0',NULL),(29037,_binary '\0',NULL),(29038,_binary '\0',NULL),(29039,_binary '\0',NULL),(29040,_binary '\0',NULL),(29041,_binary '\0',NULL),(29042,_binary '\0',NULL),(29043,_binary '\0',NULL),(29044,_binary '\0',NULL),(29045,_binary '\0',NULL),(29046,_binary '\0',NULL),(29047,_binary '\0',NULL),(29048,_binary '\0',NULL),(29049,_binary '\0',NULL),(29050,_binary '\0',NULL),(29051,_binary '\0',NULL),(29052,_binary '\0',NULL),(29053,_binary '\0',NULL),(29054,_binary '\0',NULL),(29055,_binary '\0',NULL),(29056,_binary '\0',NULL),(29057,_binary '\0',NULL),(29058,_binary '\0',NULL),(29059,_binary '\0',NULL),(29060,_binary '\0',NULL),(29061,_binary '\0',NULL),(29062,_binary '\0',NULL),(29063,_binary '\0',NULL),(29064,_binary '\0',NULL),(29065,_binary '\0',NULL),(29066,_binary '\0',NULL),(29067,_binary '\0',NULL),(29068,_binary '\0',NULL),(29069,_binary '\0',NULL),(29070,_binary '\0',NULL),(29071,_binary '\0',NULL),(29072,_binary '\0',NULL),(29073,_binary '\0',NULL),(29074,_binary '\0',NULL),(29075,_binary '\0',NULL),(29076,_binary '\0',NULL),(29077,_binary '\0',NULL),(29078,_binary '\0',NULL),(29079,_binary '\0',NULL),(29080,_binary '\0',NULL),(29081,_binary '\0',NULL),(29082,_binary '\0',NULL),(29083,_binary '\0',NULL),(29084,_binary '\0',NULL),(29085,_binary '\0',NULL),(29086,_binary '\0',NULL),(29087,_binary '\0',NULL),(29088,_binary '\0',NULL),(29089,_binary '\0',NULL),(29090,_binary '\0',NULL),(29091,_binary '\0',NULL),(29092,_binary '\0',NULL),(29093,_binary '\0',NULL),(29094,_binary '\0',NULL),(29095,_binary '\0',NULL),(29096,_binary '\0',NULL),(29097,_binary '\0',NULL),(29098,_binary '\0',NULL),(29099,_binary '\0',NULL),(29100,_binary '\0',NULL),(29101,_binary '\0',NULL),(29102,_binary '\0',NULL),(29103,_binary '\0',NULL),(29104,_binary '\0',NULL),(29105,_binary '\0',NULL),(29106,_binary '\0',NULL),(29107,_binary '\0',NULL),(29108,_binary '\0',NULL),(29109,_binary '\0',NULL),(29110,_binary '\0',NULL),(29111,_binary '\0',NULL),(29112,_binary '\0',NULL),(29113,_binary '\0',NULL),(29114,_binary '\0',NULL),(29115,_binary '\0',NULL),(29116,_binary '\0',NULL),(29117,_binary '\0',NULL),(29118,_binary '\0',NULL),(29119,_binary '\0',NULL),(29120,_binary '\0',NULL),(29121,_binary '\0',NULL),(29122,_binary '\0',NULL),(29123,_binary '\0',NULL),(29124,_binary '\0',NULL),(29125,_binary '\0',NULL),(29126,_binary '\0',NULL),(29127,_binary '\0',NULL),(29128,_binary '\0',NULL),(29129,_binary '\0',NULL),(29130,_binary '\0',NULL),(29131,_binary '\0',NULL),(29132,_binary '\0',NULL),(29133,_binary '\0',NULL),(29134,_binary '\0',NULL),(29135,_binary '\0',NULL),(29136,_binary '\0',NULL),(29137,_binary '\0',NULL),(29138,_binary '\0',NULL),(29139,_binary '\0',NULL),(29140,_binary '\0',NULL),(29141,_binary '\0',NULL),(29142,_binary '\0',NULL),(29143,_binary '\0',NULL),(29144,_binary '\0',NULL),(29145,_binary '\0',NULL),(29146,_binary '\0',NULL),(29147,_binary '\0',NULL),(29148,_binary '\0',NULL),(29149,_binary '\0',NULL),(29150,_binary '\0',NULL),(29151,_binary '\0',NULL),(29152,_binary '\0',NULL),(29153,_binary '\0',NULL),(29154,_binary '\0',NULL),(29155,_binary '\0',NULL),(29156,_binary '\0',NULL),(29157,_binary '\0',NULL),(29158,_binary '\0',NULL),(29159,_binary '\0',NULL),(29160,_binary '\0',NULL),(29161,_binary '\0',NULL),(29162,_binary '\0',NULL),(29163,_binary '\0',NULL),(29164,_binary '\0',NULL),(29165,_binary '\0',NULL),(29166,_binary '\0',NULL),(29167,_binary '\0',NULL),(29168,_binary '\0',NULL),(29169,_binary '\0',NULL),(29170,_binary '\0',NULL),(29171,_binary '\0',NULL),(29172,_binary '\0',NULL),(29173,_binary '\0',NULL),(29174,_binary '\0',NULL),(29175,_binary '\0',NULL),(29176,_binary '\0',NULL),(29177,_binary '\0',NULL),(29178,_binary '\0',NULL),(29179,_binary '\0',NULL),(29180,_binary '\0',NULL),(29181,_binary '\0',NULL),(29182,_binary '\0',NULL),(29183,_binary '\0',NULL),(29184,_binary '\0',NULL),(29185,_binary '\0',NULL),(29186,_binary '\0',NULL),(29187,_binary '\0',NULL),(29188,_binary '\0',NULL),(29189,_binary '\0',NULL),(29190,_binary '\0',NULL),(29191,_binary '\0',NULL),(29192,_binary '\0',NULL),(29193,_binary '\0',NULL),(29194,_binary '\0',NULL),(29195,_binary '\0',NULL),(29196,_binary '\0',NULL),(29197,_binary '\0',NULL),(29198,_binary '\0',NULL),(29199,_binary '\0',NULL),(29200,_binary '\0',NULL),(29201,_binary '\0',NULL),(29202,_binary '\0',NULL),(29203,_binary '\0',NULL),(29204,_binary '\0',NULL),(29205,_binary '\0',NULL),(29206,_binary '\0',NULL),(29207,_binary '\0',NULL),(29208,_binary '\0',NULL),(29209,_binary '\0',NULL),(29210,_binary '\0',NULL),(29211,_binary '\0',NULL),(29212,_binary '\0',NULL),(29213,_binary '\0',NULL),(29214,_binary '\0',NULL),(29215,_binary '\0',NULL),(29216,_binary '\0',NULL),(29217,_binary '\0',NULL),(29218,_binary '\0',NULL),(29219,_binary '\0',NULL),(29220,_binary '\0',NULL),(29221,_binary '\0',NULL),(29222,_binary '\0',NULL),(29223,_binary '\0',NULL),(29224,_binary '\0',NULL),(29225,_binary '\0',NULL),(29226,_binary '\0',NULL),(29227,_binary '\0',NULL),(29228,_binary '\0',NULL),(29229,_binary '\0',NULL),(29230,_binary '\0',NULL),(29231,_binary '\0',NULL),(29232,_binary '\0',NULL),(29233,_binary '\0',NULL),(29234,_binary '\0',NULL),(29235,_binary '\0',NULL),(29236,_binary '\0',NULL),(29237,_binary '\0',NULL),(29238,_binary '\0',NULL),(29239,_binary '\0',NULL),(29240,_binary '\0',NULL),(29241,_binary '\0',NULL),(29242,_binary '\0',NULL),(29243,_binary '\0',NULL),(29244,_binary '\0',NULL),(29245,_binary '\0',NULL),(29246,_binary '\0',NULL),(29247,_binary '\0',NULL),(29248,_binary '\0',NULL),(29249,_binary '\0',NULL),(29250,_binary '\0',NULL),(29251,_binary '\0',NULL),(29252,_binary '\0',NULL),(29253,_binary '\0',NULL),(29254,_binary '\0',NULL),(29255,_binary '\0',NULL),(29256,_binary '\0',NULL),(29257,_binary '\0',NULL),(29258,_binary '\0',NULL),(29259,_binary '\0',NULL),(29260,_binary '\0',NULL),(29261,_binary '\0',NULL),(29262,_binary '\0',NULL),(29263,_binary '\0',NULL),(29264,_binary '\0',NULL),(29265,_binary '\0',NULL),(29266,_binary '\0',NULL),(29267,_binary '\0',NULL),(29268,_binary '\0',NULL),(29269,_binary '\0',NULL),(29270,_binary '\0',NULL),(29271,_binary '\0',NULL),(29272,_binary '\0',NULL),(29273,_binary '\0',NULL),(29274,_binary '\0',NULL),(29275,_binary '\0',NULL),(29276,_binary '\0',NULL),(29277,_binary '\0',NULL),(29278,_binary '\0',NULL),(29279,_binary '\0',NULL),(29280,_binary '\0',NULL),(29281,_binary '\0',NULL),(29282,_binary '\0',NULL),(29283,_binary '\0',NULL),(29284,_binary '\0',NULL),(29285,_binary '\0',NULL),(29286,_binary '\0',NULL),(29287,_binary '\0',NULL),(29288,_binary '\0',NULL),(29289,_binary '\0',NULL),(29290,_binary '\0',NULL),(29291,_binary '\0',NULL),(29292,_binary '\0',NULL),(29293,_binary '\0',NULL),(29294,_binary '\0',NULL),(29295,_binary '\0',NULL),(29296,_binary '\0',NULL),(29297,_binary '\0',NULL),(29298,_binary '\0',NULL),(29299,_binary '\0',NULL),(29300,_binary '\0',NULL),(29301,_binary '\0',NULL),(29302,_binary '\0',NULL),(29303,_binary '\0',NULL),(29304,_binary '\0',NULL),(29305,_binary '\0',NULL),(29306,_binary '\0',NULL),(29307,_binary '\0',NULL),(29308,_binary '\0',NULL),(29309,_binary '\0',NULL),(29310,_binary '\0',NULL),(29311,_binary '\0',NULL),(29312,_binary '\0',NULL),(29313,_binary '\0',NULL),(29314,_binary '\0',NULL),(29315,_binary '\0',NULL),(29316,_binary '\0',NULL),(29317,_binary '\0',NULL),(29318,_binary '\0',NULL),(29319,_binary '\0',NULL),(29320,_binary '\0',NULL),(29321,_binary '\0',NULL),(29322,_binary '\0',NULL),(29323,_binary '\0',NULL),(29324,_binary '\0',NULL),(29325,_binary '\0',NULL),(29326,_binary '\0',NULL),(29327,_binary '\0',NULL),(29328,_binary '\0',NULL),(29329,_binary '\0',NULL),(29330,_binary '\0',NULL),(29331,_binary '\0',NULL),(29332,_binary '\0',NULL),(29333,_binary '\0',NULL),(29334,_binary '\0',NULL),(29335,_binary '\0',NULL),(29336,_binary '\0',NULL),(29337,_binary '\0',NULL),(29338,_binary '\0',NULL),(29339,_binary '\0',NULL),(29340,_binary '\0',NULL),(29341,_binary '\0',NULL),(29342,_binary '\0',NULL),(29343,_binary '\0',NULL),(29344,_binary '\0',NULL),(29345,_binary '\0',NULL),(29346,_binary '\0',NULL),(29347,_binary '\0',NULL),(29348,_binary '\0',NULL),(29349,_binary '\0',NULL),(29350,_binary '\0',NULL),(29351,_binary '\0',NULL),(29352,_binary '\0',NULL),(29353,_binary '\0',NULL),(29354,_binary '\0',NULL),(29355,_binary '\0',NULL),(29356,_binary '\0',NULL),(29357,_binary '\0',NULL),(29358,_binary '\0',NULL),(29359,_binary '\0',NULL),(29360,_binary '\0',NULL),(29361,_binary '\0',NULL),(29362,_binary '\0',NULL),(29363,_binary '\0',NULL),(29364,_binary '\0',NULL),(29365,_binary '\0',NULL),(29366,_binary '\0',NULL),(29367,_binary '\0',NULL),(29368,_binary '\0',NULL),(29369,_binary '\0',NULL),(29370,_binary '\0',NULL),(29371,_binary '\0',NULL),(29372,_binary '\0',NULL),(29373,_binary '\0',NULL),(29374,_binary '\0',NULL),(29375,_binary '\0',NULL),(29376,_binary '\0',NULL),(29377,_binary '\0',NULL),(29378,_binary '\0',NULL),(29379,_binary '\0',NULL),(29380,_binary '\0',NULL),(29381,_binary '\0',NULL),(29382,_binary '\0',NULL),(29383,_binary '\0',NULL),(29384,_binary '\0',NULL),(29385,_binary '\0',NULL),(29386,_binary '\0',NULL),(29387,_binary '\0',NULL),(29388,_binary '\0',NULL),(29389,_binary '\0',NULL),(29390,_binary '\0',NULL),(29391,_binary '\0',NULL),(29392,_binary '\0',NULL),(29393,_binary '\0',NULL),(29394,_binary '\0',NULL),(29395,_binary '\0',NULL),(29396,_binary '\0',NULL),(29397,_binary '\0',NULL),(29398,_binary '\0',NULL),(29399,_binary '\0',NULL),(29400,_binary '\0',NULL),(29401,_binary '\0',NULL),(29402,_binary '\0',NULL),(29403,_binary '\0',NULL),(29404,_binary '\0',NULL),(29405,_binary '\0',NULL),(29406,_binary '\0',NULL),(29407,_binary '\0',NULL),(29408,_binary '\0',NULL),(29409,_binary '\0',NULL),(29410,_binary '\0',NULL),(29411,_binary '\0',NULL),(29412,_binary '\0',NULL),(29413,_binary '\0',NULL),(29414,_binary '\0',NULL),(29415,_binary '\0',NULL),(29416,_binary '\0',NULL),(29417,_binary '\0',NULL),(29418,_binary '\0',NULL),(29419,_binary '\0',NULL),(29420,_binary '\0',NULL),(29421,_binary '\0',NULL),(29422,_binary '\0',NULL),(29423,_binary '\0',NULL),(29424,_binary '\0',NULL),(29425,_binary '\0',NULL),(29426,_binary '\0',NULL),(29427,_binary '\0',NULL),(29428,_binary '\0',NULL),(29429,_binary '\0',NULL),(29430,_binary '\0',NULL),(29431,_binary '\0',NULL),(29432,_binary '\0',NULL),(29433,_binary '\0',NULL),(29434,_binary '\0',NULL),(29435,_binary '\0',NULL),(29436,_binary '\0',NULL),(29437,_binary '\0',NULL),(29438,_binary '\0',NULL),(29439,_binary '\0',NULL),(29440,_binary '\0',NULL),(29441,_binary '\0',NULL),(29442,_binary '\0',NULL),(29443,_binary '\0',NULL),(29444,_binary '\0',NULL),(29445,_binary '\0',NULL),(29446,_binary '\0',NULL),(29447,_binary '\0',NULL),(29448,_binary '\0',NULL),(29449,_binary '\0',NULL),(29450,_binary '\0',NULL),(29451,_binary '\0',NULL),(29452,_binary '\0',NULL),(29453,_binary '\0',NULL),(29454,_binary '\0',NULL),(29455,_binary '\0',NULL),(29456,_binary '\0',NULL),(29457,_binary '\0',NULL),(29458,_binary '\0',NULL),(29459,_binary '\0',NULL),(29460,_binary '\0',NULL),(29461,_binary '\0',NULL),(29462,_binary '\0',NULL),(29463,_binary '\0',NULL),(29464,_binary '\0',NULL),(29465,_binary '\0',NULL),(29466,_binary '\0',NULL),(29467,_binary '\0',NULL),(29468,_binary '\0',NULL),(29469,_binary '\0',NULL),(29470,_binary '\0',NULL),(29471,_binary '\0',NULL),(29472,_binary '\0',NULL),(29473,_binary '\0',NULL),(29474,_binary '\0',NULL),(29475,_binary '\0',NULL),(29476,_binary '\0',NULL),(29477,_binary '\0',NULL),(29478,_binary '\0',NULL),(29479,_binary '\0',NULL),(29480,_binary '\0',NULL),(29481,_binary '\0',NULL),(29482,_binary '\0',NULL),(29483,_binary '\0',NULL),(29484,_binary '\0',NULL),(29485,_binary '\0',NULL),(29486,_binary '\0',NULL),(29487,_binary '\0',NULL),(29488,_binary '\0',NULL),(29489,_binary '\0',NULL),(29490,_binary '\0',NULL),(29491,_binary '\0',NULL),(29492,_binary '\0',NULL),(29493,_binary '\0',NULL),(29494,_binary '\0',NULL),(29495,_binary '\0',NULL),(29496,_binary '\0',NULL),(29497,_binary '\0',NULL),(29498,_binary '\0',NULL),(29499,_binary '\0',NULL),(29500,_binary '\0',NULL),(29501,_binary '\0',NULL),(29502,_binary '\0',NULL),(29503,_binary '\0',NULL),(29504,_binary '\0',NULL),(29505,_binary '\0',NULL),(29506,_binary '\0',NULL),(29507,_binary '\0',NULL),(29508,_binary '\0',NULL),(29509,_binary '\0',NULL),(29510,_binary '\0',NULL),(29511,_binary '\0',NULL),(29512,_binary '\0',NULL),(29513,_binary '\0',NULL),(29514,_binary '\0',NULL),(29515,_binary '\0',NULL),(29516,_binary '\0',NULL),(29517,_binary '\0',NULL),(29518,_binary '\0',NULL),(29519,_binary '\0',NULL),(29520,_binary '\0',NULL),(29521,_binary '\0',NULL),(29522,_binary '\0',NULL),(29523,_binary '\0',NULL),(29524,_binary '\0',NULL),(29525,_binary '\0',NULL),(29526,_binary '\0',NULL),(29527,_binary '\0',NULL),(29528,_binary '\0',NULL),(29529,_binary '\0',NULL),(29530,_binary '\0',NULL),(29531,_binary '\0',NULL),(29532,_binary '\0',NULL),(29533,_binary '\0',NULL),(29534,_binary '\0',NULL),(29535,_binary '\0',NULL),(29536,_binary '\0',NULL),(29537,_binary '\0',NULL),(29538,_binary '\0',NULL),(29539,_binary '\0',NULL),(29540,_binary '\0',NULL),(29541,_binary '\0',NULL),(29542,_binary '\0',NULL),(29543,_binary '\0',NULL),(29544,_binary '\0',NULL),(29545,_binary '\0',NULL),(29546,_binary '\0',NULL),(29547,_binary '\0',NULL),(29548,_binary '\0',NULL),(29549,_binary '\0',NULL),(29550,_binary '\0',NULL),(29551,_binary '\0',NULL),(29552,_binary '\0',NULL),(29553,_binary '\0',NULL),(29554,_binary '\0',NULL),(29555,_binary '\0',NULL),(29556,_binary '\0',NULL),(29557,_binary '\0',NULL),(29558,_binary '\0',NULL),(29559,_binary '\0',NULL),(29560,_binary '\0',NULL),(29561,_binary '\0',NULL),(29562,_binary '\0',NULL),(29563,_binary '\0',NULL),(29564,_binary '\0',NULL),(29565,_binary '\0',NULL),(29566,_binary '\0',NULL),(29567,_binary '\0',NULL),(29568,_binary '\0',NULL),(29569,_binary '\0',NULL),(29570,_binary '\0',NULL),(29571,_binary '\0',NULL),(29572,_binary '\0',NULL),(29573,_binary '\0',NULL),(29574,_binary '\0',NULL),(29575,_binary '\0',NULL),(29576,_binary '\0',NULL),(29577,_binary '\0',NULL),(29578,_binary '\0',NULL),(29579,_binary '\0',NULL),(29580,_binary '\0',NULL),(29581,_binary '\0',NULL),(29582,_binary '\0',NULL),(29583,_binary '\0',NULL),(29584,_binary '\0',NULL),(29585,_binary '\0',NULL),(29586,_binary '\0',NULL),(29587,_binary '\0',NULL),(29588,_binary '\0',NULL),(29589,_binary '\0',NULL),(29590,_binary '\0',NULL),(29591,_binary '\0',NULL),(29592,_binary '\0',NULL),(29593,_binary '\0',NULL),(29594,_binary '\0',NULL),(29595,_binary '\0',NULL),(29596,_binary '\0',NULL),(29597,_binary '\0',NULL),(29598,_binary '\0',NULL),(29599,_binary '\0',NULL),(29600,_binary '\0',NULL),(29601,_binary '\0',NULL),(29602,_binary '\0',NULL),(29603,_binary '\0',NULL),(29604,_binary '\0',NULL),(29605,_binary '\0',NULL),(29606,_binary '\0',NULL),(29607,_binary '\0',NULL),(29608,_binary '\0',NULL),(29609,_binary '\0',NULL),(29610,_binary '\0',NULL),(29611,_binary '\0',NULL),(29612,_binary '\0',NULL),(29613,_binary '\0',NULL),(29614,_binary '\0',NULL),(29615,_binary '\0',NULL),(29616,_binary '\0',NULL),(29617,_binary '\0',NULL),(29618,_binary '\0',NULL),(29619,_binary '\0',NULL),(29620,_binary '\0',NULL),(29621,_binary '\0',NULL),(29622,_binary '\0',NULL),(29623,_binary '\0',NULL),(29624,_binary '\0',NULL),(29625,_binary '\0',NULL),(29626,_binary '\0',NULL),(29627,_binary '\0',NULL),(29628,_binary '\0',NULL),(29629,_binary '\0',NULL),(29630,_binary '\0',NULL),(29631,_binary '\0',NULL),(29632,_binary '\0',NULL),(29633,_binary '\0',NULL),(29634,_binary '\0',NULL),(29635,_binary '\0',NULL),(29636,_binary '\0',NULL),(29637,_binary '\0',NULL),(29638,_binary '\0',NULL),(29639,_binary '\0',NULL),(29640,_binary '\0',NULL),(29641,_binary '\0',NULL),(29642,_binary '\0',NULL),(29643,_binary '\0',NULL),(29644,_binary '\0',NULL),(29645,_binary '\0',NULL),(29646,_binary '\0',NULL),(29647,_binary '\0',NULL),(29648,_binary '\0',NULL),(29649,_binary '\0',NULL),(29650,_binary '\0',NULL),(29651,_binary '\0',NULL),(29652,_binary '\0',NULL),(29653,_binary '\0',NULL),(29654,_binary '\0',NULL),(29655,_binary '\0',NULL),(29656,_binary '\0',NULL),(29657,_binary '\0',NULL),(29658,_binary '\0',NULL),(29659,_binary '\0',NULL),(29660,_binary '\0',NULL),(29661,_binary '\0',NULL),(29662,_binary '\0',NULL),(29663,_binary '\0',NULL),(29664,_binary '\0',NULL),(29665,_binary '\0',NULL),(29666,_binary '\0',NULL),(29667,_binary '\0',NULL),(29668,_binary '\0',NULL),(29669,_binary '\0',NULL),(29670,_binary '\0',NULL),(29671,_binary '\0',NULL),(29672,_binary '\0',NULL),(29673,_binary '\0',NULL),(29674,_binary '\0',NULL),(29675,_binary '\0',NULL),(29676,_binary '\0',NULL),(29677,_binary '\0',NULL),(29678,_binary '\0',NULL),(29679,_binary '\0',NULL),(29680,_binary '\0',NULL),(29681,_binary '\0',NULL),(29682,_binary '\0',NULL),(29683,_binary '\0',NULL),(29684,_binary '\0',NULL),(29685,_binary '\0',NULL),(29686,_binary '\0',NULL),(29687,_binary '\0',NULL),(29688,_binary '\0',NULL),(29689,_binary '\0',NULL),(29690,_binary '\0',NULL),(29691,_binary '\0',NULL),(29692,_binary '\0',NULL),(29693,_binary '\0',NULL),(29694,_binary '\0',NULL),(29695,_binary '\0',NULL),(29696,_binary '\0',NULL),(29697,_binary '\0',NULL),(29698,_binary '\0',NULL),(29699,_binary '\0',NULL),(29700,_binary '\0',NULL),(29701,_binary '\0',NULL),(29702,_binary '\0',NULL),(29703,_binary '\0',NULL),(29704,_binary '\0',NULL),(29705,_binary '\0',NULL),(29706,_binary '\0',NULL),(29707,_binary '\0',NULL),(29708,_binary '\0',NULL),(29709,_binary '\0',NULL),(29710,_binary '\0',NULL),(29711,_binary '\0',NULL),(29712,_binary '\0',NULL),(29713,_binary '\0',NULL),(29714,_binary '\0',NULL),(29715,_binary '\0',NULL),(29716,_binary '\0',NULL),(29717,_binary '\0',NULL),(29718,_binary '\0',NULL),(29719,_binary '\0',NULL),(29720,_binary '\0',NULL),(29721,_binary '\0',NULL),(29722,_binary '\0',NULL),(29723,_binary '\0',NULL),(29724,_binary '\0',NULL),(29725,_binary '\0',NULL),(29726,_binary '\0',NULL),(29727,_binary '\0',NULL),(29728,_binary '\0',NULL),(29729,_binary '\0',NULL),(29730,_binary '\0',NULL),(29731,_binary '\0',NULL),(29732,_binary '\0',NULL),(29733,_binary '\0',NULL),(29734,_binary '\0',NULL),(29735,_binary '\0',NULL),(29736,_binary '\0',NULL),(29737,_binary '\0',NULL),(29738,_binary '\0',NULL),(29739,_binary '\0',NULL),(29740,_binary '\0',NULL),(29741,_binary '\0',NULL),(29742,_binary '\0',NULL),(29743,_binary '\0',NULL),(29744,_binary '\0',NULL),(29745,_binary '\0',NULL),(29746,_binary '\0',NULL),(29747,_binary '\0',NULL),(29748,_binary '\0',NULL),(29749,_binary '\0',NULL),(29750,_binary '\0',NULL),(29751,_binary '\0',NULL),(29752,_binary '\0',NULL),(29753,_binary '\0',NULL),(29754,_binary '\0',NULL),(29755,_binary '\0',NULL),(29756,_binary '\0',NULL),(29757,_binary '\0',NULL),(29758,_binary '\0',NULL),(29759,_binary '\0',NULL),(29760,_binary '\0',NULL),(29761,_binary '\0',NULL),(29762,_binary '\0',NULL),(29763,_binary '\0',NULL),(29764,_binary '\0',NULL),(29765,_binary '\0',NULL),(29766,_binary '\0',NULL),(29767,_binary '\0',NULL),(29768,_binary '\0',NULL),(29769,_binary '\0',NULL),(29770,_binary '\0',NULL),(29771,_binary '\0',NULL),(29772,_binary '\0',NULL),(29773,_binary '\0',NULL),(29774,_binary '\0',NULL),(29775,_binary '\0',NULL),(29776,_binary '\0',NULL),(29777,_binary '\0',NULL),(29778,_binary '\0',NULL),(29779,_binary '\0',NULL),(29780,_binary '\0',NULL),(29781,_binary '\0',NULL),(29782,_binary '\0',NULL),(29783,_binary '\0',NULL),(29784,_binary '\0',NULL),(29785,_binary '\0',NULL),(29786,_binary '\0',NULL),(29787,_binary '\0',NULL),(29788,_binary '\0',NULL),(29789,_binary '\0',NULL),(29790,_binary '\0',NULL),(29791,_binary '\0',NULL),(29792,_binary '\0',NULL),(29793,_binary '\0',NULL),(29794,_binary '\0',NULL),(29795,_binary '\0',NULL),(29796,_binary '\0',NULL),(29797,_binary '\0',NULL),(29798,_binary '\0',NULL),(29799,_binary '\0',NULL),(29800,_binary '\0',NULL),(29801,_binary '\0',NULL),(29802,_binary '\0',NULL),(29803,_binary '\0',NULL),(29804,_binary '\0',NULL),(29805,_binary '\0',NULL),(29806,_binary '\0',NULL),(29807,_binary '\0',NULL),(29808,_binary '\0',NULL),(29809,_binary '\0',NULL),(29810,_binary '\0',NULL),(29811,_binary '\0',NULL),(29812,_binary '\0',NULL),(29813,_binary '\0',NULL),(29814,_binary '\0',NULL),(29815,_binary '\0',NULL),(29816,_binary '\0',NULL),(29817,_binary '\0',NULL),(29818,_binary '\0',NULL),(29819,_binary '\0',NULL),(29820,_binary '\0',NULL),(29821,_binary '\0',NULL),(29822,_binary '\0',NULL),(29823,_binary '\0',NULL),(29824,_binary '\0',NULL),(29825,_binary '\0',NULL),(29826,_binary '\0',NULL),(29827,_binary '\0',NULL),(29828,_binary '\0',NULL),(29829,_binary '\0',NULL),(29830,_binary '\0',NULL),(29831,_binary '\0',NULL),(29832,_binary '\0',NULL),(29833,_binary '\0',NULL),(29834,_binary '\0',NULL),(29835,_binary '\0',NULL),(29836,_binary '\0',NULL),(29837,_binary '\0',NULL),(29838,_binary '\0',NULL),(29839,_binary '\0',NULL),(29840,_binary '\0',NULL),(29841,_binary '\0',NULL),(29842,_binary '\0',NULL),(29843,_binary '\0',NULL),(29844,_binary '\0',NULL),(29845,_binary '\0',NULL),(29846,_binary '\0',NULL),(29847,_binary '\0',NULL),(29848,_binary '\0',NULL),(29849,_binary '\0',NULL),(29850,_binary '\0',NULL),(29851,_binary '\0',NULL),(29852,_binary '\0',NULL),(29853,_binary '\0',NULL),(29854,_binary '\0',NULL),(29855,_binary '\0',NULL),(29856,_binary '\0',NULL),(29857,_binary '\0',NULL),(29858,_binary '\0',NULL),(29859,_binary '\0',NULL),(29860,_binary '\0',NULL),(29861,_binary '\0',NULL),(29862,_binary '\0',NULL),(29863,_binary '\0',NULL),(29864,_binary '\0',NULL),(29865,_binary '\0',NULL),(29866,_binary '\0',NULL),(29867,_binary '\0',NULL),(29868,_binary '\0',NULL),(29869,_binary '\0',NULL),(29870,_binary '\0',NULL),(29871,_binary '\0',NULL),(29872,_binary '\0',NULL),(29873,_binary '\0',NULL),(29874,_binary '\0',NULL),(29875,_binary '\0',NULL),(29876,_binary '\0',NULL),(29877,_binary '\0',NULL),(29878,_binary '\0',NULL),(29879,_binary '\0',NULL),(29880,_binary '\0',NULL),(29881,_binary '\0',NULL),(29882,_binary '\0',NULL),(29883,_binary '\0',NULL),(29884,_binary '\0',NULL),(29885,_binary '\0',NULL),(29886,_binary '\0',NULL),(29887,_binary '\0',NULL),(29888,_binary '\0',NULL),(29889,_binary '\0',NULL),(29890,_binary '\0',NULL),(29891,_binary '\0',NULL),(29892,_binary '\0',NULL),(29893,_binary '\0',NULL),(29894,_binary '\0',NULL),(29895,_binary '\0',NULL),(29896,_binary '\0',NULL),(29897,_binary '\0',NULL),(29898,_binary '\0',NULL),(29899,_binary '\0',NULL),(29900,_binary '\0',NULL),(29901,_binary '\0',NULL),(29902,_binary '\0',NULL),(29903,_binary '\0',NULL),(29904,_binary '\0',NULL),(29905,_binary '\0',NULL),(29906,_binary '\0',NULL),(29907,_binary '\0',NULL),(29908,_binary '\0',NULL),(29909,_binary '\0',NULL),(29910,_binary '\0',NULL),(29911,_binary '\0',NULL),(29912,_binary '\0',NULL),(29913,_binary '\0',NULL),(29914,_binary '\0',NULL),(29915,_binary '\0',NULL),(29916,_binary '\0',NULL),(29917,_binary '\0',NULL),(29918,_binary '\0',NULL),(29919,_binary '\0',NULL),(29920,_binary '\0',NULL),(29921,_binary '\0',NULL),(29922,_binary '\0',NULL),(29923,_binary '\0',NULL),(29924,_binary '\0',NULL),(29925,_binary '\0',NULL),(29926,_binary '\0',NULL),(29927,_binary '\0',NULL),(29928,_binary '\0',NULL),(29929,_binary '\0',NULL),(29930,_binary '\0',NULL),(29931,_binary '\0',NULL),(29932,_binary '\0',NULL),(29933,_binary '\0',NULL),(29934,_binary '\0',NULL),(29935,_binary '\0',NULL),(29936,_binary '\0',NULL),(29937,_binary '\0',NULL),(29938,_binary '\0',NULL),(29939,_binary '\0',NULL),(29940,_binary '\0',NULL),(29941,_binary '\0',NULL),(29942,_binary '\0',NULL),(29943,_binary '\0',NULL),(29944,_binary '\0',NULL),(29945,_binary '\0',NULL),(29946,_binary '\0',NULL),(29947,_binary '\0',NULL),(29948,_binary '\0',NULL),(29949,_binary '\0',NULL),(29950,_binary '\0',NULL),(29951,_binary '\0',NULL),(29952,_binary '\0',NULL),(29953,_binary '\0',NULL),(29954,_binary '\0',NULL),(29955,_binary '\0',NULL),(29956,_binary '\0',NULL),(29957,_binary '\0',NULL),(29958,_binary '\0',NULL),(29959,_binary '\0',NULL),(29960,_binary '\0',NULL),(29961,_binary '\0',NULL),(29962,_binary '\0',NULL),(29963,_binary '\0',NULL),(29964,_binary '\0',NULL),(29965,_binary '\0',NULL),(29966,_binary '\0',NULL),(29967,_binary '\0',NULL),(29968,_binary '\0',NULL),(29969,_binary '\0',NULL),(29970,_binary '\0',NULL),(29971,_binary '\0',NULL),(29972,_binary '\0',NULL),(29973,_binary '\0',NULL),(29974,_binary '\0',NULL),(29975,_binary '\0',NULL),(29976,_binary '\0',NULL),(29977,_binary '\0',NULL),(29978,_binary '\0',NULL),(29979,_binary '\0',NULL),(29980,_binary '\0',NULL),(29981,_binary '\0',NULL),(29982,_binary '\0',NULL),(29983,_binary '\0',NULL),(29984,_binary '\0',NULL),(29985,_binary '\0',NULL),(29986,_binary '\0',NULL),(29987,_binary '\0',NULL),(29988,_binary '\0',NULL),(29989,_binary '\0',NULL),(29990,_binary '\0',NULL),(29991,_binary '\0',NULL),(29992,_binary '\0',NULL),(29993,_binary '\0',NULL),(29994,_binary '\0',NULL),(29995,_binary '\0',NULL),(29996,_binary '\0',NULL),(29997,_binary '\0',NULL),(29998,_binary '\0',NULL),(29999,_binary '\0',NULL),(30000,_binary '\0',NULL);
/*!40000 ALTER TABLE `port` ENABLE KEYS */;
UNLOCK TABLES;

--
-- Table structure for table `project`
--

DROP TABLE IF EXISTS `project`;
/*!40101 SET @saved_cs_client     = @@character_set_client */;
/*!50503 SET character_set_client = utf8mb4 */;
CREATE TABLE `project` (
  `project_id` int NOT NULL AUTO_INCREMENT,
  `created_dttm` datetime(6) DEFAULT NULL,
  `updated_dttm` datetime(6) DEFAULT NULL,
  `end_dttm` datetime(6) DEFAULT NULL,
  `project_db_port` int DEFAULT NULL,
  `project_img` varchar(255) DEFAULT NULL,
  `project_info` varchar(1000) DEFAULT NULL,
  `project_name` varchar(255) DEFAULT NULL,
  `project_repo` varchar(255) DEFAULT NULL,
  `subcategory_id` int DEFAULT NULL,
  PRIMARY KEY (`project_id`),
  KEY `FK5vnjp3vab1llydxy803xvcsim` (`subcategory_id`),
  CONSTRAINT `FK5vnjp3vab1llydxy803xvcsim` FOREIGN KEY (`subcategory_id`) REFERENCES `sub_category` (`sub_category_id`)
) ENGINE=InnoDB AUTO_INCREMENT=57 DEFAULT CHARSET=utf8mb4 COLLATE=utf8mb4_0900_ai_ci;
/*!40101 SET character_set_client = @saved_cs_client */;

--
-- Dumping data for table `project`
--

LOCK TABLES `project` WRITE;
/*!40000 ALTER TABLE `project` DISABLE KEYS */;
INSERT INTO `project` VALUES (1,'2024-05-09 11:53:44.892933','2024-05-19 17:25:43.431718','2024-05-19 17:25:43.430396',20000,'https://firebasestorage.googleapis.com/v0/b/last-pjt.appspot.com/o/7lans.png?alt=media&token=9b64ec00-1cf0-4b03-8f19-46b89809fae3','지역 아동센터에 봉사활동을 갔다가 들었던 말\n\n\"어차피 다시는 안 올거잖아요.\"\n\n봉사자들의 지속적이지 않은 활동으로 단절감을 느끼고 쉽게 마음을 열지 못하는 아이들을 위해, 지속적인 봉사를 하고싶은 봉사자들을 위해, 그 둘의 거리를 줄여주는 서비스 7lans입니다\n\n주요 사용자\n아동 센터의 초등학교 1~3학년 아동\n아동에게 다가가고 싶지만 물리적 거리로 인해 자주 방문하기 힘든 봉사자\n아동들이 다양하고 유대감이 있는 봉사자들을 만나게 해주고 싶은 아동 센터 담당자\n주요 기능\n놀이 및 교육 콘텐츠와 함께하는 화상 서비스 ?\n아동과 봉사자가 서로에게 쪽지를 쓰는 속닥속닥 ?\n지속적인 관계를 이어가고 유대감을 쌓을 수 있는 알 키우기와 공룡도감 ?\n봉사 시간과 활동 일지를 간편하게 온라인으로 조회 및 관리 가능 ?','7lans','https://github.com/JH201421228/aaa.git',503),(2,'2024-05-09 13:46:37.130005','2024-05-18 20:01:47.347616',NULL,20000,'https://firebasestorage.googleapis.com/v0/b/last-pjt.appspot.com/o/gol.png?alt=media&token=0d24a64a-c51e-4fd7-9a56-23e743f65687','test2','골라쥬','https://github.com/JH201421228/Algo_Study.git',502),(4,'2024-05-09 16:05:44.745102','2024-05-09 16:05:44.745102','2024-05-09 11:53:44.892933',20000,'/images/E103_Logo.png','\"시장알리미\" 프로젝트는 시장 데이터를 실시간으로 모니터링하고 사용자에게 알림을 제공하는 시스템입니다. 이 프로젝트는 주식, 암호화폐, 상품 등 다양한 시장의 데이터를 수집하고 분석하여, 사용자에게 중요한 변동 사항을 즉시 알릴 수 있습니다','시장알리미','https://github.com/JH201421228/last_test.git',502),(5,'2024-05-09 16:13:35.534885','2024-05-09 16:13:35.534885','2024-05-09 11:53:44.892933',20000,'https://firebasestorage.googleapis.com/v0/b/last-pjt.appspot.com/o/MANsMAN.png?alt=media&token=982f32da-2d26-4ff6-a20d-780944aa9532','남자를 위한 앱!<br>평상시에 꾸미고 다니고 싶으신가요?<br>멋있어 지고 싶으신가요?<br>저희 맨스맨은 다 해드립니다~~!','맨s맨','https://github.com/JH201421228/TIL.git',502),(6,'2024-05-09 17:08:54.641140','2024-05-09 17:08:54.641140','2024-05-09 15:51:08.556359',20000,'https://firebasestorage.googleapis.com/v0/b/last-pjt.appspot.com/o/personalColor.jpg?alt=media&token=8e730167-28d0-48e9-9018-b081feb4b2a6','\"퍼스널컬러 진단 AI\" 프로젝트는 인공지능을 활용하여 사용자의 퍼스널 컬러를 진단해주는 시스템입니다. 퍼스널 컬러는 개인의 피부톤, 머리색, 눈동자 색 등에 따라 가장 잘 어울리는 색상을 결정하는 방법으로, 패션, 뷰티, 마케팅 등 다양한 분야에서 활용됩니다. 이 프로젝트는 사용자의 사진을 분석하여 퍼스널 컬러를 진단하고, 개인 맞춤형 색상 추천을 제공하는 것을 목표로 합니다','퍼컬프','https://github.com/JH201421228/aaa.git',502),(7,'2024-05-09 17:18:28.700009','2024-05-17 15:49:20.448516',NULL,20000,'/images/E103_Logo.png','tt','DongHang','https://github.com/ymkim0216/gamme.git',502),(8,'2024-05-09 17:39:18.650579','2024-05-09 17:39:18.650579','2024-05-09 11:53:44.892933',20000,'/images/E103_Logo.png','함께 여서 즐거운 우리<br>합동 프로젝트로 여러분을 초대합니다.<br>저희 합동은 협업심을 기르기 위한 서비스로서<br>다양한 사람들과의 커뮤니케이션을 만들어 줍니다.','합동','https://github.com/JH201421228/Algo_Study.git',502),(16,'2024-05-14 14:35:48.401828','2024-05-14 14:35:48.401828',NULL,20005,'/images/pjt_real.png','chat test','test','https://github.com/JeonEunHui/personal_color_1.git',502),(17,'2024-05-14 15:56:07.333284','2024-05-14 15:56:07.333284',NULL,20005,'/images/pjt_real.png','간단한 설명 글입니다.','XASDW','https://github.com/YoungEun-Choi930/ddd-start2.git',502),(23,'2024-05-16 15:03:41.932491','2024-05-16 15:03:41.932491',NULL,20009,'https://firebasestorage.googleapis.com/v0/b/last-pjt.appspot.com/o/umzipLogo.png?alt=media&token=000c866b-9a42-41fd-9c77-413326691a7c','1234','움집','https://github.com/ymkim0216/gamme.git',502),(39,'2024-05-17 23:59:48.816284','2024-05-17 23:59:48.816284',NULL,20010,'https://firebasestorage.googleapis.com/v0/b/last-pjt.appspot.com/o/ChatGPT-Logo.png?alt=media&token=a0a44237-d1b0-4fcd-a19e-5e5d03b532cc','안녕하세요 OpenAI 입니다. ChatGPT 도 시나브로에서 만들었습니다.<br>시나브로 짱입니다. 최고 최고 극찬의 극찬','ChatGPT','https://github.com/JongKookE/GGAME.git',502),(40,'2024-05-18 00:09:19.212463','2024-05-18 00:09:19.212463',NULL,20010,'https://firebasestorage.googleapis.com/v0/b/last-pjt.appspot.com/o/GGAME-Logo.png?alt=media&token=002b9f52-17b0-47a1-bc61-e629ed81e064','정확한 게임 추천 알고리즘!<br>당신의 취향 저격!<br>한눈에 들어오는 UI<br>최신 게임 구비 완료!<br>사용자의 리뷰 완벽 분석!','GGA:ME','https://github.com/JongKookE/GGAME.git',502),(41,'2024-05-18 14:42:23.982451','2024-05-18 14:42:23.982451',NULL,20010,'https://firebasestorage.googleapis.com/v0/b/last-pjt.appspot.com/o/%EA%B5%90%EC%9C%A1_%EC%95%84%EC%9D%B4%EC%BD%98_%ED%98%B8%EC%A3%BC_%EC%98%A4%ED%8E%98%EB%9D%BC%ED%95%98%EC%9A%B0%EC%8A%A4_001.jpg?alt=media&token=7236a584-f350-40bf-b62d-cd9b041f20fe','간편하게 뉴스를 요약하여 읽어주는 어플 프로젝트','미뉴에트','https://github.com/silverhappy98/test_sinabro.git',502),(44,'2024-05-18 14:50:48.534384','2024-05-18 14:50:48.534384',NULL,20010,'https://firebasestorage.googleapis.com/v0/b/last-pjt.appspot.com/o/1716130491477.webp?alt=media&token=658cc4ab-e31b-4943-9de6-b4b7e60ee130','? StudyProjec ?<br>StudyProject는 학생들과 전문가들이 함께 학습하고 성장할 수 있는 온라인 플랫폼입니다.<br>주요 기능<br>1. 학습 자료 공유 ? - 강의 노트, 프레젠테이션, 논문 등 다양한 학습 자료를 업로드하고 공유할 수 있습니다.<br>2. 프로젝트 협업 ? - 공동 프로젝트를 생성하고 팀원들과 협력하여 진행 상황을 관리할 수 있습니다.<br>3. 토론 게시판 ? - 학습 주제에 대해 자유롭게 토론하고 의견을 나눌 수 있는 게시판을 제공합니다.<br>4. 온라인 강의 ? - 다양한 주제의 온라인 강의를 시청하고, 실시간으로 질문을 할 수 있습니다.<br>회원 혜택<br>- 무료 회원 ?<br>- 프리미엄 회원 ?','StudyProject','https://github.com/Seungjun-Song/sinabro.git',502),(45,'2024-05-18 14:53:06.085910','2024-05-18 14:53:06.085910',NULL,20010,'https://firebasestorage.googleapis.com/v0/b/last-pjt.appspot.com/o/kakaoTalk-Logo.png?alt=media&token=0344d4e1-7fc4-4481-bb89-cdab651aa02e','카카오톡은 대한민국에서 가장 인기 있는 모바일 메신저 앱입니다. 2010년에 출시된 이후, 사용자 간의 실시간 메시지 전송, 사진 및 동영상 공유, 음성 및 영상 통화 등 다양한 기능을 제공하며 빠르게 성장했습니다.<br><br>카카오톡은 단순한 메신저 기능 외에도 친구 찾기, 채팅방 초대, 카카오프렌즈 이모티콘 등 사용자 경험을 높이는 다양한 부가 기능을 지원합니다. 또한, 카카오톡 플랫폼은 게임, 쇼핑, 금융 서비스 등과 연동되어 다채로운 디지털 라이프스타일을 제공합니다.<br><br>카카오톡은 현재 전 세계 수백만 명의 사용자들에게 사랑받고 있으며, 지속적으로 새로운 기능을 추가하며 발전하고 있습니다.','깨깨오톡','https://github.com/JongKookE/GGAME.git',502),(48,'2024-05-18 16:41:52.351418','2024-05-18 16:41:52.351418',NULL,20010,'/images/E103_Logo.png','asdfasdf','안녕하세요','https://github.com/cho1jaeseong/newwe.git',502),(49,'2024-05-18 16:52:16.342889','2024-05-18 16:52:16.342889',NULL,20010,'https://firebasestorage.googleapis.com/v0/b/last-pjt.appspot.com/o/sinabro_logo.png?alt=media&token=f93cdef7-c469-46e1-9a34-300195983079','프로젝트를 조금 더 쉽게 시작할 수 있게 해주는 프로젝트','시나브로','https://github.com/silverhappy98/sinabro.git',502),(51,'2024-05-19 01:18:21.031315','2024-05-19 01:18:43.760104','2024-05-19 01:18:43.758121',20010,'https://firebasestorage.googleapis.com/v0/b/last-pjt.appspot.com/o/Youtube-Logo.png?alt=media&token=ec08619d-3bbb-4865-a905-e49ee5382939','인터넷을 통해 영상을 시청하고 업로드할 수 있는 서비스입니다. 사용자들은 다양한 주제의 동영상을 검색하고 시청할 수 있으며, 자신의 콘텐츠를 업로드하여 공유할 수도 있습니다. 유튜브는 사용자들에게 광고 수익을 제공하고, 구독자들과의 상호작용을 통해 커뮤니티를 형성하고 있습니다. 또한 유튜브는 다양한 기기에서 접근 가능하며, 모바일 앱 및 웹 브라우저를 통해 언제 어디서나 동영상을 시청할 수 있습니다.','유튜브','https://github.com/JongKookE/GGAME.git',503),(52,'2024-05-19 15:25:26.366684','2024-05-19 15:25:26.366684',NULL,20010,'https://firebasestorage.googleapis.com/v0/b/last-pjt.appspot.com/o/HomeCafe.webp?alt=media&token=5800a336-8e87-418a-b94f-7e77303c9e08','집에서도 간단하게 카페를 즐기고 싶다면?<br>집에서 손님과 함께 분위기를 내고 싶다면?<br>홈 카페 프로젝트를 함께 만들어 봐요!','HomeCafe','https://github.com/Seungjun-Song/sinabro.git',502),(53,'2024-05-19 15:38:09.994078','2024-05-19 15:38:09.994078',NULL,20010,'https://firebasestorage.googleapis.com/v0/b/last-pjt.appspot.com/o/Never.webp?alt=media&token=9d7acc76-d7d5-473e-85b2-f8f613f62de4','안녕하세요 프로젝트 Never입니다.<br>저희 프로젝트 Never는 ‘절대’ 혼자서는 모든 것을 할 수 없다는 의미인데요!<br>그렇기에 다양한 사람들과 함께 하는 서비스를 제공해주는 웹 프로젝트입니다.','Never','https://github.com/Seungjun-Song/sinabro.git',502);
/*!40000 ALTER TABLE `project` ENABLE KEYS */;
UNLOCK TABLES;

--
-- Table structure for table `sub_category`
--

DROP TABLE IF EXISTS `sub_category`;
/*!40101 SET @saved_cs_client     = @@character_set_client */;
/*!50503 SET character_set_client = utf8mb4 */;
CREATE TABLE `sub_category` (
  `sub_category_id` int NOT NULL AUTO_INCREMENT,
  `sub_category_name` varchar(50) DEFAULT NULL,
  `category_id` int DEFAULT NULL,
  PRIMARY KEY (`sub_category_id`),
  KEY `FKl65dyy5me2ypoyj8ou1hnt64e` (`category_id`),
  CONSTRAINT `FKl65dyy5me2ypoyj8ou1hnt64e` FOREIGN KEY (`category_id`) REFERENCES `category` (`category_id`)
) ENGINE=InnoDB AUTO_INCREMENT=504 DEFAULT CHARSET=utf8mb4 COLLATE=utf8mb4_0900_ai_ci;
/*!40101 SET character_set_client = @saved_cs_client */;

--
-- Dumping data for table `sub_category`
--

LOCK TABLES `sub_category` WRITE;
/*!40000 ALTER TABLE `sub_category` DISABLE KEYS */;
INSERT INTO `sub_category` VALUES (101,'React',100),(102,'Vue',100),(103,'HTML',100),(104,'CSS',100),(105,'JavaScript',100),(106,'Java',100),(107,'Python',100),(201,'Spring',200),(202,'Django',200),(203,'JavaScript',200),(204,'Java',200),(205,'Python',200),(401,'팀원 구해요',400),(402,'팀 원해요',400),(403,'피드백 원해요',400),(501,'해야 할 일',500),(502,'진행 중',500),(503,'완료',500);
/*!40000 ALTER TABLE `sub_category` ENABLE KEYS */;
UNLOCK TABLES;

--
-- Table structure for table `teammate`
--

DROP TABLE IF EXISTS `teammate`;
/*!40101 SET @saved_cs_client     = @@character_set_client */;
/*!50503 SET character_set_client = utf8mb4 */;
CREATE TABLE `teammate` (
  `teammate_id` int NOT NULL AUTO_INCREMENT,
  `created_dttm` datetime(6) DEFAULT NULL,
  `updated_dttm` datetime(6) DEFAULT NULL,
  `teammate_reader` bit(1) DEFAULT NULL,
  `member_id` int DEFAULT NULL,
  `project_id` int DEFAULT NULL,
  `teammate_role` varchar(255) DEFAULT NULL,
  PRIMARY KEY (`teammate_id`),
  KEY `FKnjrn3hujpdfiip8xkiha6o45i` (`member_id`),
  KEY `FK7ifabhu4jvylxactd4y2caq9y` (`project_id`),
  CONSTRAINT `FK7ifabhu4jvylxactd4y2caq9y` FOREIGN KEY (`project_id`) REFERENCES `project` (`project_id`) ON DELETE CASCADE,
  CONSTRAINT `FKnjrn3hujpdfiip8xkiha6o45i` FOREIGN KEY (`member_id`) REFERENCES `member` (`member_id`)
) ENGINE=InnoDB AUTO_INCREMENT=136 DEFAULT CHARSET=utf8mb4 COLLATE=utf8mb4_0900_ai_ci;
/*!40101 SET character_set_client = @saved_cs_client */;

--
-- Dumping data for table `teammate`
--

LOCK TABLES `teammate` WRITE;
/*!40000 ALTER TABLE `teammate` DISABLE KEYS */;
INSERT INTO `teammate` VALUES (1,'2024-05-09 11:53:44.902282','2024-05-09 11:53:44.902282',_binary '',139435006,1,NULL),(2,'2024-05-09 13:46:37.138010','2024-05-09 13:46:37.138010',_binary '',139435006,2,NULL),(4,'2024-05-09 16:05:44.791640','2024-05-09 16:05:44.791640',_binary '',139435006,4,'프론트엔드'),(7,'2024-05-09 16:13:35.537746','2024-05-09 16:13:35.537746',_binary '',139435006,5,'프론트엔드'),(9,'2024-05-09 17:08:54.650182','2024-05-09 17:08:54.650182',_binary '',139435006,6,'프론트엔드'),(10,'2024-05-09 17:18:28.702867','2024-05-09 17:18:28.702867',_binary '',139435006,7,'프론트엔드'),(12,'2024-05-09 17:39:18.653569','2024-05-09 17:39:18.653569',_binary '',139435006,8,'프론트엔드'),(24,'2024-05-12 16:18:41.023059','2024-05-12 16:18:41.023059',_binary '\0',80227755,5,NULL),(25,'2024-05-12 16:19:31.233066','2024-05-12 16:19:31.233066',_binary '\0',102347857,5,NULL),(26,'2024-05-13 09:39:10.209059','2024-05-13 09:39:10.209059',_binary '\0',94429120,5,'백엔드'),(28,'2024-05-13 10:26:04.795846','2024-05-13 10:26:04.795846',_binary '\0',102347857,7,'백엔드'),(29,'2024-05-13 10:56:23.701303','2024-05-13 10:56:23.701303',_binary '\0',139435073,7,'프론트엔드'),(30,'2024-05-14 11:49:36.790887','2024-05-14 11:49:36.790887',_binary '\0',64572911,5,'프론트엔드'),(32,'2024-05-14 14:35:48.405148','2024-05-14 14:35:48.405148',_binary '',64572911,16,'프론트엔드'),(33,'2024-05-14 15:56:07.345267','2024-05-14 15:56:07.345267',_binary '',69569809,17,'풀스택'),(40,'2024-05-16 15:03:41.934908','2024-05-16 15:03:41.934908',_binary '',102347857,23,'풀스택'),(41,'2024-05-16 15:03:41.940498','2024-05-16 15:03:41.940498',_binary '\0',64572911,23,'프론트엔드'),(45,'2024-05-17 08:59:30.752200','2024-05-17 08:59:30.752200',_binary '\0',80227755,7,'백엔드'),(46,'2024-05-17 08:59:42.102759','2024-05-17 08:59:42.102759',_binary '\0',94429120,7,'백엔드'),(74,'2024-05-17 23:59:48.818352','2024-05-17 23:59:48.818352',_binary '',94429120,39,'프론트엔드'),(75,'2024-05-18 00:09:19.214826','2024-05-18 00:09:19.214826',_binary '',94429120,40,'프론트엔드'),(77,'2024-05-18 00:55:44.487503','2024-05-18 00:55:44.487503',_binary '\0',169921648,4,'프론트엔드'),(78,'2024-05-18 00:57:01.505302','2024-05-18 00:57:01.505302',_binary '\0',169921648,7,'프론트엔드'),(83,'2024-05-18 14:40:08.089480','2024-05-18 14:40:08.089480',_binary '\0',64572911,7,'프론트엔드'),(84,'2024-05-18 14:42:23.984265','2024-05-18 14:42:23.984265',_binary '',169755747,41,'프론트엔드'),(88,'2024-05-18 14:50:48.536465','2024-05-18 14:50:48.536465',_binary '',80227755,44,'풀스택'),(91,'2024-05-18 14:51:06.090541','2024-05-18 14:51:06.090541',_binary '\0',102347857,44,'백엔드'),(100,'2024-05-18 14:52:39.362756','2024-05-18 14:52:39.362756',_binary '\0',94429120,44,'프론트엔드'),(101,'2024-05-18 14:53:06.088247','2024-05-18 14:53:06.088247',_binary '',94429120,45,'프론트엔드'),(109,'2024-05-18 16:05:03.996532','2024-05-18 16:05:03.996532',_binary '\0',80227755,45,'프론트엔드'),(111,'2024-05-18 16:41:52.357938','2024-05-18 16:41:52.357938',_binary '',139435073,48,'프론트엔드'),(112,'2024-05-18 16:41:52.366816','2024-05-18 16:41:52.366816',_binary '\0',64572911,48,'프론트엔드'),(113,'2024-05-18 16:41:52.371267','2024-05-18 16:41:52.371267',_binary '\0',94429120,48,'프론트엔드'),(114,'2024-05-18 16:52:16.345085','2024-05-18 16:52:16.345085',_binary '',169755747,49,'프론트엔드'),(115,'2024-05-18 16:52:16.349305','2024-05-18 16:52:16.349305',_binary '\0',64572911,49,'프론트엔드'),(116,'2024-05-18 17:30:22.352417','2024-05-18 17:30:22.352417',_binary '\0',139435006,1,'백엔드'),(120,'2024-05-18 17:35:12.559661','2024-05-18 17:35:12.559661',_binary '\0',64572911,1,'프론트엔드'),(123,'2024-05-19 01:18:21.065038','2024-05-19 01:18:21.065038',_binary '',94429120,51,'프론트엔드'),(126,'2024-05-19 15:25:26.368913','2024-05-19 15:25:26.368913',_binary '',80227755,52,'백엔드'),(127,'2024-05-19 15:25:26.371940','2024-05-19 15:25:26.371940',_binary '\0',64572911,52,'프론트엔드'),(128,'2024-05-19 15:25:54.313266','2024-05-19 15:25:54.313266',_binary '\0',139435073,52,'프론트엔드'),(129,'2024-05-19 15:38:09.997338','2024-05-19 15:38:09.997338',_binary '',80227755,53,'풀스택'),(130,'2024-05-19 15:38:25.499736','2024-05-19 15:38:25.499736',_binary '\0',102347857,53,'프론트엔드');
/*!40000 ALTER TABLE `teammate` ENABLE KEYS */;
UNLOCK TABLES;

--
-- Table structure for table `tech_stack`
--

DROP TABLE IF EXISTS `tech_stack`;
/*!40101 SET @saved_cs_client     = @@character_set_client */;
/*!50503 SET character_set_client = utf8mb4 */;
CREATE TABLE `tech_stack` (
  `tech_stack_id` int NOT NULL AUTO_INCREMENT,
  `sub_category_name` varchar(50) DEFAULT NULL,
  `member_id` int DEFAULT NULL,
  `subcategory_id` int DEFAULT NULL,
  PRIMARY KEY (`tech_stack_id`),
  KEY `FKc0ge25uasa2ncwn98flddg9fh` (`subcategory_id`),
  KEY `FK1l1ob5f4qwn919w896bwitjl5` (`member_id`),
  CONSTRAINT `FK1l1ob5f4qwn919w896bwitjl5` FOREIGN KEY (`member_id`) REFERENCES `member` (`member_id`) ON DELETE CASCADE,
  CONSTRAINT `FKc0ge25uasa2ncwn98flddg9fh` FOREIGN KEY (`subcategory_id`) REFERENCES `sub_category` (`sub_category_id`)
) ENGINE=InnoDB AUTO_INCREMENT=63 DEFAULT CHARSET=utf8mb4 COLLATE=utf8mb4_0900_ai_ci;
/*!40101 SET character_set_client = @saved_cs_client */;

--
-- Dumping data for table `tech_stack`
--

LOCK TABLES `tech_stack` WRITE;
/*!40000 ALTER TABLE `tech_stack` DISABLE KEYS */;
INSERT INTO `tech_stack` VALUES (1,'React',139435006,101),(4,'React',139435073,101),(5,'Java',102347857,106),(6,'JavaScript',102347857,105),(7,'React',102347857,101),(8,'React',64572911,101),(27,'Spring',80227755,201),(30,'Vue',64572911,102),(32,'Java',94429120,106),(35,'Vue',139435073,102),(37,'HTML',139435073,103),(40,'Java',69569809,106),(49,'JavaScript',169755747,105),(50,'React',169755747,101),(51,'Java',88571960,106),(53,'JavaScript',139435006,105),(54,'Spring',69569809,201),(55,'Spring',139435006,201),(56,'React',169921648,101),(57,'React',94429120,101),(58,'Django',94429120,202),(59,'React',80227755,101);
/*!40000 ALTER TABLE `tech_stack` ENABLE KEYS */;
UNLOCK TABLES;
/*!40103 SET TIME_ZONE=@OLD_TIME_ZONE */;

/*!40101 SET SQL_MODE=@OLD_SQL_MODE */;
/*!40014 SET FOREIGN_KEY_CHECKS=@OLD_FOREIGN_KEY_CHECKS */;
/*!40014 SET UNIQUE_CHECKS=@OLD_UNIQUE_CHECKS */;
/*!40101 SET CHARACTER_SET_CLIENT=@OLD_CHARACTER_SET_CLIENT */;
/*!40101 SET CHARACTER_SET_RESULTS=@OLD_CHARACTER_SET_RESULTS */;
/*!40101 SET COLLATION_CONNECTION=@OLD_COLLATION_CONNECTION */;
/*!40111 SET SQL_NOTES=@OLD_SQL_NOTES */;

-- Dump completed on 2024-05-20  9:07:06
